Command line invocation:
    /Applications/Xcode_26.6.app/Contents/Developer/usr/bin/xcodebuild build -project Tagesplaner.xcodeproj -scheme Tagesplaner -configuration Release -destination generic/platform=iOS CODE_SIGNING_ALLOWED=NO

Build settings from command line:
    CODE_SIGNING_ALLOWED = NO

Resolve Package Graph


Resolved source packages:
  PlannerCore: /Users/runner/work/Tagesplaner/Tagesplaner/Packages/PlannerCore

ComputePackagePrebuildTargetDependencyGraph

Prepare packages

CreateBuildRequest

SendProjectDescription

CreateBuildOperation

ComputeTargetDependencyGraph
note: Building targets in dependency order
note: Target dependency graph (4 targets)
    Target 'Tagesplaner' in project 'Tagesplaner'
        ➜ Explicit dependency on target 'TagesplanerWidgets' in project 'Tagesplaner'
        ➜ Explicit dependency on target 'PlannerCore' in project 'PlannerCore'
    Target 'PlannerCore' in project 'PlannerCore'
        ➜ Explicit dependency on target 'PlannerCore' in project 'PlannerCore'
    Target 'PlannerCore' in project 'PlannerCore' (no dependencies)
    Target 'TagesplanerWidgets' in project 'Tagesplaner' (no dependencies)

GatherProvisioningInputs

CreateBuildDescription

ExecuteExternalTool /Applications/Xcode_26.6.app/Contents/Developer/Toolchains/XcodeDefault.xctoolchain/usr/bin/swiftc --version

ExecuteExternalTool /Applications/Xcode_26.6.app/Contents/Developer/usr/bin/actool --print-asset-tag-combinations --output-format xml1 /Users/runner/work/Tagesplaner/Tagesplaner/App/Assets.xcassets

ExecuteExternalTool /Applications/Xcode_26.6.app/Contents/Developer/Toolchains/XcodeDefault.xctoolchain/usr/bin/clang -v -E -dM -isysroot /Applications/Xcode_26.6.app/Contents/Developer/Platforms/iPhoneOS.platform/Developer/SDKs/iPhoneOS26.5.sdk -x c -c /dev/null

ExecuteExternalTool /Applications/Xcode_26.6.app/Contents/Developer/Toolchains/XcodeDefault.xctoolchain/usr/bin/ld -version_details

ExecuteExternalTool /Applications/Xcode_26.6.app/Contents/Developer/usr/bin/actool --version --output-format xml1

Build description signature: 34be8c34a9c925f54568833bd0f40baa
Build description path: /Users/runner/Library/Developer/Xcode/DerivedData/Tagesplaner-dkpwbnnmvnqrwwcyvjakukgkxuzu/Build/Intermediates.noindex/XCBuildData/34be8c34a9c925f54568833bd0f40baa.xcbuilddata
CreateBuildDirectory /Users/runner/Library/Developer/Xcode/DerivedData/Tagesplaner-dkpwbnnmvnqrwwcyvjakukgkxuzu/Build/Products
    cd /Users/runner/work/Tagesplaner/Tagesplaner/Tagesplaner.xcodeproj
    builtin-create-build-directory /Users/runner/Library/Developer/Xcode/DerivedData/Tagesplaner-dkpwbnnmvnqrwwcyvjakukgkxuzu/Build/Products

CreateBuildDirectory /Users/runner/Library/Developer/Xcode/DerivedData/Tagesplaner-dkpwbnnmvnqrwwcyvjakukgkxuzu/Build/Intermediates.noindex
    cd /Users/runner/work/Tagesplaner/Tagesplaner/Tagesplaner.xcodeproj
    builtin-create-build-directory /Users/runner/Library/Developer/Xcode/DerivedData/Tagesplaner-dkpwbnnmvnqrwwcyvjakukgkxuzu/Build/Intermediates.noindex

ClangStatCache /Applications/Xcode_26.6.app/Contents/Developer/Toolchains/XcodeDefault.xctoolchain/usr/bin/clang-stat-cache /Applications/Xcode_26.6.app/Contents/Developer/Platforms/iPhoneOS.platform/Developer/SDKs/iPhoneOS26.5.sdk /Users/runner/Library/Developer/Xcode/DerivedData/SDKStatCaches.noindex/iphoneos26.5-23F81a-688ef53f1462e2c8f657fdc38a81448fee66e23052a0157c865c76b268046726.sdkstatcache
    cd /Users/runner/work/Tagesplaner/Tagesplaner/Tagesplaner.xcodeproj
    /Applications/Xcode_26.6.app/Contents/Developer/Toolchains/XcodeDefault.xctoolchain/usr/bin/clang-stat-cache /Applications/Xcode_26.6.app/Contents/Developer/Platforms/iPhoneOS.platform/Developer/SDKs/iPhoneOS26.5.sdk -o /Users/runner/Library/Developer/Xcode/DerivedData/SDKStatCaches.noindex/iphoneos26.5-23F81a-688ef53f1462e2c8f657fdc38a81448fee66e23052a0157c865c76b268046726.sdkstatcache

CreateBuildDirectory /Users/runner/Library/Developer/Xcode/DerivedData/Tagesplaner-dkpwbnnmvnqrwwcyvjakukgkxuzu/Build/Products/Release-iphoneos
    cd /Users/runner/work/Tagesplaner/Tagesplaner/Tagesplaner.xcodeproj
    builtin-create-build-directory /Users/runner/Library/Developer/Xcode/DerivedData/Tagesplaner-dkpwbnnmvnqrwwcyvjakukgkxuzu/Build/Products/Release-iphoneos

WriteAuxiliaryFile /Users/runner/Library/Developer/Xcode/DerivedData/Tagesplaner-dkpwbnnmvnqrwwcyvjakukgkxuzu/Build/Intermediates.noindex/Tagesplaner.build/Release-iphoneos/Tagesplaner-06596a4c0479a151a4276fb9806ef9b8-VFS-iphoneos/all-product-headers.yaml
    cd /Users/runner/work/Tagesplaner/Tagesplaner/Tagesplaner.xcodeproj
    write-file /Users/runner/Library/Developer/Xcode/DerivedData/Tagesplaner-dkpwbnnmvnqrwwcyvjakukgkxuzu/Build/Intermediates.noindex/Tagesplaner.build/Release-iphoneos/Tagesplaner-06596a4c0479a151a4276fb9806ef9b8-VFS-iphoneos/all-product-headers.yaml

CreateBuildDirectory /Users/runner/Library/Developer/Xcode/DerivedData/Tagesplaner-dkpwbnnmvnqrwwcyvjakukgkxuzu/Build/Intermediates.noindex/SwiftExplicitPrecompiledModules
    cd /Users/runner/work/Tagesplaner/Tagesplaner/Tagesplaner.xcodeproj
    builtin-create-build-directory /Users/runner/Library/Developer/Xcode/DerivedData/Tagesplaner-dkpwbnnmvnqrwwcyvjakukgkxuzu/Build/Intermediates.noindex/SwiftExplicitPrecompiledModules

CreateBuildDirectory /Users/runner/Library/Developer/Xcode/DerivedData/Tagesplaner-dkpwbnnmvnqrwwcyvjakukgkxuzu/Build/Products/Release-iphoneos/PackageFrameworks
    cd /Users/runner/work/Tagesplaner/Tagesplaner/Tagesplaner.xcodeproj
    builtin-create-build-directory /Users/runner/Library/Developer/Xcode/DerivedData/Tagesplaner-dkpwbnnmvnqrwwcyvjakukgkxuzu/Build/Products/Release-iphoneos/PackageFrameworks

CreateBuildDirectory /Users/runner/Library/Developer/Xcode/DerivedData/Tagesplaner-dkpwbnnmvnqrwwcyvjakukgkxuzu/Build/Intermediates.noindex/ExplicitPrecompiledModules
    cd /Users/runner/work/Tagesplaner/Tagesplaner/Tagesplaner.xcodeproj
    builtin-create-build-directory /Users/runner/Library/Developer/Xcode/DerivedData/Tagesplaner-dkpwbnnmvnqrwwcyvjakukgkxuzu/Build/Intermediates.noindex/ExplicitPrecompiledModules

CreateBuildDirectory /Users/runner/Library/Developer/Xcode/DerivedData/Tagesplaner-dkpwbnnmvnqrwwcyvjakukgkxuzu/Build/Intermediates.noindex/EagerLinkingTBDs/Release-iphoneos
    cd /Users/runner/work/Tagesplaner/Tagesplaner/Tagesplaner.xcodeproj
    builtin-create-build-directory /Users/runner/Library/Developer/Xcode/DerivedData/Tagesplaner-dkpwbnnmvnqrwwcyvjakukgkxuzu/Build/Intermediates.noindex/EagerLinkingTBDs/Release-iphoneos

WriteAuxiliaryFile /Users/runner/Library/Developer/Xcode/DerivedData/Tagesplaner-dkpwbnnmvnqrwwcyvjakukgkxuzu/Build/Intermediates.noindex/Tagesplaner.build/Release-iphoneos/TagesplanerWidgets.build/TagesplanerWidgets.hmap (in target 'TagesplanerWidgets' from project 'Tagesplaner')
    cd /Users/runner/work/Tagesplaner/Tagesplaner
    write-file /Users/runner/Library/Developer/Xcode/DerivedData/Tagesplaner-dkpwbnnmvnqrwwcyvjakukgkxuzu/Build/Intermediates.noindex/Tagesplaner.build/Release-iphoneos/TagesplanerWidgets.build/TagesplanerWidgets.hmap

WriteAuxiliaryFile /Users/runner/Library/Developer/Xcode/DerivedData/Tagesplaner-dkpwbnnmvnqrwwcyvjakukgkxuzu/Build/Intermediates.noindex/Tagesplaner.build/Release-iphoneos/TagesplanerWidgets.build/TagesplanerWidgets.DependencyStaticMetadataFileList (in target 'TagesplanerWidgets' from project 'Tagesplaner')
    cd /Users/runner/work/Tagesplaner/Tagesplaner
    write-file /Users/runner/Library/Developer/Xcode/DerivedData/Tagesplaner-dkpwbnnmvnqrwwcyvjakukgkxuzu/Build/Intermediates.noindex/Tagesplaner.build/Release-iphoneos/TagesplanerWidgets.build/TagesplanerWidgets.DependencyStaticMetadataFileList

WriteAuxiliaryFile /Users/runner/Library/Developer/Xcode/DerivedData/Tagesplaner-dkpwbnnmvnqrwwcyvjakukgkxuzu/Build/Intermediates.noindex/Tagesplaner.build/Release-iphoneos/TagesplanerWidgets.build/TagesplanerWidgets.DependencyMetadataFileList (in target 'TagesplanerWidgets' from project 'Tagesplaner')
    cd /Users/runner/work/Tagesplaner/Tagesplaner
    write-file /Users/runner/Library/Developer/Xcode/DerivedData/Tagesplaner-dkpwbnnmvnqrwwcyvjakukgkxuzu/Build/Intermediates.noindex/Tagesplaner.build/Release-iphoneos/TagesplanerWidgets.build/TagesplanerWidgets.DependencyMetadataFileList

WriteAuxiliaryFile /Users/runner/Library/Developer/Xcode/DerivedData/Tagesplaner-dkpwbnnmvnqrwwcyvjakukgkxuzu/Build/Intermediates.noindex/Tagesplaner.build/Release-iphoneos/TagesplanerWidgets.build/TagesplanerWidgets-project-headers.hmap (in target 'TagesplanerWidgets' from project 'Tagesplaner')
    cd /Users/runner/work/Tagesplaner/Tagesplaner
    write-file /Users/runner/Library/Developer/Xcode/DerivedData/Tagesplaner-dkpwbnnmvnqrwwcyvjakukgkxuzu/Build/Intermediates.noindex/Tagesplaner.build/Release-iphoneos/TagesplanerWidgets.build/TagesplanerWidgets-project-headers.hmap

WriteAuxiliaryFile /Users/runner/Library/Developer/Xcode/DerivedData/Tagesplaner-dkpwbnnmvnqrwwcyvjakukgkxuzu/Build/Intermediates.noindex/Tagesplaner.build/Release-iphoneos/TagesplanerWidgets.build/TagesplanerWidgets-own-target-headers.hmap (in target 'TagesplanerWidgets' from project 'Tagesplaner')
    cd /Users/runner/work/Tagesplaner/Tagesplaner
    write-file /Users/runner/Library/Developer/Xcode/DerivedData/Tagesplaner-dkpwbnnmvnqrwwcyvjakukgkxuzu/Build/Intermediates.noindex/Tagesplaner.build/Release-iphoneos/TagesplanerWidgets.build/TagesplanerWidgets-own-target-headers.hmap

WriteAuxiliaryFile /Users/runner/Library/Developer/Xcode/DerivedData/Tagesplaner-dkpwbnnmvnqrwwcyvjakukgkxuzu/Build/Intermediates.noindex/Tagesplaner.build/Release-iphoneos/TagesplanerWidgets.build/TagesplanerWidgets-generated-files.hmap (in target 'TagesplanerWidgets' from project 'Tagesplaner')
    cd /Users/runner/work/Tagesplaner/Tagesplaner
    write-file /Users/runner/Library/Developer/Xcode/DerivedData/Tagesplaner-dkpwbnnmvnqrwwcyvjakukgkxuzu/Build/Intermediates.noindex/Tagesplaner.build/Release-iphoneos/TagesplanerWidgets.build/TagesplanerWidgets-generated-files.hmap

WriteAuxiliaryFile /Users/runner/Library/Developer/Xcode/DerivedData/Tagesplaner-dkpwbnnmvnqrwwcyvjakukgkxuzu/Build/Intermediates.noindex/Tagesplaner.build/Release-iphoneos/TagesplanerWidgets.build/TagesplanerWidgets-all-target-headers.hmap (in target 'TagesplanerWidgets' from project 'Tagesplaner')
    cd /Users/runner/work/Tagesplaner/Tagesplaner
    write-file /Users/runner/Library/Developer/Xcode/DerivedData/Tagesplaner-dkpwbnnmvnqrwwcyvjakukgkxuzu/Build/Intermediates.noindex/Tagesplaner.build/Release-iphoneos/TagesplanerWidgets.build/TagesplanerWidgets-all-target-headers.hmap

WriteAuxiliaryFile /Users/runner/Library/Developer/Xcode/DerivedData/Tagesplaner-dkpwbnnmvnqrwwcyvjakukgkxuzu/Build/Intermediates.noindex/Tagesplaner.build/Release-iphoneos/TagesplanerWidgets.build/TagesplanerWidgets-all-non-framework-target-headers.hmap (in target 'TagesplanerWidgets' from project 'Tagesplaner')
    cd /Users/runner/work/Tagesplaner/Tagesplaner
    write-file /Users/runner/Library/Developer/Xcode/DerivedData/Tagesplaner-dkpwbnnmvnqrwwcyvjakukgkxuzu/Build/Intermediates.noindex/Tagesplaner.build/Release-iphoneos/TagesplanerWidgets.build/TagesplanerWidgets-all-non-framework-target-headers.hmap

WriteAuxiliaryFile /Users/runner/Library/Developer/Xcode/DerivedData/Tagesplaner-dkpwbnnmvnqrwwcyvjakukgkxuzu/Build/Intermediates.noindex/Tagesplaner.build/Release-iphoneos/TagesplanerWidgets.build/Objects-normal/arm64/TagesplanerWidgets_const_extract_protocols.json (in target 'TagesplanerWidgets' from project 'Tagesplaner')
    cd /Users/runner/work/Tagesplaner/Tagesplaner
    write-file /Users/runner/Library/Developer/Xcode/DerivedData/Tagesplaner-dkpwbnnmvnqrwwcyvjakukgkxuzu/Build/Intermediates.noindex/Tagesplaner.build/Release-iphoneos/TagesplanerWidgets.build/Objects-normal/arm64/TagesplanerWidgets_const_extract_protocols.json

WriteAuxiliaryFile /Users/runner/Library/Developer/Xcode/DerivedData/Tagesplaner-dkpwbnnmvnqrwwcyvjakukgkxuzu/Build/Intermediates.noindex/Tagesplaner.build/Release-iphoneos/TagesplanerWidgets.build/Objects-normal/arm64/TagesplanerWidgets.SwiftFileList (in target 'TagesplanerWidgets' from project 'Tagesplaner')
    cd /Users/runner/work/Tagesplaner/Tagesplaner
    write-file /Users/runner/Library/Developer/Xcode/DerivedData/Tagesplaner-dkpwbnnmvnqrwwcyvjakukgkxuzu/Build/Intermediates.noindex/Tagesplaner.build/Release-iphoneos/TagesplanerWidgets.build/Objects-normal/arm64/TagesplanerWidgets.SwiftFileList

WriteAuxiliaryFile /Users/runner/Library/Developer/Xcode/DerivedData/Tagesplaner-dkpwbnnmvnqrwwcyvjakukgkxuzu/Build/Intermediates.noindex/Tagesplaner.build/Release-iphoneos/TagesplanerWidgets.build/Objects-normal/arm64/TagesplanerWidgets.SwiftConstValuesFileList (in target 'TagesplanerWidgets' from project 'Tagesplaner')
    cd /Users/runner/work/Tagesplaner/Tagesplaner
    write-file /Users/runner/Library/Developer/Xcode/DerivedData/Tagesplaner-dkpwbnnmvnqrwwcyvjakukgkxuzu/Build/Intermediates.noindex/Tagesplaner.build/Release-iphoneos/TagesplanerWidgets.build/Objects-normal/arm64/TagesplanerWidgets.SwiftConstValuesFileList

WriteAuxiliaryFile /Users/runner/Library/Developer/Xcode/DerivedData/Tagesplaner-dkpwbnnmvnqrwwcyvjakukgkxuzu/Build/Intermediates.noindex/Tagesplaner.build/Release-iphoneos/TagesplanerWidgets.build/Objects-normal/arm64/TagesplanerWidgets.LinkFileList (in target 'TagesplanerWidgets' from project 'Tagesplaner')
    cd /Users/runner/work/Tagesplaner/Tagesplaner
    write-file /Users/runner/Library/Developer/Xcode/DerivedData/Tagesplaner-dkpwbnnmvnqrwwcyvjakukgkxuzu/Build/Intermediates.noindex/Tagesplaner.build/Release-iphoneos/TagesplanerWidgets.build/Objects-normal/arm64/TagesplanerWidgets.LinkFileList

WriteAuxiliaryFile /Users/runner/Library/Developer/Xcode/DerivedData/Tagesplaner-dkpwbnnmvnqrwwcyvjakukgkxuzu/Build/Intermediates.noindex/Tagesplaner.build/Release-iphoneos/TagesplanerWidgets.build/Objects-normal/arm64/TagesplanerWidgets-OutputFileMap.json (in target 'TagesplanerWidgets' from project 'Tagesplaner')
    cd /Users/runner/work/Tagesplaner/Tagesplaner
    write-file /Users/runner/Library/Developer/Xcode/DerivedData/Tagesplaner-dkpwbnnmvnqrwwcyvjakukgkxuzu/Build/Intermediates.noindex/Tagesplaner.build/Release-iphoneos/TagesplanerWidgets.build/Objects-normal/arm64/TagesplanerWidgets-OutputFileMap.json

MkDir /Users/runner/Library/Developer/Xcode/DerivedData/Tagesplaner-dkpwbnnmvnqrwwcyvjakukgkxuzu/Build/Products/Release-iphoneos/TagesplanerWidgets.appex (in target 'TagesplanerWidgets' from project 'Tagesplaner')
    cd /Users/runner/work/Tagesplaner/Tagesplaner
    /bin/mkdir -p /Users/runner/Library/Developer/Xcode/DerivedData/Tagesplaner-dkpwbnnmvnqrwwcyvjakukgkxuzu/Build/Products/Release-iphoneos/TagesplanerWidgets.appex

WriteAuxiliaryFile /Users/runner/Library/Developer/Xcode/DerivedData/Tagesplaner-dkpwbnnmvnqrwwcyvjakukgkxuzu/Build/Intermediates.noindex/Tagesplaner.build/Release-iphoneos/Tagesplaner.build/Tagesplaner.hmap (in target 'Tagesplaner' from project 'Tagesplaner')
    cd /Users/runner/work/Tagesplaner/Tagesplaner
    write-file /Users/runner/Library/Developer/Xcode/DerivedData/Tagesplaner-dkpwbnnmvnqrwwcyvjakukgkxuzu/Build/Intermediates.noindex/Tagesplaner.build/Release-iphoneos/Tagesplaner.build/Tagesplaner.hmap

WriteAuxiliaryFile /Users/runner/Library/Developer/Xcode/DerivedData/Tagesplaner-dkpwbnnmvnqrwwcyvjakukgkxuzu/Build/Intermediates.noindex/Tagesplaner.build/Release-iphoneos/Tagesplaner.build/Tagesplaner.DependencyStaticMetadataFileList (in target 'Tagesplaner' from project 'Tagesplaner')
    cd /Users/runner/work/Tagesplaner/Tagesplaner
    write-file /Users/runner/Library/Developer/Xcode/DerivedData/Tagesplaner-dkpwbnnmvnqrwwcyvjakukgkxuzu/Build/Intermediates.noindex/Tagesplaner.build/Release-iphoneos/Tagesplaner.build/Tagesplaner.DependencyStaticMetadataFileList

WriteAuxiliaryFile /Users/runner/Library/Developer/Xcode/DerivedData/Tagesplaner-dkpwbnnmvnqrwwcyvjakukgkxuzu/Build/Intermediates.noindex/Tagesplaner.build/Release-iphoneos/Tagesplaner.build/Tagesplaner.DependencyMetadataFileList (in target 'Tagesplaner' from project 'Tagesplaner')
    cd /Users/runner/work/Tagesplaner/Tagesplaner
    write-file /Users/runner/Library/Developer/Xcode/DerivedData/Tagesplaner-dkpwbnnmvnqrwwcyvjakukgkxuzu/Build/Intermediates.noindex/Tagesplaner.build/Release-iphoneos/Tagesplaner.build/Tagesplaner.DependencyMetadataFileList

WriteAuxiliaryFile /Users/runner/Library/Developer/Xcode/DerivedData/Tagesplaner-dkpwbnnmvnqrwwcyvjakukgkxuzu/Build/Intermediates.noindex/Tagesplaner.build/Release-iphoneos/Tagesplaner.build/Tagesplaner-project-headers.hmap (in target 'Tagesplaner' from project 'Tagesplaner')
    cd /Users/runner/work/Tagesplaner/Tagesplaner
    write-file /Users/runner/Library/Developer/Xcode/DerivedData/Tagesplaner-dkpwbnnmvnqrwwcyvjakukgkxuzu/Build/Intermediates.noindex/Tagesplaner.build/Release-iphoneos/Tagesplaner.build/Tagesplaner-project-headers.hmap

WriteAuxiliaryFile /Users/runner/Library/Developer/Xcode/DerivedData/Tagesplaner-dkpwbnnmvnqrwwcyvjakukgkxuzu/Build/Intermediates.noindex/Tagesplaner.build/Release-iphoneos/Tagesplaner.build/Tagesplaner-own-target-headers.hmap (in target 'Tagesplaner' from project 'Tagesplaner')
    cd /Users/runner/work/Tagesplaner/Tagesplaner
    write-file /Users/runner/Library/Developer/Xcode/DerivedData/Tagesplaner-dkpwbnnmvnqrwwcyvjakukgkxuzu/Build/Intermediates.noindex/Tagesplaner.build/Release-iphoneos/Tagesplaner.build/Tagesplaner-own-target-headers.hmap

WriteAuxiliaryFile /Users/runner/Library/Developer/Xcode/DerivedData/Tagesplaner-dkpwbnnmvnqrwwcyvjakukgkxuzu/Build/Intermediates.noindex/Tagesplaner.build/Release-iphoneos/Tagesplaner.build/Tagesplaner-generated-files.hmap (in target 'Tagesplaner' from project 'Tagesplaner')
    cd /Users/runner/work/Tagesplaner/Tagesplaner
    write-file /Users/runner/Library/Developer/Xcode/DerivedData/Tagesplaner-dkpwbnnmvnqrwwcyvjakukgkxuzu/Build/Intermediates.noindex/Tagesplaner.build/Release-iphoneos/Tagesplaner.build/Tagesplaner-generated-files.hmap

WriteAuxiliaryFile /Users/runner/Library/Developer/Xcode/DerivedData/Tagesplaner-dkpwbnnmvnqrwwcyvjakukgkxuzu/Build/Intermediates.noindex/Tagesplaner.build/Release-iphoneos/Tagesplaner.build/Tagesplaner-all-target-headers.hmap (in target 'Tagesplaner' from project 'Tagesplaner')
    cd /Users/runner/work/Tagesplaner/Tagesplaner
    write-file /Users/runner/Library/Developer/Xcode/DerivedData/Tagesplaner-dkpwbnnmvnqrwwcyvjakukgkxuzu/Build/Intermediates.noindex/Tagesplaner.build/Release-iphoneos/Tagesplaner.build/Tagesplaner-all-target-headers.hmap

WriteAuxiliaryFile /Users/runner/Library/Developer/Xcode/DerivedData/Tagesplaner-dkpwbnnmvnqrwwcyvjakukgkxuzu/Build/Intermediates.noindex/Tagesplaner.build/Release-iphoneos/Tagesplaner.build/Tagesplaner-all-non-framework-target-headers.hmap (in target 'Tagesplaner' from project 'Tagesplaner')
    cd /Users/runner/work/Tagesplaner/Tagesplaner
    write-file /Users/runner/Library/Developer/Xcode/DerivedData/Tagesplaner-dkpwbnnmvnqrwwcyvjakukgkxuzu/Build/Intermediates.noindex/Tagesplaner.build/Release-iphoneos/Tagesplaner.build/Tagesplaner-all-non-framework-target-headers.hmap

WriteAuxiliaryFile /Users/runner/Library/Developer/Xcode/DerivedData/Tagesplaner-dkpwbnnmvnqrwwcyvjakukgkxuzu/Build/Intermediates.noindex/Tagesplaner.build/Release-iphoneos/Tagesplaner.build/Objects-normal/arm64/Tagesplaner_const_extract_protocols.json (in target 'Tagesplaner' from project 'Tagesplaner')
    cd /Users/runner/work/Tagesplaner/Tagesplaner
    write-file /Users/runner/Library/Developer/Xcode/DerivedData/Tagesplaner-dkpwbnnmvnqrwwcyvjakukgkxuzu/Build/Intermediates.noindex/Tagesplaner.build/Release-iphoneos/Tagesplaner.build/Objects-normal/arm64/Tagesplaner_const_extract_protocols.json

WriteAuxiliaryFile /Users/runner/Library/Developer/Xcode/DerivedData/Tagesplaner-dkpwbnnmvnqrwwcyvjakukgkxuzu/Build/Intermediates.noindex/Tagesplaner.build/Release-iphoneos/Tagesplaner.build/Objects-normal/arm64/Tagesplaner.SwiftFileList (in target 'Tagesplaner' from project 'Tagesplaner')
    cd /Users/runner/work/Tagesplaner/Tagesplaner
    write-file /Users/runner/Library/Developer/Xcode/DerivedData/Tagesplaner-dkpwbnnmvnqrwwcyvjakukgkxuzu/Build/Intermediates.noindex/Tagesplaner.build/Release-iphoneos/Tagesplaner.build/Objects-normal/arm64/Tagesplaner.SwiftFileList

WriteAuxiliaryFile /Users/runner/Library/Developer/Xcode/DerivedData/Tagesplaner-dkpwbnnmvnqrwwcyvjakukgkxuzu/Build/Intermediates.noindex/Tagesplaner.build/Release-iphoneos/Tagesplaner.build/Objects-normal/arm64/Tagesplaner.SwiftConstValuesFileList (in target 'Tagesplaner' from project 'Tagesplaner')
    cd /Users/runner/work/Tagesplaner/Tagesplaner
    write-file /Users/runner/Library/Developer/Xcode/DerivedData/Tagesplaner-dkpwbnnmvnqrwwcyvjakukgkxuzu/Build/Intermediates.noindex/Tagesplaner.build/Release-iphoneos/Tagesplaner.build/Objects-normal/arm64/Tagesplaner.SwiftConstValuesFileList

WriteAuxiliaryFile /Users/runner/Library/Developer/Xcode/DerivedData/Tagesplaner-dkpwbnnmvnqrwwcyvjakukgkxuzu/Build/Intermediates.noindex/Tagesplaner.build/Release-iphoneos/Tagesplaner.build/Objects-normal/arm64/Tagesplaner.LinkFileList (in target 'Tagesplaner' from project 'Tagesplaner')
    cd /Users/runner/work/Tagesplaner/Tagesplaner
    write-file /Users/runner/Library/Developer/Xcode/DerivedData/Tagesplaner-dkpwbnnmvnqrwwcyvjakukgkxuzu/Build/Intermediates.noindex/Tagesplaner.build/Release-iphoneos/Tagesplaner.build/Objects-normal/arm64/Tagesplaner.LinkFileList

WriteAuxiliaryFile /Users/runner/Library/Developer/Xcode/DerivedData/Tagesplaner-dkpwbnnmvnqrwwcyvjakukgkxuzu/Build/Intermediates.noindex/Tagesplaner.build/Release-iphoneos/Tagesplaner.build/Objects-normal/arm64/Tagesplaner-OutputFileMap.json (in target 'Tagesplaner' from project 'Tagesplaner')
    cd /Users/runner/work/Tagesplaner/Tagesplaner
    write-file /Users/runner/Library/Developer/Xcode/DerivedData/Tagesplaner-dkpwbnnmvnqrwwcyvjakukgkxuzu/Build/Intermediates.noindex/Tagesplaner.build/Release-iphoneos/Tagesplaner.build/Objects-normal/arm64/Tagesplaner-OutputFileMap.json

WriteAuxiliaryFile /Users/runner/Library/Developer/Xcode/DerivedData/Tagesplaner-dkpwbnnmvnqrwwcyvjakukgkxuzu/Build/Intermediates.noindex/PlannerCore.build/Release-iphoneos/PlannerCore.build/PlannerCore.modulemap (in target 'PlannerCore' from project 'PlannerCore')
    cd /Users/runner/work/Tagesplaner/Tagesplaner/Packages/PlannerCore
    write-file /Users/runner/Library/Developer/Xcode/DerivedData/Tagesplaner-dkpwbnnmvnqrwwcyvjakukgkxuzu/Build/Intermediates.noindex/PlannerCore.build/Release-iphoneos/PlannerCore.build/PlannerCore.modulemap

WriteAuxiliaryFile /Users/runner/Library/Developer/Xcode/DerivedData/Tagesplaner-dkpwbnnmvnqrwwcyvjakukgkxuzu/Build/Intermediates.noindex/PlannerCore.build/Release-iphoneos/PlannerCore.build/PlannerCore.DependencyStaticMetadataFileList (in target 'PlannerCore' from project 'PlannerCore')
    cd /Users/runner/work/Tagesplaner/Tagesplaner/Packages/PlannerCore
    write-file /Users/runner/Library/Developer/Xcode/DerivedData/Tagesplaner-dkpwbnnmvnqrwwcyvjakukgkxuzu/Build/Intermediates.noindex/PlannerCore.build/Release-iphoneos/PlannerCore.build/PlannerCore.DependencyStaticMetadataFileList

WriteAuxiliaryFile /Users/runner/Library/Developer/Xcode/DerivedData/Tagesplaner-dkpwbnnmvnqrwwcyvjakukgkxuzu/Build/Intermediates.noindex/PlannerCore.build/Release-iphoneos/PlannerCore.build/PlannerCore.DependencyMetadataFileList (in target 'PlannerCore' from project 'PlannerCore')
    cd /Users/runner/work/Tagesplaner/Tagesplaner/Packages/PlannerCore
    write-file /Users/runner/Library/Developer/Xcode/DerivedData/Tagesplaner-dkpwbnnmvnqrwwcyvjakukgkxuzu/Build/Intermediates.noindex/PlannerCore.build/Release-iphoneos/PlannerCore.build/PlannerCore.DependencyMetadataFileList

WriteAuxiliaryFile /Users/runner/Library/Developer/Xcode/DerivedData/Tagesplaner-dkpwbnnmvnqrwwcyvjakukgkxuzu/Build/Intermediates.noindex/PlannerCore.build/Release-iphoneos/PlannerCore.build/Objects-normal/arm64/PlannerCore_const_extract_protocols.json (in target 'PlannerCore' from project 'PlannerCore')
    cd /Users/runner/work/Tagesplaner/Tagesplaner/Packages/PlannerCore
    write-file /Users/runner/Library/Developer/Xcode/DerivedData/Tagesplaner-dkpwbnnmvnqrwwcyvjakukgkxuzu/Build/Intermediates.noindex/PlannerCore.build/Release-iphoneos/PlannerCore.build/Objects-normal/arm64/PlannerCore_const_extract_protocols.json

WriteAuxiliaryFile /Users/runner/Library/Developer/Xcode/DerivedData/Tagesplaner-dkpwbnnmvnqrwwcyvjakukgkxuzu/Build/Intermediates.noindex/PlannerCore.build/Release-iphoneos/PlannerCore.build/Objects-normal/arm64/PlannerCore.SwiftFileList (in target 'PlannerCore' from project 'PlannerCore')
    cd /Users/runner/work/Tagesplaner/Tagesplaner/Packages/PlannerCore
    write-file /Users/runner/Library/Developer/Xcode/DerivedData/Tagesplaner-dkpwbnnmvnqrwwcyvjakukgkxuzu/Build/Intermediates.noindex/PlannerCore.build/Release-iphoneos/PlannerCore.build/Objects-normal/arm64/PlannerCore.SwiftFileList

WriteAuxiliaryFile /Users/runner/Library/Developer/Xcode/DerivedData/Tagesplaner-dkpwbnnmvnqrwwcyvjakukgkxuzu/Build/Intermediates.noindex/PlannerCore.build/Release-iphoneos/PlannerCore.build/Objects-normal/arm64/PlannerCore.SwiftConstValuesFileList (in target 'PlannerCore' from project 'PlannerCore')
    cd /Users/runner/work/Tagesplaner/Tagesplaner/Packages/PlannerCore
    write-file /Users/runner/Library/Developer/Xcode/DerivedData/Tagesplaner-dkpwbnnmvnqrwwcyvjakukgkxuzu/Build/Intermediates.noindex/PlannerCore.build/Release-iphoneos/PlannerCore.build/Objects-normal/arm64/PlannerCore.SwiftConstValuesFileList

WriteAuxiliaryFile /Users/runner/Library/Developer/Xcode/DerivedData/Tagesplaner-dkpwbnnmvnqrwwcyvjakukgkxuzu/Build/Intermediates.noindex/PlannerCore.build/Release-iphoneos/PlannerCore.build/Objects-normal/arm64/PlannerCore.LinkFileList (in target 'PlannerCore' from project 'PlannerCore')
    cd /Users/runner/work/Tagesplaner/Tagesplaner/Packages/PlannerCore
    write-file /Users/runner/Library/Developer/Xcode/DerivedData/Tagesplaner-dkpwbnnmvnqrwwcyvjakukgkxuzu/Build/Intermediates.noindex/PlannerCore.build/Release-iphoneos/PlannerCore.build/Objects-normal/arm64/PlannerCore.LinkFileList

WriteAuxiliaryFile /Users/runner/Library/Developer/Xcode/DerivedData/Tagesplaner-dkpwbnnmvnqrwwcyvjakukgkxuzu/Build/Intermediates.noindex/PlannerCore.build/Release-iphoneos/PlannerCore.build/Objects-normal/arm64/PlannerCore-OutputFileMap.json (in target 'PlannerCore' from project 'PlannerCore')
    cd /Users/runner/work/Tagesplaner/Tagesplaner/Packages/PlannerCore
    write-file /Users/runner/Library/Developer/Xcode/DerivedData/Tagesplaner-dkpwbnnmvnqrwwcyvjakukgkxuzu/Build/Intermediates.noindex/PlannerCore.build/Release-iphoneos/PlannerCore.build/Objects-normal/arm64/PlannerCore-OutputFileMap.json

Copy /Users/runner/Library/Developer/Xcode/DerivedData/Tagesplaner-dkpwbnnmvnqrwwcyvjakukgkxuzu/Build/Intermediates.noindex/GeneratedModuleMaps-iphoneos/PlannerCore.modulemap /Users/runner/Library/Developer/Xcode/DerivedData/Tagesplaner-dkpwbnnmvnqrwwcyvjakukgkxuzu/Build/Intermediates.noindex/PlannerCore.build/Release-iphoneos/PlannerCore.build/PlannerCore.modulemap (in target 'PlannerCore' from project 'PlannerCore')
    cd /Users/runner/work/Tagesplaner/Tagesplaner/Packages/PlannerCore
    builtin-copy -exclude .DS_Store -exclude CVS -exclude .svn -exclude .git -exclude .hg -strip-unsigned-binaries -strip-deterministic -strip-tool /Applications/Xcode_26.6.app/Contents/Developer/Toolchains/XcodeDefault.xctoolchain/usr/bin/strip -resolve-src-symlinks /Users/runner/Library/Developer/Xcode/DerivedData/Tagesplaner-dkpwbnnmvnqrwwcyvjakukgkxuzu/Build/Intermediates.noindex/PlannerCore.build/Release-iphoneos/PlannerCore.build/PlannerCore.modulemap /Users/runner/Library/Developer/Xcode/DerivedData/Tagesplaner-dkpwbnnmvnqrwwcyvjakukgkxuzu/Build/Intermediates.noindex/GeneratedModuleMaps-iphoneos

MkDir /Users/runner/Library/Developer/Xcode/DerivedData/Tagesplaner-dkpwbnnmvnqrwwcyvjakukgkxuzu/Build/Products/Release-iphoneos/Tagesplaner.app/PlugIns (in target 'Tagesplaner' from project 'Tagesplaner')
    cd /Users/runner/work/Tagesplaner/Tagesplaner
    /bin/mkdir -p /Users/runner/Library/Developer/Xcode/DerivedData/Tagesplaner-dkpwbnnmvnqrwwcyvjakukgkxuzu/Build/Products/Release-iphoneos/Tagesplaner.app/PlugIns

MkDir /Users/runner/Library/Developer/Xcode/DerivedData/Tagesplaner-dkpwbnnmvnqrwwcyvjakukgkxuzu/Build/Products/Release-iphoneos/Tagesplaner.app (in target 'Tagesplaner' from project 'Tagesplaner')
    cd /Users/runner/work/Tagesplaner/Tagesplaner
    /bin/mkdir -p /Users/runner/Library/Developer/Xcode/DerivedData/Tagesplaner-dkpwbnnmvnqrwwcyvjakukgkxuzu/Build/Products/Release-iphoneos/Tagesplaner.app

ProcessInfoPlistFile /Users/runner/Library/Developer/Xcode/DerivedData/Tagesplaner-dkpwbnnmvnqrwwcyvjakukgkxuzu/Build/Products/Release-iphoneos/TagesplanerWidgets.appex/Info.plist /Users/runner/work/Tagesplaner/Tagesplaner/Widgets/Info.plist (in target 'TagesplanerWidgets' from project 'Tagesplaner')
    cd /Users/runner/work/Tagesplaner/Tagesplaner
    builtin-infoPlistUtility /Users/runner/work/Tagesplaner/Tagesplaner/Widgets/Info.plist -producttype com.apple.product-type.app-extension -expandbuildsettings -format binary -platform iphoneos -requiredArchitecture arm64 -o /Users/runner/Library/Developer/Xcode/DerivedData/Tagesplaner-dkpwbnnmvnqrwwcyvjakukgkxuzu/Build/Products/Release-iphoneos/TagesplanerWidgets.appex/Info.plist

SwiftDriver TagesplanerWidgets normal arm64 com.apple.xcode.tools.swift.compiler (in target 'TagesplanerWidgets' from project 'Tagesplaner')
    cd /Users/runner/work/Tagesplaner/Tagesplaner
    builtin-SwiftDriver -- /Applications/Xcode_26.6.app/Contents/Developer/Toolchains/XcodeDefault.xctoolchain/usr/bin/swiftc -module-name TagesplanerWidgets -O -whole-module-optimization @/Users/runner/Library/Developer/Xcode/DerivedData/Tagesplaner-dkpwbnnmvnqrwwcyvjakukgkxuzu/Build/Intermediates.noindex/Tagesplaner.build/Release-iphoneos/TagesplanerWidgets.build/Objects-normal/arm64/TagesplanerWidgets.SwiftFileList -enable-bare-slash-regex -enable-experimental-feature DebugDescriptionMacro -sdk /Applications/Xcode_26.6.app/Contents/Developer/Platforms/iPhoneOS.platform/Developer/SDKs/iPhoneOS26.5.sdk -target arm64-apple-ios17.0 -g -module-cache-path /Users/runner/Library/Developer/Xcode/DerivedData/ModuleCache.noindex -Xfrontend -serialize-debugging-options -application-extension -swift-version 5 -I /Users/runner/Library/Developer/Xcode/DerivedData/Tagesplaner-dkpwbnnmvnqrwwcyvjakukgkxuzu/Build/Products/Release-iphoneos -F /Users/runner/Library/Developer/Xcode/DerivedData/Tagesplaner-dkpwbnnmvnqrwwcyvjakukgkxuzu/Build/Products/Release-iphoneos -c -num-threads 3 -Xcc -ivfsstatcache -Xcc /Users/runner/Library/Developer/Xcode/DerivedData/SDKStatCaches.noindex/iphoneos26.5-23F81a-688ef53f1462e2c8f657fdc38a81448fee66e23052a0157c865c76b268046726.sdkstatcache -output-file-map /Users/runner/Library/Developer/Xcode/DerivedData/Tagesplaner-dkpwbnnmvnqrwwcyvjakukgkxuzu/Build/Intermediates.noindex/Tagesplaner.build/Release-iphoneos/TagesplanerWidgets.build/Objects-normal/arm64/TagesplanerWidgets-OutputFileMap.json -use-frontend-parseable-output -save-temps -no-color-diagnostics -explicit-module-build -module-cache-path /Users/runner/Library/Developer/Xcode/DerivedData/Tagesplaner-dkpwbnnmvnqrwwcyvjakukgkxuzu/Build/Intermediates.noindex/SwiftExplicitPrecompiledModules -clang-scanner-module-cache-path /Users/runner/Library/Developer/Xcode/DerivedData/ModuleCache.noindex -sdk-module-cache-path /Users/runner/Library/Developer/Xcode/DerivedData/ModuleCache.noindex -serialize-diagnostics -emit-dependencies -emit-module -emit-module-path /Users/runner/Library/Developer/Xcode/DerivedData/Tagesplaner-dkpwbnnmvnqrwwcyvjakukgkxuzu/Build/Intermediates.noindex/Tagesplaner.build/Release-iphoneos/TagesplanerWidgets.build/Objects-normal/arm64/TagesplanerWidgets.swiftmodule -validate-clang-modules-once -clang-build-session-file /Users/runner/Library/Developer/Xcode/DerivedData/ModuleCache.noindex/Session.modulevalidation -Xcc -I/Users/runner/Library/Developer/Xcode/DerivedData/Tagesplaner-dkpwbnnmvnqrwwcyvjakukgkxuzu/Build/Intermediates.noindex/Tagesplaner.build/Release-iphoneos/TagesplanerWidgets.build/swift-overrides.hmap -emit-const-values -Xfrontend -const-gather-protocols-file -Xfrontend /Users/runner/Library/Developer/Xcode/DerivedData/Tagesplaner-dkpwbnnmvnqrwwcyvjakukgkxuzu/Build/Intermediates.noindex/Tagesplaner.build/Release-iphoneos/TagesplanerWidgets.build/Objects-normal/arm64/TagesplanerWidgets_const_extract_protocols.json -Xcc -iquote -Xcc /Users/runner/Library/Developer/Xcode/DerivedData/Tagesplaner-dkpwbnnmvnqrwwcyvjakukgkxuzu/Build/Intermediates.noindex/Tagesplaner.build/Release-iphoneos/TagesplanerWidgets.build/TagesplanerWidgets-generated-files.hmap -Xcc -I/Users/runner/Library/Developer/Xcode/DerivedData/Tagesplaner-dkpwbnnmvnqrwwcyvjakukgkxuzu/Build/Intermediates.noindex/Tagesplaner.build/Release-iphoneos/TagesplanerWidgets.build/TagesplanerWidgets-own-target-headers.hmap -Xcc -I/Users/runner/Library/Developer/Xcode/DerivedData/Tagesplaner-dkpwbnnmvnqrwwcyvjakukgkxuzu/Build/Intermediates.noindex/Tagesplaner.build/Release-iphoneos/TagesplanerWidgets.build/TagesplanerWidgets-all-non-framework-target-headers.hmap -Xcc -ivfsoverlay -Xcc /Users/runner/Library/Developer/Xcode/DerivedData/Tagesplaner-dkpwbnnmvnqrwwcyvjakukgkxuzu/Build/Intermediates.noindex/Tagesplaner.build/Release-iphoneos/Tagesplaner-06596a4c0479a151a4276fb9806ef9b8-VFS-iphoneos/all-product-headers.yaml -Xcc -iquote -Xcc /Users/runner/Library/Developer/Xcode/DerivedData/Tagesplaner-dkpwbnnmvnqrwwcyvjakukgkxuzu/Build/Intermediates.noindex/Tagesplaner.build/Release-iphoneos/TagesplanerWidgets.build/TagesplanerWidgets-project-headers.hmap -Xcc -I/Users/runner/Library/Developer/Xcode/DerivedData/Tagesplaner-dkpwbnnmvnqrwwcyvjakukgkxuzu/Build/Products/Release-iphoneos/include -Xcc -I/Users/runner/Library/Developer/Xcode/DerivedData/Tagesplaner-dkpwbnnmvnqrwwcyvjakukgkxuzu/Build/Intermediates.noindex/Tagesplaner.build/Release-iphoneos/TagesplanerWidgets.build/DerivedSources-normal/arm64 -Xcc -I/Users/runner/Library/Developer/Xcode/DerivedData/Tagesplaner-dkpwbnnmvnqrwwcyvjakukgkxuzu/Build/Intermediates.noindex/Tagesplaner.build/Release-iphoneos/TagesplanerWidgets.build/DerivedSources/arm64 -Xcc -I/Users/runner/Library/Developer/Xcode/DerivedData/Tagesplaner-dkpwbnnmvnqrwwcyvjakukgkxuzu/Build/Intermediates.noindex/Tagesplaner.build/Release-iphoneos/TagesplanerWidgets.build/DerivedSources -emit-objc-header -emit-objc-header-path /Users/runner/Library/Developer/Xcode/DerivedData/Tagesplaner-dkpwbnnmvnqrwwcyvjakukgkxuzu/Build/Intermediates.noindex/Tagesplaner.build/Release-iphoneos/TagesplanerWidgets.build/Objects-normal/arm64/TagesplanerWidgets-Swift.h -working-directory /Users/runner/work/Tagesplaner/Tagesplaner -no-emit-module-separately-wmo

SwiftDriver PlannerCore normal arm64 com.apple.xcode.tools.swift.compiler (in target 'PlannerCore' from project 'PlannerCore')
    cd /Users/runner/work/Tagesplaner/Tagesplaner/Tagesplaner.xcodeproj
    builtin-SwiftDriver -- /Applications/Xcode_26.6.app/Contents/Developer/Toolchains/XcodeDefault.xctoolchain/usr/bin/swiftc -module-name PlannerCore -O -whole-module-optimization @/Users/runner/Library/Developer/Xcode/DerivedData/Tagesplaner-dkpwbnnmvnqrwwcyvjakukgkxuzu/Build/Intermediates.noindex/PlannerCore.build/Release-iphoneos/PlannerCore.build/Objects-normal/arm64/PlannerCore.SwiftFileList -DSWIFT_PACKAGE -DSWIFT_MODULE_RESOURCE_BUNDLE_UNAVAILABLE -DXcode -plugin-path /Applications/Xcode_26.6.app/Contents/Developer/Toolchains/XcodeDefault.xctoolchain/usr/lib/swift/host/plugins/testing -enable-experimental-feature DebugDescriptionMacro -sdk /Applications/Xcode_26.6.app/Contents/Developer/Platforms/iPhoneOS.platform/Developer/SDKs/iPhoneOS26.5.sdk -target arm64-apple-ios17.0 -g -module-cache-path /Users/runner/Library/Developer/Xcode/DerivedData/ModuleCache.noindex -Xfrontend -serialize-debugging-options -swift-version 5 -I /Users/runner/Library/Developer/Xcode/DerivedData/Tagesplaner-dkpwbnnmvnqrwwcyvjakukgkxuzu/Build/Products/Release-iphoneos -Isystem /Applications/Xcode_26.6.app/Contents/Developer/Platforms/iPhoneOS.platform/Developer/usr/lib -F /Users/runner/Library/Developer/Xcode/DerivedData/Tagesplaner-dkpwbnnmvnqrwwcyvjakukgkxuzu/Build/Products/Release-iphoneos -F /Applications/Xcode_26.6.app/Contents/Developer/Platforms/iPhoneOS.platform/Developer/Library/Frameworks -F /Applications/Xcode_26.6.app/Contents/Developer/Platforms/iPhoneOS.platform/Developer/SDKs/iPhoneOS26.5.sdk/Developer/Library/Frameworks -c -num-threads 3 -Xcc -ivfsstatcache -Xcc /Users/runner/Library/Developer/Xcode/DerivedData/SDKStatCaches.noindex/iphoneos26.5-23F81a-688ef53f1462e2c8f657fdc38a81448fee66e23052a0157c865c76b268046726.sdkstatcache -output-file-map /Users/runner/Library/Developer/Xcode/DerivedData/Tagesplaner-dkpwbnnmvnqrwwcyvjakukgkxuzu/Build/Intermediates.noindex/PlannerCore.build/Release-iphoneos/PlannerCore.build/Objects-normal/arm64/PlannerCore-OutputFileMap.json -use-frontend-parseable-output -save-temps -no-color-diagnostics -explicit-module-build -module-cache-path /Users/runner/Library/Developer/Xcode/DerivedData/Tagesplaner-dkpwbnnmvnqrwwcyvjakukgkxuzu/Build/Intermediates.noindex/SwiftExplicitPrecompiledModules -clang-scanner-module-cache-path /Users/runner/Library/Developer/Xcode/DerivedData/ModuleCache.noindex -sdk-module-cache-path /Users/runner/Library/Developer/Xcode/DerivedData/ModuleCache.noindex -serialize-diagnostics -emit-dependencies -emit-module -emit-module-path /Users/runner/Library/Developer/Xcode/DerivedData/Tagesplaner-dkpwbnnmvnqrwwcyvjakukgkxuzu/Build/Intermediates.noindex/PlannerCore.build/Release-iphoneos/PlannerCore.build/Objects-normal/arm64/PlannerCore.swiftmodule -validate-clang-modules-once -clang-build-session-file /Users/runner/Library/Developer/Xcode/DerivedData/ModuleCache.noindex/Session.modulevalidation -package-name plannercore -Xcc -I/Users/runner/Library/Developer/Xcode/DerivedData/Tagesplaner-dkpwbnnmvnqrwwcyvjakukgkxuzu/Build/Intermediates.noindex/PlannerCore.build/Release-iphoneos/PlannerCore.build/swift-overrides.hmap -emit-const-values -Xfrontend -const-gather-protocols-file -Xfrontend /Users/runner/Library/Developer/Xcode/DerivedData/Tagesplaner-dkpwbnnmvnqrwwcyvjakukgkxuzu/Build/Intermediates.noindex/PlannerCore.build/Release-iphoneos/PlannerCore.build/Objects-normal/arm64/PlannerCore_const_extract_protocols.json -Xcc -I/Users/runner/Library/Developer/Xcode/DerivedData/Tagesplaner-dkpwbnnmvnqrwwcyvjakukgkxuzu/Build/Products/Release-iphoneos/include -Xcc -I/Users/runner/Library/Developer/Xcode/DerivedData/Tagesplaner-dkpwbnnmvnqrwwcyvjakukgkxuzu/Build/Intermediates.noindex/PlannerCore.build/Release-iphoneos/PlannerCore.build/DerivedSources-normal/arm64 -Xcc -I/Users/runner/Library/Developer/Xcode/DerivedData/Tagesplaner-dkpwbnnmvnqrwwcyvjakukgkxuzu/Build/Intermediates.noindex/PlannerCore.build/Release-iphoneos/PlannerCore.build/DerivedSources/arm64 -Xcc -I/Users/runner/Library/Developer/Xcode/DerivedData/Tagesplaner-dkpwbnnmvnqrwwcyvjakukgkxuzu/Build/Intermediates.noindex/PlannerCore.build/Release-iphoneos/PlannerCore.build/DerivedSources -Xcc -DSWIFT_PACKAGE -emit-objc-header -emit-objc-header-path /Users/runner/Library/Developer/Xcode/DerivedData/Tagesplaner-dkpwbnnmvnqrwwcyvjakukgkxuzu/Build/Intermediates.noindex/PlannerCore.build/Release-iphoneos/PlannerCore.build/Objects-normal/arm64/PlannerCore-Swift.h -working-directory /Users/runner/work/Tagesplaner/Tagesplaner/Tagesplaner.xcodeproj -no-emit-module-separately-wmo

SwiftDriver\ Compilation PlannerCore normal arm64 com.apple.xcode.tools.swift.compiler (in target 'PlannerCore' from project 'PlannerCore')
    cd /Users/runner/work/Tagesplaner/Tagesplaner/Tagesplaner.xcodeproj
    builtin-Swift-Compilation -- /Applications/Xcode_26.6.app/Contents/Developer/Toolchains/XcodeDefault.xctoolchain/usr/bin/swiftc -module-name PlannerCore -O -whole-module-optimization @/Users/runner/Library/Developer/Xcode/DerivedData/Tagesplaner-dkpwbnnmvnqrwwcyvjakukgkxuzu/Build/Intermediates.noindex/PlannerCore.build/Release-iphoneos/PlannerCore.build/Objects-normal/arm64/PlannerCore.SwiftFileList -DSWIFT_PACKAGE -DSWIFT_MODULE_RESOURCE_BUNDLE_UNAVAILABLE -DXcode -plugin-path /Applications/Xcode_26.6.app/Contents/Developer/Toolchains/XcodeDefault.xctoolchain/usr/lib/swift/host/plugins/testing -enable-experimental-feature DebugDescriptionMacro -sdk /Applications/Xcode_26.6.app/Contents/Developer/Platforms/iPhoneOS.platform/Developer/SDKs/iPhoneOS26.5.sdk -target arm64-apple-ios17.0 -g -module-cache-path /Users/runner/Library/Developer/Xcode/DerivedData/ModuleCache.noindex -Xfrontend -serialize-debugging-options -swift-version 5 -I /Users/runner/Library/Developer/Xcode/DerivedData/Tagesplaner-dkpwbnnmvnqrwwcyvjakukgkxuzu/Build/Products/Release-iphoneos -Isystem /Applications/Xcode_26.6.app/Contents/Developer/Platforms/iPhoneOS.platform/Developer/usr/lib -F /Users/runner/Library/Developer/Xcode/DerivedData/Tagesplaner-dkpwbnnmvnqrwwcyvjakukgkxuzu/Build/Products/Release-iphoneos -F /Applications/Xcode_26.6.app/Contents/Developer/Platforms/iPhoneOS.platform/Developer/Library/Frameworks -F /Applications/Xcode_26.6.app/Contents/Developer/Platforms/iPhoneOS.platform/Developer/SDKs/iPhoneOS26.5.sdk/Developer/Library/Frameworks -c -num-threads 3 -Xcc -ivfsstatcache -Xcc /Users/runner/Library/Developer/Xcode/DerivedData/SDKStatCaches.noindex/iphoneos26.5-23F81a-688ef53f1462e2c8f657fdc38a81448fee66e23052a0157c865c76b268046726.sdkstatcache -output-file-map /Users/runner/Library/Developer/Xcode/DerivedData/Tagesplaner-dkpwbnnmvnqrwwcyvjakukgkxuzu/Build/Intermediates.noindex/PlannerCore.build/Release-iphoneos/PlannerCore.build/Objects-normal/arm64/PlannerCore-OutputFileMap.json -use-frontend-parseable-output -save-temps -no-color-diagnostics -explicit-module-build -module-cache-path /Users/runner/Library/Developer/Xcode/DerivedData/Tagesplaner-dkpwbnnmvnqrwwcyvjakukgkxuzu/Build/Intermediates.noindex/SwiftExplicitPrecompiledModules -clang-scanner-module-cache-path /Users/runner/Library/Developer/Xcode/DerivedData/ModuleCache.noindex -sdk-module-cache-path /Users/runner/Library/Developer/Xcode/DerivedData/ModuleCache.noindex -serialize-diagnostics -emit-dependencies -emit-module -emit-module-path /Users/runner/Library/Developer/Xcode/DerivedData/Tagesplaner-dkpwbnnmvnqrwwcyvjakukgkxuzu/Build/Intermediates.noindex/PlannerCore.build/Release-iphoneos/PlannerCore.build/Objects-normal/arm64/PlannerCore.swiftmodule -validate-clang-modules-once -clang-build-session-file /Users/runner/Library/Developer/Xcode/DerivedData/ModuleCache.noindex/Session.modulevalidation -package-name plannercore -Xcc -I/Users/runner/Library/Developer/Xcode/DerivedData/Tagesplaner-dkpwbnnmvnqrwwcyvjakukgkxuzu/Build/Intermediates.noindex/PlannerCore.build/Release-iphoneos/PlannerCore.build/swift-overrides.hmap -emit-const-values -Xfrontend -const-gather-protocols-file -Xfrontend /Users/runner/Library/Developer/Xcode/DerivedData/Tagesplaner-dkpwbnnmvnqrwwcyvjakukgkxuzu/Build/Intermediates.noindex/PlannerCore.build/Release-iphoneos/PlannerCore.build/Objects-normal/arm64/PlannerCore_const_extract_protocols.json -Xcc -I/Users/runner/Library/Developer/Xcode/DerivedData/Tagesplaner-dkpwbnnmvnqrwwcyvjakukgkxuzu/Build/Products/Release-iphoneos/include -Xcc -I/Users/runner/Library/Developer/Xcode/DerivedData/Tagesplaner-dkpwbnnmvnqrwwcyvjakukgkxuzu/Build/Intermediates.noindex/PlannerCore.build/Release-iphoneos/PlannerCore.build/DerivedSources-normal/arm64 -Xcc -I/Users/runner/Library/Developer/Xcode/DerivedData/Tagesplaner-dkpwbnnmvnqrwwcyvjakukgkxuzu/Build/Intermediates.noindex/PlannerCore.build/Release-iphoneos/PlannerCore.build/DerivedSources/arm64 -Xcc -I/Users/runner/Library/Developer/Xcode/DerivedData/Tagesplaner-dkpwbnnmvnqrwwcyvjakukgkxuzu/Build/Intermediates.noindex/PlannerCore.build/Release-iphoneos/PlannerCore.build/DerivedSources -Xcc -DSWIFT_PACKAGE -emit-objc-header -emit-objc-header-path /Users/runner/Library/Developer/Xcode/DerivedData/Tagesplaner-dkpwbnnmvnqrwwcyvjakukgkxuzu/Build/Intermediates.noindex/PlannerCore.build/Release-iphoneos/PlannerCore.build/Objects-normal/arm64/PlannerCore-Swift.h -working-directory /Users/runner/work/Tagesplaner/Tagesplaner/Tagesplaner.xcodeproj -no-emit-module-separately-wmo

SwiftExplicitDependencyGeneratePcm arm64 /Users/runner/Library/Developer/Xcode/DerivedData/ModuleCache.noindex/_Builtin_stddef-EZS4ZNRM8Q2C78X23DUBCD7YH.pcm

SwiftExplicitDependencyGeneratePcm arm64 /Users/runner/Library/Developer/Xcode/DerivedData/ModuleCache.noindex/_Builtin_stdbool-77FQHXEDHJJ5LR78OJZFL3ESV.pcm

SwiftExplicitDependencyGeneratePcm arm64 /Users/runner/Library/Developer/Xcode/DerivedData/ModuleCache.noindex/_SwiftConcurrencyShims-72MI7WHN08305D73FERVYXX8Q.pcm

SwiftExplicitDependencyGeneratePcm arm64 /Users/runner/Library/Developer/Xcode/DerivedData/ModuleCache.noindex/_Builtin_stdarg-4LSG676VX6ZX2XHZ6XO9V8K9F.pcm

SwiftExplicitDependencyGeneratePcm arm64 /Users/runner/Library/Developer/Xcode/DerivedData/ModuleCache.noindex/SwiftShims-726JJO2L9PNSQ7U4XETGG7EE9.pcm

SwiftExplicitDependencyGeneratePcm arm64 /Users/runner/Library/Developer/Xcode/DerivedData/ModuleCache.noindex/ptrcheck-CPFBHC98T0YO5BMJL4XPQ5DVJ.pcm

SwiftExplicitDependencyGeneratePcm arm64 /Users/runner/Library/Developer/Xcode/DerivedData/ModuleCache.noindex/_AvailabilityInternal-6LVX40WLXKF2N0RR7RLLLI88G.pcm

SwiftExplicitDependencyGeneratePcm arm64 /Users/runner/Library/Developer/Xcode/DerivedData/ModuleCache.noindex/_Builtin_float-C2XYXATN22CCJKOBJXFM515SB.pcm

SwiftExplicitDependencyGeneratePcm arm64 /Users/runner/Library/Developer/Xcode/DerivedData/ModuleCache.noindex/ptrauth-E1M8RH4XGX41AS9L3T48B2VC8.pcm

SwiftExplicitDependencyGeneratePcm arm64 /Users/runner/Library/Developer/Xcode/DerivedData/ModuleCache.noindex/_DarwinFoundation1-D0HH3AJXTD7OKMTUR2FXWNRVQ.pcm

SwiftDriver\ Compilation TagesplanerWidgets normal arm64 com.apple.xcode.tools.swift.compiler (in target 'TagesplanerWidgets' from project 'Tagesplaner')
    cd /Users/runner/work/Tagesplaner/Tagesplaner
    builtin-Swift-Compilation -- /Applications/Xcode_26.6.app/Contents/Developer/Toolchains/XcodeDefault.xctoolchain/usr/bin/swiftc -module-name TagesplanerWidgets -O -whole-module-optimization @/Users/runner/Library/Developer/Xcode/DerivedData/Tagesplaner-dkpwbnnmvnqrwwcyvjakukgkxuzu/Build/Intermediates.noindex/Tagesplaner.build/Release-iphoneos/TagesplanerWidgets.build/Objects-normal/arm64/TagesplanerWidgets.SwiftFileList -enable-bare-slash-regex -enable-experimental-feature DebugDescriptionMacro -sdk /Applications/Xcode_26.6.app/Contents/Developer/Platforms/iPhoneOS.platform/Developer/SDKs/iPhoneOS26.5.sdk -target arm64-apple-ios17.0 -g -module-cache-path /Users/runner/Library/Developer/Xcode/DerivedData/ModuleCache.noindex -Xfrontend -serialize-debugging-options -application-extension -swift-version 5 -I /Users/runner/Library/Developer/Xcode/DerivedData/Tagesplaner-dkpwbnnmvnqrwwcyvjakukgkxuzu/Build/Products/Release-iphoneos -F /Users/runner/Library/Developer/Xcode/DerivedData/Tagesplaner-dkpwbnnmvnqrwwcyvjakukgkxuzu/Build/Products/Release-iphoneos -c -num-threads 3 -Xcc -ivfsstatcache -Xcc /Users/runner/Library/Developer/Xcode/DerivedData/SDKStatCaches.noindex/iphoneos26.5-23F81a-688ef53f1462e2c8f657fdc38a81448fee66e23052a0157c865c76b268046726.sdkstatcache -output-file-map /Users/runner/Library/Developer/Xcode/DerivedData/Tagesplaner-dkpwbnnmvnqrwwcyvjakukgkxuzu/Build/Intermediates.noindex/Tagesplaner.build/Release-iphoneos/TagesplanerWidgets.build/Objects-normal/arm64/TagesplanerWidgets-OutputFileMap.json -use-frontend-parseable-output -save-temps -no-color-diagnostics -explicit-module-build -module-cache-path /Users/runner/Library/Developer/Xcode/DerivedData/Tagesplaner-dkpwbnnmvnqrwwcyvjakukgkxuzu/Build/Intermediates.noindex/SwiftExplicitPrecompiledModules -clang-scanner-module-cache-path /Users/runner/Library/Developer/Xcode/DerivedData/ModuleCache.noindex -sdk-module-cache-path /Users/runner/Library/Developer/Xcode/DerivedData/ModuleCache.noindex -serialize-diagnostics -emit-dependencies -emit-module -emit-module-path /Users/runner/Library/Developer/Xcode/DerivedData/Tagesplaner-dkpwbnnmvnqrwwcyvjakukgkxuzu/Build/Intermediates.noindex/Tagesplaner.build/Release-iphoneos/TagesplanerWidgets.build/Objects-normal/arm64/TagesplanerWidgets.swiftmodule -validate-clang-modules-once -clang-build-session-file /Users/runner/Library/Developer/Xcode/DerivedData/ModuleCache.noindex/Session.modulevalidation -Xcc -I/Users/runner/Library/Developer/Xcode/DerivedData/Tagesplaner-dkpwbnnmvnqrwwcyvjakukgkxuzu/Build/Intermediates.noindex/Tagesplaner.build/Release-iphoneos/TagesplanerWidgets.build/swift-overrides.hmap -emit-const-values -Xfrontend -const-gather-protocols-file -Xfrontend /Users/runner/Library/Developer/Xcode/DerivedData/Tagesplaner-dkpwbnnmvnqrwwcyvjakukgkxuzu/Build/Intermediates.noindex/Tagesplaner.build/Release-iphoneos/TagesplanerWidgets.build/Objects-normal/arm64/TagesplanerWidgets_const_extract_protocols.json -Xcc -iquote -Xcc /Users/runner/Library/Developer/Xcode/DerivedData/Tagesplaner-dkpwbnnmvnqrwwcyvjakukgkxuzu/Build/Intermediates.noindex/Tagesplaner.build/Release-iphoneos/TagesplanerWidgets.build/TagesplanerWidgets-generated-files.hmap -Xcc -I/Users/runner/Library/Developer/Xcode/DerivedData/Tagesplaner-dkpwbnnmvnqrwwcyvjakukgkxuzu/Build/Intermediates.noindex/Tagesplaner.build/Release-iphoneos/TagesplanerWidgets.build/TagesplanerWidgets-own-target-headers.hmap -Xcc -I/Users/runner/Library/Developer/Xcode/DerivedData/Tagesplaner-dkpwbnnmvnqrwwcyvjakukgkxuzu/Build/Intermediates.noindex/Tagesplaner.build/Release-iphoneos/TagesplanerWidgets.build/TagesplanerWidgets-all-non-framework-target-headers.hmap -Xcc -ivfsoverlay -Xcc /Users/runner/Library/Developer/Xcode/DerivedData/Tagesplaner-dkpwbnnmvnqrwwcyvjakukgkxuzu/Build/Intermediates.noindex/Tagesplaner.build/Release-iphoneos/Tagesplaner-06596a4c0479a151a4276fb9806ef9b8-VFS-iphoneos/all-product-headers.yaml -Xcc -iquote -Xcc /Users/runner/Library/Developer/Xcode/DerivedData/Tagesplaner-dkpwbnnmvnqrwwcyvjakukgkxuzu/Build/Intermediates.noindex/Tagesplaner.build/Release-iphoneos/TagesplanerWidgets.build/TagesplanerWidgets-project-headers.hmap -Xcc -I/Users/runner/Library/Developer/Xcode/DerivedData/Tagesplaner-dkpwbnnmvnqrwwcyvjakukgkxuzu/Build/Products/Release-iphoneos/include -Xcc -I/Users/runner/Library/Developer/Xcode/DerivedData/Tagesplaner-dkpwbnnmvnqrwwcyvjakukgkxuzu/Build/Intermediates.noindex/Tagesplaner.build/Release-iphoneos/TagesplanerWidgets.build/DerivedSources-normal/arm64 -Xcc -I/Users/runner/Library/Developer/Xcode/DerivedData/Tagesplaner-dkpwbnnmvnqrwwcyvjakukgkxuzu/Build/Intermediates.noindex/Tagesplaner.build/Release-iphoneos/TagesplanerWidgets.build/DerivedSources/arm64 -Xcc -I/Users/runner/Library/Developer/Xcode/DerivedData/Tagesplaner-dkpwbnnmvnqrwwcyvjakukgkxuzu/Build/Intermediates.noindex/Tagesplaner.build/Release-iphoneos/TagesplanerWidgets.build/DerivedSources -emit-objc-header -emit-objc-header-path /Users/runner/Library/Developer/Xcode/DerivedData/Tagesplaner-dkpwbnnmvnqrwwcyvjakukgkxuzu/Build/Intermediates.noindex/Tagesplaner.build/Release-iphoneos/TagesplanerWidgets.build/Objects-normal/arm64/TagesplanerWidgets-Swift.h -working-directory /Users/runner/work/Tagesplaner/Tagesplaner -no-emit-module-separately-wmo

SwiftExplicitDependencyGeneratePcm arm64 /Users/runner/Library/Developer/Xcode/DerivedData/ModuleCache.noindex/_Builtin_stdarg-C3GJILYYJEHUT817O19ZGZHHY.pcm

SwiftExplicitDependencyGeneratePcm arm64 /Users/runner/Library/Developer/Xcode/DerivedData/ModuleCache.noindex/ptrauth-17DP4UX9P4F7CSDUSNZ4P05ZK.pcm

SwiftExplicitDependencyGeneratePcm arm64 /Users/runner/Library/Developer/Xcode/DerivedData/ModuleCache.noindex/DeveloperToolsSupport-5EK5ARHIG58AFTTNAAGGDUY2W.pcm

SwiftExplicitDependencyGeneratePcm arm64 /Users/runner/Library/Developer/Xcode/DerivedData/ModuleCache.noindex/_Builtin_limits-8GAG1SMFSA3JGYHE8DFCLSKBW.pcm

SwiftExplicitDependencyGeneratePcm arm64 /Users/runner/Library/Developer/Xcode/DerivedData/ModuleCache.noindex/_Builtin_float-8B3H1CYJC5RVYJI6YLSPIWJHX.pcm

SwiftExplicitDependencyGeneratePcm arm64 /Users/runner/Library/Developer/Xcode/DerivedData/ModuleCache.noindex/_DarwinFoundation2-EXJBHLC8V2ZY8CF0BNQD97LYN.pcm

SwiftExplicitDependencyGeneratePcm arm64 /Users/runner/Library/Developer/Xcode/DerivedData/ModuleCache.noindex/SwiftShims-2IC1VW7SEJDJJWQTFLLL888RR.pcm

SwiftExplicitDependencyGeneratePcm arm64 /Users/runner/Library/Developer/Xcode/DerivedData/ModuleCache.noindex/_AvailabilityInternal-A72B61Z6S6AJ108SEYAINLVZ0.pcm

SwiftExplicitDependencyGeneratePcm arm64 /Users/runner/Library/Developer/Xcode/DerivedData/ModuleCache.noindex/_Builtin_stddef-E4GCIV4ANZLT6KLWD07OUVOD2.pcm

SwiftExplicitDependencyGeneratePcm arm64 /Users/runner/Library/Developer/Xcode/DerivedData/ModuleCache.noindex/ActivityKit-292FI2NJEWYT8UW7Z1XXVVR4W.pcm

SwiftExplicitDependencyGeneratePcm arm64 /Users/runner/Library/Developer/Xcode/DerivedData/ModuleCache.noindex/ptrcheck-CJMXUSH3LR4SB4J5FD4RYLGRQ.pcm

SwiftExplicitDependencyGeneratePcm arm64 /Users/runner/Library/Developer/Xcode/DerivedData/ModuleCache.noindex/_SwiftConcurrencyShims-8MELALRONI71T1MSW43RNDFK.pcm

SwiftExplicitDependencyGeneratePcm arm64 /Users/runner/Library/Developer/Xcode/DerivedData/ModuleCache.noindex/_Builtin_stdbool-3PNRWKV6U7IP5RDER7CE0ESGY.pcm

SwiftExplicitDependencyGeneratePcm arm64 /Users/runner/Library/Developer/Xcode/DerivedData/ModuleCache.noindex/_DarwinFoundation1-2QBNCP7GUXF83GKQKAB4RFLFK.pcm

SwiftExplicitDependencyGeneratePcm arm64 /Users/runner/Library/Developer/Xcode/DerivedData/ModuleCache.noindex/sys_types-PD12HKBGCS7I3OBLUYFEM91I.pcm

SwiftExplicitDependencyGeneratePcm arm64 /Users/runner/Library/Developer/Xcode/DerivedData/ModuleCache.noindex/_Builtin_stdint-615ELPXO79BLW33W9285OFC4J.pcm

SwiftExplicitDependencyGeneratePcm arm64 /Users/runner/Library/Developer/Xcode/DerivedData/ModuleCache.noindex/_DarwinFoundation3-ELTV2I42SPSDMPAUN6R858CGP.pcm

SwiftExplicitDependencyGeneratePcm arm64 /Users/runner/Library/Developer/Xcode/DerivedData/ModuleCache.noindex/_DarwinFoundation2-6L91C5Z9KUQ017R3U56A0RE7Z.pcm

SwiftExplicitDependencyGeneratePcm arm64 /Users/runner/Library/Developer/Xcode/DerivedData/ModuleCache.noindex/ExtensionFoundation-30N7CTEZYJ3270TYE48BCUOY.pcm

SwiftExplicitDependencyGeneratePcm arm64 /Users/runner/Library/Developer/Xcode/DerivedData/ModuleCache.noindex/_Builtin_limits-9HNVCQN453LU37ZIPQZGIV89E.pcm

SwiftExplicitDependencyGeneratePcm arm64 /Users/runner/Library/Developer/Xcode/DerivedData/ModuleCache.noindex/_Builtin_stdint-ZDC1PVYVSCPRB7JHCZWB1B16.pcm

SwiftExplicitDependencyGeneratePcm arm64 /Users/runner/Library/Developer/Xcode/DerivedData/ModuleCache.noindex/_Builtin_tgmath-2HJS77SWY1FVCBJV4TYIQFPRI.pcm

SwiftExplicitDependencyGeneratePcm arm64 /Users/runner/Library/Developer/Xcode/DerivedData/ModuleCache.noindex/sys_types-AEOSO07EY7QW5HKKPA1XQ74VT.pcm

SwiftExplicitDependencyGeneratePcm arm64 /Users/runner/Library/Developer/Xcode/DerivedData/ModuleCache.noindex/_Builtin_inttypes-24MMY0B1C8U8SGX8SA5DOMH7E.pcm

SwiftExplicitDependencyGeneratePcm arm64 /Users/runner/Library/Developer/Xcode/DerivedData/ModuleCache.noindex/_DarwinFoundation3-BP95BDNW9UCYM8ZIME93ELDU.pcm

SwiftExplicitDependencyGeneratePcm arm64 /Users/runner/Library/Developer/Xcode/DerivedData/ModuleCache.noindex/_Builtin_stdatomic-5FM1WXQ8O0PVWUV1VQOOJDY09.pcm

SwiftExplicitDependencyGeneratePcm arm64 /Users/runner/Library/Developer/Xcode/DerivedData/ModuleCache.noindex/_Builtin_intrinsics-81L64AJTDIWE1HMBBIR3OJUH3.pcm

SwiftExplicitDependencyGeneratePcm arm64 /Users/runner/Library/Developer/Xcode/DerivedData/ModuleCache.noindex/Darwin-65WM8VPK397D97H068127QY5O.pcm

SwiftExplicitDependencyGeneratePcm arm64 /Users/runner/Library/Developer/Xcode/DerivedData/ModuleCache.noindex/_Builtin_inttypes-8Q4WOFH1A0FVTNFAWN9FTR2Z3.pcm

SwiftExplicitDependencyGeneratePcm arm64 /Users/runner/Library/Developer/Xcode/DerivedData/ModuleCache.noindex/Darwin-A7EZOVGXNSHL98SGV7DRL4TZ8.pcm

SwiftExplicitDependencyGeneratePcm arm64 /Users/runner/Library/Developer/Xcode/DerivedData/ModuleCache.noindex/simd-2COXV8JV2D3F5ONA2PPAIZ1.pcm

SwiftExplicitDependencyGeneratePcm arm64 /Users/runner/Library/Developer/Xcode/DerivedData/ModuleCache.noindex/ObjectiveC-3CV5H2N98APNDCIC5G1BTGC4R.pcm

SwiftExplicitDependencyGeneratePcm arm64 /Users/runner/Library/Developer/Xcode/DerivedData/ModuleCache.noindex/ObjectiveC-F4JX60ERR358K951F6VFXUMEK.pcm

SwiftExplicitDependencyGeneratePcm arm64 /Users/runner/Library/Developer/Xcode/DerivedData/ModuleCache.noindex/MachO-3ELXUIMGP2XVYVLC8T9ZAH6GM.pcm

SwiftExplicitDependencyGeneratePcm arm64 /Users/runner/Library/Developer/Xcode/DerivedData/ModuleCache.noindex/os_object-D2LOHRIYDFC0AOQ4FJSAJFW40.pcm

SwiftExplicitDependencyGeneratePcm arm64 /Users/runner/Library/Developer/Xcode/DerivedData/ModuleCache.noindex/os_object-8WEJ51FMHIFKAI9U9NJIXL55V.pcm

SwiftExplicitDependencyGeneratePcm arm64 /Users/runner/Library/Developer/Xcode/DerivedData/ModuleCache.noindex/os_workgroup-CE7977O20A383DSAPAP1MHRRB.pcm

SwiftExplicitDependencyGeneratePcm arm64 /Users/runner/Library/Developer/Xcode/DerivedData/ModuleCache.noindex/os_workgroup-9G8WSHD7HTWW6X4OH0KDK6BOS.pcm

SwiftExplicitDependencyGeneratePcm arm64 /Users/runner/Library/Developer/Xcode/DerivedData/ModuleCache.noindex/Dispatch-3DQCX18X5AV2BIOD4WCYNOK4G.pcm

SwiftExplicitDependencyGeneratePcm arm64 /Users/runner/Library/Developer/Xcode/DerivedData/ModuleCache.noindex/Dispatch-69DQGCDDZXD3L7QJ3P40KEPTZ.pcm

SwiftExplicitDependencyGeneratePcm arm64 /Users/runner/Library/Developer/Xcode/DerivedData/ModuleCache.noindex/dnssd-E5INH01FYZJRXOHXT8H69QPH.pcm

SwiftExplicitDependencyGeneratePcm arm64 /Users/runner/Library/Developer/Xcode/DerivedData/ModuleCache.noindex/XPC-GOD69N6HIZI87N3ARARRKK0Q.pcm

SwiftExplicitDependencyGeneratePcm arm64 /Users/runner/Library/Developer/Xcode/DerivedData/ModuleCache.noindex/XPC-4OI848FPRQOOYJFA96XIRFLWJ.pcm

SwiftExplicitDependencyGeneratePcm arm64 /Users/runner/Library/Developer/Xcode/DerivedData/ModuleCache.noindex/CoreFoundation-7Z67H59FM1XPURJ1CATKTTWEG.pcm

SwiftExplicitDependencyGeneratePcm arm64 /Users/runner/Library/Developer/Xcode/DerivedData/ModuleCache.noindex/CoreFoundation-53QAUNQDHRS0NCFJ786MV5UCW.pcm

SwiftExplicitDependencyGeneratePcm arm64 /Users/runner/Library/Developer/Xcode/DerivedData/ModuleCache.noindex/os-BA7R3I23C5D0YSSK3BQL1CWKE.pcm

SwiftExplicitDependencyGeneratePcm arm64 /Users/runner/Library/Developer/Xcode/DerivedData/ModuleCache.noindex/Security-52QF9RH27YX0RP9EB9DW6J6ER.pcm

SwiftExplicitDependencyGeneratePcm arm64 /Users/runner/Library/Developer/Xcode/DerivedData/ModuleCache.noindex/CFNetwork-7HMXZAFU1RW4R4177IUXTMSY0.pcm

SwiftExplicitDependencyGeneratePcm arm64 /Users/runner/Library/Developer/Xcode/DerivedData/ModuleCache.noindex/Security-DKPO6BGELNP41W4MHF8WDR3WE.pcm

SwiftExplicitDependencyGeneratePcm arm64 /Users/runner/Library/Developer/Xcode/DerivedData/ModuleCache.noindex/CoreGraphics-E7E6PVIJBJCIMS9KF91X56IUI.pcm

SwiftExplicitDependencyGeneratePcm arm64 /Users/runner/Library/Developer/Xcode/DerivedData/ModuleCache.noindex/CFNetwork-1FN5YXNMQBAKI9HNEB7TSXT6J.pcm

SwiftExplicitDependencyGeneratePcm arm64 /Users/runner/Library/Developer/Xcode/DerivedData/ModuleCache.noindex/Spatial-39L0O1H2ZTD2LDXS032VHA0W3.pcm

SwiftExplicitDependencyGeneratePcm arm64 /Users/runner/Library/Developer/Xcode/DerivedData/ModuleCache.noindex/Foundation-3HHWCH741T49CSBURNRR9X1TU.pcm

SwiftExplicitDependencyGeneratePcm arm64 /Users/runner/Library/Developer/Xcode/DerivedData/ModuleCache.noindex/Foundation-4SECALFMSRMLBHX5HU0S5AKYC.pcm

SwiftExplicitDependencyGeneratePcm arm64 /Users/runner/Library/Developer/Xcode/DerivedData/ModuleCache.noindex/ImageIO-38Z5VJG0W8ST3V4F7KMOOUJPL.pcm

SwiftExplicitDependencyGeneratePcm arm64 /Users/runner/Library/Developer/Xcode/DerivedData/ModuleCache.noindex/CoreText-8QKMCK8ZY1HMKNE8Q7M3BOJV2.pcm

SwiftCompile normal arm64 Compiling\ Analysis.swift,\ Availability.swift,\ NaturalLanguageParser.swift,\ PlanningModels.swift,\ Scheduler.swift,\ TimeMath.swift /Users/runner/work/Tagesplaner/Tagesplaner/Packages/PlannerCore/Sources/PlannerCore/Analysis.swift /Users/runner/work/Tagesplaner/Tagesplaner/Packages/PlannerCore/Sources/PlannerCore/Availability.swift /Users/runner/work/Tagesplaner/Tagesplaner/Packages/PlannerCore/Sources/PlannerCore/NaturalLanguageParser.swift /Users/runner/work/Tagesplaner/Tagesplaner/Packages/PlannerCore/Sources/PlannerCore/PlanningModels.swift /Users/runner/work/Tagesplaner/Tagesplaner/Packages/PlannerCore/Sources/PlannerCore/Scheduler.swift /Users/runner/work/Tagesplaner/Tagesplaner/Packages/PlannerCore/Sources/PlannerCore/TimeMath.swift /Applications/Xcode_26.6.app/Contents/Developer/Toolchains/XcodeDefault.xctoolchain/usr/lib/swift/iphoneos/prebuilt-modules/26.5/_Builtin_float.swiftmodule/arm64e-apple-ios.swiftmodule /Applications/Xcode_26.6.app/Contents/Developer/Toolchains/XcodeDefault.xctoolchain/usr/lib/swift/iphoneos/prebuilt-modules/26.5/Foundation.swiftmodule/arm64e-apple-ios.swiftmodule /Applications/Xcode_26.6.app/Contents/Developer/Toolchains/XcodeDefault.xctoolchain/usr/lib/swift/iphoneos/prebuilt-modules/26.5/Swift.swiftmodule/arm64e-apple-ios.swiftmodule /Applications/Xcode_26.6.app/Contents/Developer/Toolchains/XcodeDefault.xctoolchain/usr/lib/swift/iphoneos/prebuilt-modules/26.5/_DarwinFoundation1.swiftmodule/arm64e-apple-ios.swiftmodule /Applications/Xcode_26.6.app/Contents/Developer/Toolchains/XcodeDefault.xctoolchain/usr/lib/swift/iphoneos/prebuilt-modules/26.5/XPC.swiftmodule/arm64e-apple-ios.swiftmodule /Applications/Xcode_26.6.app/Contents/Developer/Toolchains/XcodeDefault.xctoolchain/usr/lib/swift/iphoneos/prebuilt-modules/26.5/_DarwinFoundation3.swiftmodule/arm64e-apple-ios.swiftmodule /Applications/Xcode_26.6.app/Contents/Developer/Toolchains/XcodeDefault.xctoolchain/usr/lib/swift/iphoneos/prebuilt-modules/26.5/Dispatch.swiftmodule/arm64e-apple-ios.swiftmodule /Applications/Xcode_26.6.app/Contents/Developer/Toolchains/XcodeDefault.xctoolchain/usr/lib/swift/iphoneos/prebuilt-modules/26.5/Observation.swiftmodule/arm64e-apple-ios.swiftmodule /Applications/Xcode_26.6.app/Contents/Developer/Toolchains/XcodeDefault.xctoolchain/usr/lib/swift/iphoneos/prebuilt-modules/26.5/CoreFoundation.swiftmodule/arm64e-apple-ios.swiftmodule /Applications/Xcode_26.6.app/Contents/Developer/Toolchains/XcodeDefault.xctoolchain/usr/lib/swift/iphoneos/prebuilt-modules/26.5/System.swiftmodule/arm64e-apple-ios.swiftmodule /Applications/Xcode_26.6.app/Contents/Developer/Toolchains/XcodeDefault.xctoolchain/usr/lib/swift/iphoneos/prebuilt-modules/26.5/Combine.swiftmodule/arm64e-apple-ios.swiftmodule /Applications/Xcode_26.6.app/Contents/Developer/Toolchains/XcodeDefault.xctoolchain/usr/lib/swift/iphoneos/prebuilt-modules/26.5/ObjectiveC.swiftmodule/arm64e-apple-ios.swiftmodule /Applications/Xcode_26.6.app/Contents/Developer/Toolchains/XcodeDefault.xctoolchain/usr/lib/swift/iphoneos/prebuilt-modules/26.5/_StringProcessing.swiftmodule/arm64e-apple-ios.swiftmodule /Applications/Xcode_26.6.app/Contents/Developer/Toolchains/XcodeDefault.xctoolchain/usr/lib/swift/iphoneos/prebuilt-modules/26.5/Darwin.swiftmodule/arm64e-apple-ios.swiftmodule /Applications/Xcode_26.6.app/Contents/Developer/Toolchains/XcodeDefault.xctoolchain/usr/lib/swift/iphoneos/prebuilt-modules/26.5/_DarwinFoundation2.swiftmodule/arm64e-apple-ios.swiftmodule /Applications/Xcode_26.6.app/Contents/Developer/Toolchains/XcodeDefault.xctoolchain/usr/lib/swift/iphoneos/prebuilt-modules/26.5/_Concurrency.swiftmodule/arm64e-apple-ios.swiftmodule /Users/runner/Library/Developer/Xcode/DerivedData/ModuleCache.noindex/_DarwinFoundation3-ELTV2I42SPSDMPAUN6R858CGP.pcm /Users/runner/Library/Developer/Xcode/DerivedData/ModuleCache.noindex/_Builtin_inttypes-24MMY0B1C8U8SGX8SA5DOMH7E.pcm /Users/runner/Library/Developer/Xcode/DerivedData/ModuleCache.noindex/Dispatch-3DQCX18X5AV2BIOD4WCYNOK4G.pcm /Users/runner/Library/Developer/Xcode/DerivedData/ModuleCache.noindex/_Builtin_stddef-EZS4ZNRM8Q2C78X23DUBCD7YH.pcm /Users/runner/Library/Developer/Xcode/DerivedData/ModuleCache.noindex/CoreFoundation-7Z67H59FM1XPURJ1CATKTTWEG.pcm /Users/runner/Library/Developer/Xcode/DerivedData/ModuleCache.noindex/_DarwinFoundation2-EXJBHLC8V2ZY8CF0BNQD97LYN.pcm /Users/runner/Library/Developer/Xcode/DerivedData/ModuleCache.noindex/SwiftShims-726JJO2L9PNSQ7U4XETGG7EE9.pcm /Users/runner/Library/Developer/Xcode/DerivedData/ModuleCache.noindex/_AvailabilityInternal-6LVX40WLXKF2N0RR7RLLLI88G.pcm /Users/runner/Library/Developer/Xcode/DerivedData/ModuleCache.noindex/ObjectiveC-3CV5H2N98APNDCIC5G1BTGC4R.pcm /Users/runner/Library/Developer/Xcode/DerivedData/ModuleCache.noindex/_Builtin_float-C2XYXATN22CCJKOBJXFM515SB.pcm /Users/runner/Library/Developer/Xcode/DerivedData/ModuleCache.noindex/_Builtin_stdarg-4LSG676VX6ZX2XHZ6XO9V8K9F.pcm /Users/runner/Library/Developer/Xcode/DerivedData/ModuleCache.noindex/os_object-D2LOHRIYDFC0AOQ4FJSAJFW40.pcm /Users/runner/Library/Developer/Xcode/DerivedData/ModuleCache.noindex/Foundation-4SECALFMSRMLBHX5HU0S5AKYC.pcm /Users/runner/Library/Developer/Xcode/DerivedData/ModuleCache.noindex/sys_types-PD12HKBGCS7I3OBLUYFEM91I.pcm /Users/runner/Library/Developer/Xcode/DerivedData/ModuleCache.noindex/_SwiftConcurrencyShims-72MI7WHN08305D73FERVYXX8Q.pcm /Users/runner/Library/Developer/Xcode/DerivedData/ModuleCache.noindex/CFNetwork-1FN5YXNMQBAKI9HNEB7TSXT6J.pcm /Users/runner/Library/Developer/Xcode/DerivedData/ModuleCache.noindex/_Builtin_stdint-615ELPXO79BLW33W9285OFC4J.pcm /Users/runner/Library/Developer/Xcode/DerivedData/ModuleCache.noindex/os_workgroup-CE7977O20A383DSAPAP1MHRRB.pcm /Users/runner/Library/Developer/Xcode/DerivedData/ModuleCache.noindex/ptrcheck-CPFBHC98T0YO5BMJL4XPQ5DVJ.pcm /Users/runner/Library/Developer/Xcode/DerivedData/ModuleCache.noindex/_Builtin_stdbool-77FQHXEDHJJ5LR78OJZFL3ESV.pcm /Users/runner/Library/Developer/Xcode/DerivedData/ModuleCache.noindex/XPC-4OI848FPRQOOYJFA96XIRFLWJ.pcm /Users/runner/Library/Developer/Xcode/DerivedData/ModuleCache.noindex/_Builtin_limits-8GAG1SMFSA3JGYHE8DFCLSKBW.pcm /Users/runner/Library/Developer/Xcode/DerivedData/ModuleCache.noindex/ptrauth-E1M8RH4XGX41AS9L3T48B2VC8.pcm /Users/runner/Library/Developer/Xcode/DerivedData/ModuleCache.noindex/_DarwinFoundation1-D0HH3AJXTD7OKMTUR2FXWNRVQ.pcm /Users/runner/Library/Developer/Xcode/DerivedData/ModuleCache.noindex/Darwin-65WM8VPK397D97H068127QY5O.pcm /Users/runner/Library/Developer/Xcode/DerivedData/ModuleCache.noindex/Security-52QF9RH27YX0RP9EB9DW6J6ER.pcm /Users/runner/Library/Developer/Xcode/DerivedData/Tagesplaner-dkpwbnnmvnqrwwcyvjakukgkxuzu/Build/Intermediates.noindex/PlannerCore.build/Release-iphoneos/PlannerCore.build/Objects-normal/arm64/PlannerCore-dependencies-1.json (in target 'PlannerCore' from project 'PlannerCore')

CompileSwift normal arm64 (in target 'PlannerCore' from project 'PlannerCore')
    cd /Users/runner/work/Tagesplaner/Tagesplaner/Tagesplaner.xcodeproj
    

SwiftExplicitDependencyGeneratePcm arm64 /Users/runner/Library/Developer/Xcode/DerivedData/ModuleCache.noindex/CoreTransferable-BR30ELP92CIVSHMVRUJ72BLVY.pcm

SwiftExplicitDependencyGeneratePcm arm64 /Users/runner/Library/Developer/Xcode/DerivedData/ModuleCache.noindex/Symbols-4C68NZBZQ2VPPWSPMZNZSPQA0.pcm

SwiftExplicitDependencyGeneratePcm arm64 /Users/runner/Library/Developer/Xcode/DerivedData/ModuleCache.noindex/OSLog-ASQPTFW0LF1S8DJGEWEDGF197.pcm

SwiftExplicitDependencyGeneratePcm arm64 /Users/runner/Library/Developer/Xcode/DerivedData/ModuleCache.noindex/UIUtilities-BSOIJAKAWBE0C3WG0PD2V4P6H.pcm

SwiftExplicitDependencyGeneratePcm arm64 /Users/runner/Library/Developer/Xcode/DerivedData/ModuleCache.noindex/UniformTypeIdentifiers-2RUMI3ZYH6XB3J6LMGHU689Q6.pcm

SwiftExplicitDependencyGeneratePcm arm64 /Users/runner/Library/Developer/Xcode/DerivedData/ModuleCache.noindex/Accessibility-1HBSN88DEOCULQ9GRUJOEONT1.pcm

SwiftExplicitDependencyGeneratePcm arm64 /Users/runner/Library/Developer/Xcode/DerivedData/ModuleCache.noindex/Network-9LM0LF0BNAXUZ5HJAVCXEYZWM.pcm

SwiftExplicitDependencyGeneratePcm arm64 /Users/runner/Library/Developer/Xcode/DerivedData/ModuleCache.noindex/WidgetKit-C2HTPE0L4GQ4T2VRA7RIOC493.pcm

SwiftExplicitDependencyGeneratePcm arm64 /Users/runner/Library/Developer/Xcode/DerivedData/ModuleCache.noindex/IOSurface-4EXW04ZJ7W1EORJDG6C45EB1U.pcm

SwiftExplicitDependencyGeneratePcm arm64 /Users/runner/Library/Developer/Xcode/DerivedData/ModuleCache.noindex/AppIntents-4O99VCJMQSV5R40PWM4HJ0MEC.pcm

SwiftExplicitDependencyGeneratePcm arm64 /Users/runner/Library/Developer/Xcode/DerivedData/ModuleCache.noindex/OpenGLES-EME6M6UQB08MAC8U7NF5S8II7.pcm

SwiftExplicitDependencyGeneratePcm arm64 /Users/runner/Library/Developer/Xcode/DerivedData/ModuleCache.noindex/CoreData-96IN9CNC0X4I4UPQ1EPLJKGVM.pcm

SwiftExplicitDependencyGeneratePcm arm64 /Users/runner/Library/Developer/Xcode/DerivedData/ModuleCache.noindex/Metal-8DZEYBY3G1H45NPF2W3J0NTNO.pcm

SwiftExplicitDependencyGeneratePcm arm64 /Users/runner/Library/Developer/Xcode/DerivedData/ModuleCache.noindex/CoreSpotlight-2MVLWHWZMUA7LWQ9GPXL26B9N.pcm

SwiftExplicitDependencyGeneratePcm arm64 /Users/runner/Library/Developer/Xcode/DerivedData/ModuleCache.noindex/RelevanceKit-6VPH8HXDDY8UOQ6JYT96FNQFY.pcm

SwiftExplicitDependencyGeneratePcm arm64 /Users/runner/Library/Developer/Xcode/DerivedData/ModuleCache.noindex/UserNotifications-DAUAE8WUUMOLKQP28YFETRUOL.pcm

SwiftExplicitDependencyGeneratePcm arm64 /Users/runner/Library/Developer/Xcode/DerivedData/ModuleCache.noindex/FileProvider-3NSV4YACM5VARRTN1QC14SNL3.pcm

SwiftExplicitDependencyGeneratePcm arm64 /Users/runner/Library/Developer/Xcode/DerivedData/ModuleCache.noindex/CoreVideo-DS6OXG7GJ7EZ6JLCIXT6YU9J8.pcm

SwiftExplicitDependencyGeneratePcm arm64 /Users/runner/Library/Developer/Xcode/DerivedData/ModuleCache.noindex/_LocationEssentials-GAIJNUIWPO2S3BFKT9KSCE7V.pcm

SwiftExplicitDependencyGeneratePcm arm64 /Users/runner/Library/Developer/Xcode/DerivedData/ModuleCache.noindex/DataDetection-D27H1CSIE312WXPPVWI8Z0630.pcm

SwiftExplicitDependencyGeneratePcm arm64 /Users/runner/Library/Developer/Xcode/DerivedData/ModuleCache.noindex/CoreImage-PDDX7DCTMHI0FGRR58ZRPWCI.pcm

SwiftExplicitDependencyGeneratePcm arm64 /Users/runner/Library/Developer/Xcode/DerivedData/ModuleCache.noindex/CoreLocation-DMH7EDQQ33HUJX3YYXN0TBNKK.pcm

SwiftExplicitDependencyGeneratePcm arm64 /Users/runner/Library/Developer/Xcode/DerivedData/ModuleCache.noindex/QuartzCore-3W1EOB32NOJ98L406VNB8MWJL.pcm

SwiftExplicitDependencyGeneratePcm arm64 /Users/runner/Library/Developer/Xcode/DerivedData/ModuleCache.noindex/Intents-BOEOIR1UUIRYLYYJ0SMGPW2QU.pcm

SwiftExplicitDependencyGeneratePcm arm64 /Users/runner/Library/Developer/Xcode/DerivedData/ModuleCache.noindex/SwiftUICore-EJLYDWCWIJSX8YBNCX5Y0R2AS.pcm

SwiftExplicitDependencyGeneratePcm arm64 /Users/runner/Library/Developer/Xcode/DerivedData/ModuleCache.noindex/UIKit-C6JD8N652RYF1G0H83UI3D3PV.pcm

SwiftExplicitDependencyGeneratePcm arm64 /Users/runner/Library/Developer/Xcode/DerivedData/ModuleCache.noindex/SwiftUI-5KU8QF0ZED8LQBMZ35JB1FT75.pcm

SwiftCompile normal arm64 Compiling\ AppGroup.swift,\ DayActivityAttributes.swift,\ LiveActivityWidget.swift,\ PlanWidgets.swift,\ Theme.swift,\ WidgetBundle.swift,\ WidgetSnapshot.swift /Users/runner/work/Tagesplaner/Tagesplaner/Shared/AppGroup.swift /Users/runner/work/Tagesplaner/Tagesplaner/Shared/DayActivityAttributes.swift /Users/runner/work/Tagesplaner/Tagesplaner/Widgets/LiveActivityWidget.swift /Users/runner/work/Tagesplaner/Tagesplaner/Widgets/PlanWidgets.swift /Users/runner/work/Tagesplaner/Tagesplaner/Shared/Theme.swift /Users/runner/work/Tagesplaner/Tagesplaner/Widgets/WidgetBundle.swift /Users/runner/work/Tagesplaner/Tagesplaner/Shared/WidgetSnapshot.swift /Applications/Xcode_26.6.app/Contents/Developer/Toolchains/XcodeDefault.xctoolchain/usr/lib/swift/iphoneos/prebuilt-modules/26.5/WidgetKit.swiftmodule/arm64e-apple-ios.swiftmodule /Applications/Xcode_26.6.app/Contents/Developer/Toolchains/XcodeDefault.xctoolchain/usr/lib/swift/iphoneos/prebuilt-modules/26.5/CoreTransferable.swiftmodule/arm64e-apple-ios.swiftmodule /Applications/Xcode_26.6.app/Contents/Developer/Toolchains/XcodeDefault.xctoolchain/usr/lib/swift/iphoneos/prebuilt-modules/26.5/SwiftUICore.swiftmodule/arm64e-apple-ios.swiftmodule /Applications/Xcode_26.6.app/Contents/Developer/Toolchains/XcodeDefault.xctoolchain/usr/lib/swift/iphoneos/prebuilt-modules/26.5/Spatial.swiftmodule/arm64e-apple-ios.swiftmodule /Applications/Xcode_26.6.app/Contents/Developer/Toolchains/XcodeDefault.xctoolchain/usr/lib/swift/iphoneos/prebuilt-modules/26.5/Swift.swiftmodule/arm64e-apple-ios.swiftmodule /Applications/Xcode_26.6.app/Contents/Developer/Toolchains/XcodeDefault.xctoolchain/usr/lib/swift/iphoneos/prebuilt-modules/26.5/AppIntents.swiftmodule/arm64e-apple-ios.swiftmodule /Applications/Xcode_26.6.app/Contents/Developer/Toolchains/XcodeDefault.xctoolchain/usr/lib/swift/iphoneos/prebuilt-modules/26.5/QuartzCore.swiftmodule/arm64e-apple-ios.swiftmodule /Applications/Xcode_26.6.app/Contents/Developer/Toolchains/XcodeDefault.xctoolchain/usr/lib/swift/iphoneos/prebuilt-modules/26.5/Symbols.swiftmodule/arm64e-apple-ios.swiftmodule /Applications/Xcode_26.6.app/Contents/Developer/Toolchains/XcodeDefault.xctoolchain/usr/lib/swift/iphoneos/prebuilt-modules/26.5/Foundation.swiftmodule/arm64e-apple-ios.swiftmodule /Applications/Xcode_26.6.app/Contents/Developer/Toolchains/XcodeDefault.xctoolchain/usr/lib/swift/iphoneos/prebuilt-modules/26.5/Combine.swiftmodule/arm64e-apple-ios.swiftmodule /Applications/Xcode_26.6.app/Contents/Developer/Toolchains/XcodeDefault.xctoolchain/usr/lib/swift/iphoneos/prebuilt-modules/26.5/DataDetection.swiftmodule/arm64e-apple-ios.swiftmodule /Applications/Xcode_26.6.app/Contents/Developer/Toolchains/XcodeDefault.xctoolchain/usr/lib/swift/iphoneos/prebuilt-modules/26.5/XPC.swiftmodule/arm64e-apple-ios.swiftmodule /Applications/Xcode_26.6.app/Contents/Developer/Toolchains/XcodeDefault.xctoolchain/usr/lib/swift/iphoneos/prebuilt-modules/26.5/CoreImage.swiftmodule/arm64e-apple-ios.swiftmodule /Applications/Xcode_26.6.app/Contents/Developer/Toolchains/XcodeDefault.xctoolchain/usr/lib/swift/iphoneos/prebuilt-modules/26.5/_DarwinFoundation3.swiftmodule/arm64e-apple-ios.swiftmodule /Applications/Xcode_26.6.app/Contents/Developer/Toolchains/XcodeDefault.xctoolchain/usr/lib/swift/iphoneos/prebuilt-modules/26.5/CoreSpotlight.swiftmodule/arm64e-apple-ios.swiftmodule /Applications/Xcode_26.6.app/Contents/Developer/Toolchains/XcodeDefault.xctoolchain/usr/lib/swift/iphoneos/prebuilt-modules/26.5/Observation.swiftmodule/arm64e-apple-ios.swiftmodule /Applications/Xcode_26.6.app/Contents/Developer/Toolchains/XcodeDefault.xctoolchain/usr/lib/swift/iphoneos/prebuilt-modules/26.5/UniformTypeIdentifiers.swiftmodule/arm64e-apple-ios.swiftmodule /Applications/Xcode_26.6.app/Contents/Developer/Toolchains/XcodeDefault.xctoolchain/usr/lib/swift/iphoneos/prebuilt-modules/26.5/DeveloperToolsSupport.swiftmodule/arm64e-apple-ios.swiftmodule /Applications/Xcode_26.6.app/Contents/Developer/Toolchains/XcodeDefault.xctoolchain/usr/lib/swift/iphoneos/prebuilt-modules/26.5/Distributed.swiftmodule/arm64e-apple-ios.swiftmodule /Applications/Xcode_26.6.app/Contents/Developer/Toolchains/XcodeDefault.xctoolchain/usr/lib/swift/iphoneos/prebuilt-modules/26.5/simd.swiftmodule/arm64e-apple-ios.swiftmodule /Applications/Xcode_26.6.app/Contents/Developer/Toolchains/XcodeDefault.xctoolchain/usr/lib/swift/iphoneos/prebuilt-modules/26.5/LightweightCodeRequirements.swiftmodule/arm64e-apple-ios.swiftmodule /Applications/Xcode_26.6.app/Contents/Developer/Toolchains/XcodeDefault.xctoolchain/usr/lib/swift/iphoneos/prebuilt-modules/26.5/CoreGraphics.swiftmodule/arm64e-apple-ios.swiftmodule /Applications/Xcode_26.6.app/Contents/Developer/Toolchains/XcodeDefault.xctoolchain/usr/lib/swift/iphoneos/prebuilt-modules/26.5/_Builtin_float.swiftmodule/arm64e-apple-ios.swiftmodule /Applications/Xcode_26.6.app/Contents/Developer/Toolchains/XcodeDefault.xctoolchain/usr/lib/swift/iphoneos/prebuilt-modules/26.5/RelevanceKit.swiftmodule/arm64e-apple-ios.swiftmodule /Applications/Xcode_26.6.app/Contents/Developer/Toolchains/XcodeDefault.xctoolchain/usr/lib/swift/iphoneos/prebuilt-modules/26.5/_AppIntents_SwiftUI.swiftmodule/arm64e-apple-ios.swiftmodule /Applications/Xcode_26.6.app/Contents/Developer/Toolchains/XcodeDefault.xctoolchain/usr/lib/swift/iphoneos/prebuilt-modules/26.5/Intents.swiftmodule/arm64e-apple-ios.swiftmodule /Applications/Xcode_26.6.app/Contents/Developer/Toolchains/XcodeDefault.xctoolchain/usr/lib/swift/iphoneos/prebuilt-modules/26.5/System.swiftmodule/arm64e-apple-ios.swiftmodule /Applications/Xcode_26.6.app/Contents/Developer/Toolchains/XcodeDefault.xctoolchain/usr/lib/swift/iphoneos/prebuilt-modules/26.5/Darwin.swiftmodule/arm64e-apple-ios.swiftmodule /Applications/Xcode_26.6.app/Contents/Developer/Toolchains/XcodeDefault.xctoolchain/usr/lib/swift/iphoneos/prebuilt-modules/26.5/CoreData.swiftmodule/arm64e-apple-ios.swiftmodule /Applications/Xcode_26.6.app/Contents/Developer/Toolchains/XcodeDefault.xctoolchain/usr/lib/swift/iphoneos/prebuilt-modules/26.5/ExtensionFoundation.swiftmodule/arm64e-apple-ios.swiftmodule /Applications/Xcode_26.6.app/Contents/Developer/Toolchains/XcodeDefault.xctoolchain/usr/lib/swift/iphoneos/prebuilt-modules/26.5/_Concurrency.swiftmodule/arm64e-apple-ios.swiftmodule /Applications/Xcode_26.6.app/Contents/Developer/Toolchains/XcodeDefault.xctoolchain/usr/lib/swift/iphoneos/prebuilt-modules/26.5/OSLog.swiftmodule/arm64e-apple-ios.swiftmodule /Applications/Xcode_26.6.app/Contents/Developer/Toolchains/XcodeDefault.xctoolchain/usr/lib/swift/iphoneos/prebuilt-modules/26.5/_DarwinFoundation1.swiftmodule/arm64e-apple-ios.swiftmodule /Applications/Xcode_26.6.app/Contents/Developer/Toolchains/XcodeDefault.xctoolchain/usr/lib/swift/iphoneos/prebuilt-modules/26.5/ObjectiveC.swiftmodule/arm64e-apple-ios.swiftmodule /Applications/Xcode_26.6.app/Contents/Developer/Toolchains/XcodeDefault.xctoolchain/usr/lib/swift/iphoneos/prebuilt-modules/26.5/Network.swiftmodule/arm64e-apple-ios.swiftmodule /Applications/Xcode_26.6.app/Contents/Developer/Toolchains/XcodeDefault.xctoolchain/usr/lib/swift/iphoneos/prebuilt-modules/26.5/os.swiftmodule/arm64e-apple-ios.swiftmodule /Applications/Xcode_26.6.app/Contents/Developer/Toolchains/XcodeDefault.xctoolchain/usr/lib/swift/iphoneos/prebuilt-modules/26.5/CoreLocation.swiftmodule/arm64e-apple-ios.swiftmodule /Applications/Xcode_26.6.app/Contents/Developer/Toolchains/XcodeDefault.xctoolchain/usr/lib/swift/iphoneos/prebuilt-modules/26.5/Metal.swiftmodule/arm64e-apple-ios.swiftmodule /Applications/Xcode_26.6.app/Contents/Developer/Toolchains/XcodeDefault.xctoolchain/usr/lib/swift/iphoneos/prebuilt-modules/26.5/ActivityKit.swiftmodule/arm64e-apple-ios.swiftmodule /Applications/Xcode_26.6.app/Contents/Developer/Toolchains/XcodeDefault.xctoolchain/usr/lib/swift/iphoneos/prebuilt-modules/26.5/Dispatch.swiftmodule/arm64e-apple-ios.swiftmodule /Applications/Xcode_26.6.app/Contents/Developer/Toolchains/XcodeDefault.xctoolchain/usr/lib/swift/iphoneos/prebuilt-modules/26.5/UIKit.swiftmodule/arm64e-apple-ios.swiftmodule /Applications/Xcode_26.6.app/Contents/Developer/Toolchains/XcodeDefault.xctoolchain/usr/lib/swift/iphoneos/prebuilt-modules/26.5/CoreVideo.swiftmodule/arm64e-apple-ios.swiftmodule /Applications/Xcode_26.6.app/Contents/Developer/Toolchains/XcodeDefault.xctoolchain/usr/lib/swift/iphoneos/prebuilt-modules/26.5/FileProvider.swiftmodule/arm64e-apple-ios.swiftmodule /Applications/Xcode_26.6.app/Contents/Developer/Toolchains/XcodeDefault.xctoolchain/usr/lib/swift/iphoneos/prebuilt-modules/26.5/SwiftUI.swiftmodule/arm64e-apple-ios.swiftmodule /Applications/Xcode_26.6.app/Contents/Developer/Toolchains/XcodeDefault.xctoolchain/usr/lib/swift/iphoneos/prebuilt-modules/26.5/CoreText.swiftmodule/arm64e-apple-ios.swiftmodule /Applications/Xcode_26.6.app/Contents/Developer/Toolchains/XcodeDefault.xctoolchain/usr/lib/swift/iphoneos/prebuilt-modules/26.5/Accessibility.swiftmodule/arm64e-apple-ios.swiftmodule /Applications/Xcode_26.6.app/Contents/Developer/Toolchains/XcodeDefault.xctoolchain/usr/lib/swift/iphoneos/prebuilt-modules/26.5/_StringProcessing.swiftmodule/arm64e-apple-ios.swiftmodule /Applications/Xcode_26.6.app/Contents/Developer/Toolchains/XcodeDefault.xctoolchain/usr/lib/swift/iphoneos/prebuilt-modules/26.5/_DarwinFoundation2.swiftmodule/arm64e-apple-ios.swiftmodule /Applications/Xcode_26.6.app/Contents/Developer/Toolchains/XcodeDefault.xctoolchain/usr/lib/swift/iphoneos/prebuilt-modules/26.5/CoreFoundation.swiftmodule/arm64e-apple-ios.swiftmodule /Users/runner/Library/Developer/Xcode/DerivedData/ModuleCache.noindex/Intents-BOEOIR1UUIRYLYYJ0SMGPW2QU.pcm /Users/runner/Library/Developer/Xcode/DerivedData/ModuleCache.noindex/_Builtin_intrinsics-81L64AJTDIWE1HMBBIR3OJUH3.pcm /Users/runner/Library/Developer/Xcode/DerivedData/ModuleCache.noindex/_Builtin_stddef-E4GCIV4ANZLT6KLWD07OUVOD2.pcm /Users/runner/Library/Developer/Xcode/DerivedData/ModuleCache.noindex/_Builtin_float-8B3H1CYJC5RVYJI6YLSPIWJHX.pcm /Users/runner/Library/Developer/Xcode/DerivedData/ModuleCache.noindex/Accessibility-1HBSN88DEOCULQ9GRUJOEONT1.pcm /Users/runner/Library/Developer/Xcode/DerivedData/ModuleCache.noindex/Dispatch-69DQGCDDZXD3L7QJ3P40KEPTZ.pcm /Users/runner/Library/Developer/Xcode/DerivedData/ModuleCache.noindex/_Builtin_inttypes-8Q4WOFH1A0FVTNFAWN9FTR2Z3.pcm /Users/runner/Library/Developer/Xcode/DerivedData/ModuleCache.noindex/ptrauth-17DP4UX9P4F7CSDUSNZ4P05ZK.pcm /Users/runner/Library/Developer/Xcode/DerivedData/ModuleCache.noindex/_Builtin_tgmath-2HJS77SWY1FVCBJV4TYIQFPRI.pcm /Users/runner/Library/Developer/Xcode/DerivedData/ModuleCache.noindex/UniformTypeIdentifiers-2RUMI3ZYH6XB3J6LMGHU689Q6.pcm /Users/runner/Library/Developer/Xcode/DerivedData/ModuleCache.noindex/simd-2COXV8JV2D3F5ONA2PPAIZ1.pcm /Users/runner/Library/Developer/Xcode/DerivedData/ModuleCache.noindex/ExtensionFoundation-30N7CTEZYJ3270TYE48BCUOY.pcm /Users/runner/Library/Developer/Xcode/DerivedData/ModuleCache.noindex/sys_types-AEOSO07EY7QW5HKKPA1XQ74VT.pcm /Users/runner/Library/Developer/Xcode/DerivedData/ModuleCache.noindex/_LocationEssentials-GAIJNUIWPO2S3BFKT9KSCE7V.pcm /Users/runner/Library/Developer/Xcode/DerivedData/ModuleCache.noindex/SwiftUI-5KU8QF0ZED8LQBMZ35JB1FT75.pcm /Users/runner/Library/Developer/Xcode/DerivedData/ModuleCache.noindex/_Builtin_stdint-ZDC1PVYVSCPRB7JHCZWB1B16.pcm /Users/runner/Library/Developer/Xcode/DerivedData/ModuleCache.noindex/_AvailabilityInternal-A72B61Z6S6AJ108SEYAINLVZ0.pcm /Users/runner/Library/Developer/Xcode/DerivedData/ModuleCache.noindex/DeveloperToolsSupport-5EK5ARHIG58AFTTNAAGGDUY2W.pcm /Users/runner/Library/Developer/Xcode/DerivedData/ModuleCache.noindex/CoreText-8QKMCK8ZY1HMKNE8Q7M3BOJV2.pcm /Users/runner/Library/Developer/Xcode/DerivedData/ModuleCache.noindex/SwiftUICore-EJLYDWCWIJSX8YBNCX5Y0R2AS.pcm /Users/runner/Library/Developer/Xcode/DerivedData/ModuleCache.noindex/_DarwinFoundation3-BP95BDNW9UCYM8ZIME93ELDU.pcm /Users/runner/Library/Developer/Xcode/DerivedData/ModuleCache.noindex/ptrcheck-CJMXUSH3LR4SB4J5FD4RYLGRQ.pcm /Users/runner/Library/Developer/Xcode/DerivedData/ModuleCache.noindex/CoreFoundation-53QAUNQDHRS0NCFJ786MV5UCW.pcm /Users/runner/Library/Developer/Xcode/DerivedData/ModuleCache.noindex/IOSurface-4EXW04ZJ7W1EORJDG6C45EB1U.pcm /Users/runner/Library/Developer/Xcode/DerivedData/ModuleCache.noindex/AppIntents-4O99VCJMQSV5R40PWM4HJ0MEC.pcm /Users/runner/Library/Developer/Xcode/DerivedData/ModuleCache.noindex/WidgetKit-C2HTPE0L4GQ4T2VRA7RIOC493.pcm /Users/runner/Library/Developer/Xcode/DerivedData/ModuleCache.noindex/_SwiftConcurrencyShims-8MELALRONI71T1MSW43RNDFK.pcm /Users/runner/Library/Developer/Xcode/DerivedData/ModuleCache.noindex/CoreLocation-DMH7EDQQ33HUJX3YYXN0TBNKK.pcm /Users/runner/Library/Developer/Xcode/DerivedData/ModuleCache.noindex/CoreGraphics-E7E6PVIJBJCIMS9KF91X56IUI.pcm /Users/runner/Library/Developer/Xcode/DerivedData/ModuleCache.noindex/_Builtin_stdbool-3PNRWKV6U7IP5RDER7CE0ESGY.pcm /Users/runner/Library/Developer/Xcode/DerivedData/ModuleCache.noindex/MachO-3ELXUIMGP2XVYVLC8T9ZAH6GM.pcm /Users/runner/Library/Developer/Xcode/DerivedData/ModuleCache.noindex/Spatial-39L0O1H2ZTD2LDXS032VHA0W3.pcm /Users/runner/Library/Developer/Xcode/DerivedData/ModuleCache.noindex/CoreTransferable-BR30ELP92CIVSHMVRUJ72BLVY.pcm /Users/runner/Library/Developer/Xcode/DerivedData/ModuleCache.noindex/CFNetwork-7HMXZAFU1RW4R4177IUXTMSY0.pcm /Users/runner/Library/Developer/Xcode/DerivedData/ModuleCache.noindex/_DarwinFoundation2-6L91C5Z9KUQ017R3U56A0RE7Z.pcm /Users/runner/Library/Developer/Xcode/DerivedData/ModuleCache.noindex/DataDetection-D27H1CSIE312WXPPVWI8Z0630.pcm /Users/runner/Library/Developer/Xcode/DerivedData/ModuleCache.noindex/os_workgroup-9G8WSHD7HTWW6X4OH0KDK6BOS.pcm /Users/runner/Library/Developer/Xcode/DerivedData/ModuleCache.noindex/_Builtin_stdarg-C3GJILYYJEHUT817O19ZGZHHY.pcm /Users/runner/Library/Developer/Xcode/DerivedData/ModuleCache.noindex/ObjectiveC-F4JX60ERR358K951F6VFXUMEK.pcm /Users/runner/Library/Developer/Xcode/DerivedData/ModuleCache.noindex/dnssd-E5INH01FYZJRXOHXT8H69QPH.pcm /Users/runner/Library/Developer/Xcode/DerivedData/ModuleCache.noindex/_Builtin_stdatomic-5FM1WXQ8O0PVWUV1VQOOJDY09.pcm /Users/runner/Library/Developer/Xcode/DerivedData/ModuleCache.noindex/_Builtin_limits-9HNVCQN453LU37ZIPQZGIV89E.pcm /Users/runner/Library/Developer/Xcode/DerivedData/ModuleCache.noindex/UserNotifications-DAUAE8WUUMOLKQP28YFETRUOL.pcm /Users/runner/Library/Developer/Xcode/DerivedData/ModuleCache.noindex/UIKit-C6JD8N652RYF1G0H83UI3D3PV.pcm /Users/runner/Library/Developer/Xcode/DerivedData/ModuleCache.noindex/ActivityKit-292FI2NJEWYT8UW7Z1XXVVR4W.pcm /Users/runner/Library/Developer/Xcode/DerivedData/ModuleCache.noindex/Symbols-4C68NZBZQ2VPPWSPMZNZSPQA0.pcm /Users/runner/Library/Developer/Xcode/DerivedData/ModuleCache.noindex/OSLog-ASQPTFW0LF1S8DJGEWEDGF197.pcm /Users/runner/Library/Developer/Xcode/DerivedData/ModuleCache.noindex/Metal-8DZEYBY3G1H45NPF2W3J0NTNO.pcm /Users/runner/Library/Developer/Xcode/DerivedData/ModuleCache.noindex/_DarwinFoundation1-2QBNCP7GUXF83GKQKAB4RFLFK.pcm /Users/runner/Library/Developer/Xcode/DerivedData/ModuleCache.noindex/CoreImage-PDDX7DCTMHI0FGRR58ZRPWCI.pcm /Users/runner/Library/Developer/Xcode/DerivedData/ModuleCache.noindex/CoreVideo-DS6OXG7GJ7EZ6JLCIXT6YU9J8.pcm /Users/runner/Library/Developer/Xcode/DerivedData/ModuleCache.noindex/Security-DKPO6BGELNP41W4MHF8WDR3WE.pcm /Users/runner/Library/Developer/Xcode/DerivedData/ModuleCache.noindex/Foundation-3HHWCH741T49CSBURNRR9X1TU.pcm /Users/runner/Library/Developer/Xcode/DerivedData/ModuleCache.noindex/OpenGLES-EME6M6UQB08MAC8U7NF5S8II7.pcm /Users/runner/Library/Developer/Xcode/DerivedData/ModuleCache.noindex/Darwin-A7EZOVGXNSHL98SGV7DRL4TZ8.pcm /Users/runner/Library/Developer/Xcode/DerivedData/ModuleCache.noindex/os_object-8WEJ51FMHIFKAI9U9NJIXL55V.pcm /Users/runner/Library/Developer/Xcode/DerivedData/ModuleCache.noindex/RelevanceKit-6VPH8HXDDY8UOQ6JYT96FNQFY.pcm /Users/runner/Library/Developer/Xcode/DerivedData/ModuleCache.noindex/ImageIO-38Z5VJG0W8ST3V4F7KMOOUJPL.pcm /Users/runner/Library/Developer/Xcode/DerivedData/ModuleCache.noindex/FileProvider-3NSV4YACM5VARRTN1QC14SNL3.pcm /Users/runner/Library/Developer/Xcode/DerivedData/ModuleCache.noindex/CoreData-96IN9CNC0X4I4UPQ1EPLJKGVM.pcm /Users/runner/Library/Developer/Xcode/DerivedData/ModuleCache.noindex/CoreSpotlight-2MVLWHWZMUA7LWQ9GPXL26B9N.pcm /Users/runner/Library/Developer/Xcode/DerivedData/ModuleCache.noindex/SwiftShims-2IC1VW7SEJDJJWQTFLLL888RR.pcm /Users/runner/Library/Developer/Xcode/DerivedData/ModuleCache.noindex/XPC-GOD69N6HIZI87N3ARARRKK0Q.pcm /Users/runner/Library/Developer/Xcode/DerivedData/ModuleCache.noindex/os-BA7R3I23C5D0YSSK3BQL1CWKE.pcm /Users/runner/Library/Developer/Xcode/DerivedData/ModuleCache.noindex/Network-9LM0LF0BNAXUZ5HJAVCXEYZWM.pcm /Users/runner/Library/Developer/Xcode/DerivedData/ModuleCache.noindex/UIUtilities-BSOIJAKAWBE0C3WG0PD2V4P6H.pcm /Users/runner/Library/Developer/Xcode/DerivedData/ModuleCache.noindex/QuartzCore-3W1EOB32NOJ98L406VNB8MWJL.pcm /Users/runner/Library/Developer/Xcode/DerivedData/Tagesplaner-dkpwbnnmvnqrwwcyvjakukgkxuzu/Build/Intermediates.noindex/Tagesplaner.build/Release-iphoneos/TagesplanerWidgets.build/Objects-normal/arm64/TagesplanerWidgets-dependencies-1.json (in target 'TagesplanerWidgets' from project 'Tagesplaner')
CompileSwift normal arm64 (in target 'TagesplanerWidgets' from project 'Tagesplaner')
    cd /Users/runner/work/Tagesplaner/Tagesplaner
    

SwiftDriverJobDiscovery normal arm64 Compiling Analysis.swift, Availability.swift, NaturalLanguageParser.swift, PlanningModels.swift, Scheduler.swift, TimeMath.swift (in target 'PlannerCore' from project 'PlannerCore')

SwiftDriver\ Compilation\ Requirements PlannerCore normal arm64 com.apple.xcode.tools.swift.compiler (in target 'PlannerCore' from project 'PlannerCore')
    cd /Users/runner/work/Tagesplaner/Tagesplaner/Tagesplaner.xcodeproj
    builtin-Swift-Compilation-Requirements -- /Applications/Xcode_26.6.app/Contents/Developer/Toolchains/XcodeDefault.xctoolchain/usr/bin/swiftc -module-name PlannerCore -O -whole-module-optimization @/Users/runner/Library/Developer/Xcode/DerivedData/Tagesplaner-dkpwbnnmvnqrwwcyvjakukgkxuzu/Build/Intermediates.noindex/PlannerCore.build/Release-iphoneos/PlannerCore.build/Objects-normal/arm64/PlannerCore.SwiftFileList -DSWIFT_PACKAGE -DSWIFT_MODULE_RESOURCE_BUNDLE_UNAVAILABLE -DXcode -plugin-path /Applications/Xcode_26.6.app/Contents/Developer/Toolchains/XcodeDefault.xctoolchain/usr/lib/swift/host/plugins/testing -enable-experimental-feature DebugDescriptionMacro -sdk /Applications/Xcode_26.6.app/Contents/Developer/Platforms/iPhoneOS.platform/Developer/SDKs/iPhoneOS26.5.sdk -target arm64-apple-ios17.0 -g -module-cache-path /Users/runner/Library/Developer/Xcode/DerivedData/ModuleCache.noindex -Xfrontend -serialize-debugging-options -swift-version 5 -I /Users/runner/Library/Developer/Xcode/DerivedData/Tagesplaner-dkpwbnnmvnqrwwcyvjakukgkxuzu/Build/Products/Release-iphoneos -Isystem /Applications/Xcode_26.6.app/Contents/Developer/Platforms/iPhoneOS.platform/Developer/usr/lib -F /Users/runner/Library/Developer/Xcode/DerivedData/Tagesplaner-dkpwbnnmvnqrwwcyvjakukgkxuzu/Build/Products/Release-iphoneos -F /Applications/Xcode_26.6.app/Contents/Developer/Platforms/iPhoneOS.platform/Developer/Library/Frameworks -F /Applications/Xcode_26.6.app/Contents/Developer/Platforms/iPhoneOS.platform/Developer/SDKs/iPhoneOS26.5.sdk/Developer/Library/Frameworks -c -num-threads 3 -Xcc -ivfsstatcache -Xcc /Users/runner/Library/Developer/Xcode/DerivedData/SDKStatCaches.noindex/iphoneos26.5-23F81a-688ef53f1462e2c8f657fdc38a81448fee66e23052a0157c865c76b268046726.sdkstatcache -output-file-map /Users/runner/Library/Developer/Xcode/DerivedData/Tagesplaner-dkpwbnnmvnqrwwcyvjakukgkxuzu/Build/Intermediates.noindex/PlannerCore.build/Release-iphoneos/PlannerCore.build/Objects-normal/arm64/PlannerCore-OutputFileMap.json -use-frontend-parseable-output -save-temps -no-color-diagnostics -explicit-module-build -module-cache-path /Users/runner/Library/Developer/Xcode/DerivedData/Tagesplaner-dkpwbnnmvnqrwwcyvjakukgkxuzu/Build/Intermediates.noindex/SwiftExplicitPrecompiledModules -clang-scanner-module-cache-path /Users/runner/Library/Developer/Xcode/DerivedData/ModuleCache.noindex -sdk-module-cache-path /Users/runner/Library/Developer/Xcode/DerivedData/ModuleCache.noindex -serialize-diagnostics -emit-dependencies -emit-module -emit-module-path /Users/runner/Library/Developer/Xcode/DerivedData/Tagesplaner-dkpwbnnmvnqrwwcyvjakukgkxuzu/Build/Intermediates.noindex/PlannerCore.build/Release-iphoneos/PlannerCore.build/Objects-normal/arm64/PlannerCore.swiftmodule -validate-clang-modules-once -clang-build-session-file /Users/runner/Library/Developer/Xcode/DerivedData/ModuleCache.noindex/Session.modulevalidation -package-name plannercore -Xcc -I/Users/runner/Library/Developer/Xcode/DerivedData/Tagesplaner-dkpwbnnmvnqrwwcyvjakukgkxuzu/Build/Intermediates.noindex/PlannerCore.build/Release-iphoneos/PlannerCore.build/swift-overrides.hmap -emit-const-values -Xfrontend -const-gather-protocols-file -Xfrontend /Users/runner/Library/Developer/Xcode/DerivedData/Tagesplaner-dkpwbnnmvnqrwwcyvjakukgkxuzu/Build/Intermediates.noindex/PlannerCore.build/Release-iphoneos/PlannerCore.build/Objects-normal/arm64/PlannerCore_const_extract_protocols.json -Xcc -I/Users/runner/Library/Developer/Xcode/DerivedData/Tagesplaner-dkpwbnnmvnqrwwcyvjakukgkxuzu/Build/Products/Release-iphoneos/include -Xcc -I/Users/runner/Library/Developer/Xcode/DerivedData/Tagesplaner-dkpwbnnmvnqrwwcyvjakukgkxuzu/Build/Intermediates.noindex/PlannerCore.build/Release-iphoneos/PlannerCore.build/DerivedSources-normal/arm64 -Xcc -I/Users/runner/Library/Developer/Xcode/DerivedData/Tagesplaner-dkpwbnnmvnqrwwcyvjakukgkxuzu/Build/Intermediates.noindex/PlannerCore.build/Release-iphoneos/PlannerCore.build/DerivedSources/arm64 -Xcc -I/Users/runner/Library/Developer/Xcode/DerivedData/Tagesplaner-dkpwbnnmvnqrwwcyvjakukgkxuzu/Build/Intermediates.noindex/PlannerCore.build/Release-iphoneos/PlannerCore.build/DerivedSources -Xcc -DSWIFT_PACKAGE -emit-objc-header -emit-objc-header-path /Users/runner/Library/Developer/Xcode/DerivedData/Tagesplaner-dkpwbnnmvnqrwwcyvjakukgkxuzu/Build/Intermediates.noindex/PlannerCore.build/Release-iphoneos/PlannerCore.build/Objects-normal/arm64/PlannerCore-Swift.h -working-directory /Users/runner/work/Tagesplaner/Tagesplaner/Tagesplaner.xcodeproj -no-emit-module-separately-wmo

SwiftMergeGeneratedHeaders /Users/runner/Library/Developer/Xcode/DerivedData/Tagesplaner-dkpwbnnmvnqrwwcyvjakukgkxuzu/Build/Intermediates.noindex/GeneratedModuleMaps-iphoneos/PlannerCore-Swift.h /Users/runner/Library/Developer/Xcode/DerivedData/Tagesplaner-dkpwbnnmvnqrwwcyvjakukgkxuzu/Build/Intermediates.noindex/PlannerCore.build/Release-iphoneos/PlannerCore.build/Objects-normal/arm64/PlannerCore-Swift.h (in target 'PlannerCore' from project 'PlannerCore')
    cd /Users/runner/work/Tagesplaner/Tagesplaner/Packages/PlannerCore
    builtin-swiftHeaderTool -arch arm64 /Users/runner/Library/Developer/Xcode/DerivedData/Tagesplaner-dkpwbnnmvnqrwwcyvjakukgkxuzu/Build/Intermediates.noindex/PlannerCore.build/Release-iphoneos/PlannerCore.build/Objects-normal/arm64/PlannerCore-Swift.h -o /Users/runner/Library/Developer/Xcode/DerivedData/Tagesplaner-dkpwbnnmvnqrwwcyvjakukgkxuzu/Build/Intermediates.noindex/GeneratedModuleMaps-iphoneos/PlannerCore-Swift.h

Copy /Users/runner/Library/Developer/Xcode/DerivedData/Tagesplaner-dkpwbnnmvnqrwwcyvjakukgkxuzu/Build/Products/Release-iphoneos/PlannerCore.swiftmodule/arm64-apple-ios.swiftmodule /Users/runner/Library/Developer/Xcode/DerivedData/Tagesplaner-dkpwbnnmvnqrwwcyvjakukgkxuzu/Build/Intermediates.noindex/PlannerCore.build/Release-iphoneos/PlannerCore.build/Objects-normal/arm64/PlannerCore.swiftmodule (in target 'PlannerCore' from project 'PlannerCore')
    cd /Users/runner/work/Tagesplaner/Tagesplaner/Packages/PlannerCore
    builtin-copy -exclude .DS_Store -exclude CVS -exclude .svn -exclude .git -exclude .hg -strip-unsigned-binaries -strip-deterministic -strip-tool /Applications/Xcode_26.6.app/Contents/Developer/Toolchains/XcodeDefault.xctoolchain/usr/bin/strip -resolve-src-symlinks -rename /Users/runner/Library/Developer/Xcode/DerivedData/Tagesplaner-dkpwbnnmvnqrwwcyvjakukgkxuzu/Build/Intermediates.noindex/PlannerCore.build/Release-iphoneos/PlannerCore.build/Objects-normal/arm64/PlannerCore.swiftmodule /Users/runner/Library/Developer/Xcode/DerivedData/Tagesplaner-dkpwbnnmvnqrwwcyvjakukgkxuzu/Build/Products/Release-iphoneos/PlannerCore.swiftmodule/arm64-apple-ios.swiftmodule

Copy /Users/runner/Library/Developer/Xcode/DerivedData/Tagesplaner-dkpwbnnmvnqrwwcyvjakukgkxuzu/Build/Products/Release-iphoneos/PlannerCore.swiftmodule/arm64-apple-ios.swiftdoc /Users/runner/Library/Developer/Xcode/DerivedData/Tagesplaner-dkpwbnnmvnqrwwcyvjakukgkxuzu/Build/Intermediates.noindex/PlannerCore.build/Release-iphoneos/PlannerCore.build/Objects-normal/arm64/PlannerCore.swiftdoc (in target 'PlannerCore' from project 'PlannerCore')
    cd /Users/runner/work/Tagesplaner/Tagesplaner/Packages/PlannerCore
    builtin-copy -exclude .DS_Store -exclude CVS -exclude .svn -exclude .git -exclude .hg -strip-unsigned-binaries -strip-deterministic -strip-tool /Applications/Xcode_26.6.app/Contents/Developer/Toolchains/XcodeDefault.xctoolchain/usr/bin/strip -resolve-src-symlinks -rename /Users/runner/Library/Developer/Xcode/DerivedData/Tagesplaner-dkpwbnnmvnqrwwcyvjakukgkxuzu/Build/Intermediates.noindex/PlannerCore.build/Release-iphoneos/PlannerCore.build/Objects-normal/arm64/PlannerCore.swiftdoc /Users/runner/Library/Developer/Xcode/DerivedData/Tagesplaner-dkpwbnnmvnqrwwcyvjakukgkxuzu/Build/Products/Release-iphoneos/PlannerCore.swiftmodule/arm64-apple-ios.swiftdoc

Copy /Users/runner/Library/Developer/Xcode/DerivedData/Tagesplaner-dkpwbnnmvnqrwwcyvjakukgkxuzu/Build/Products/Release-iphoneos/PlannerCore.swiftmodule/arm64-apple-ios.abi.json /Users/runner/Library/Developer/Xcode/DerivedData/Tagesplaner-dkpwbnnmvnqrwwcyvjakukgkxuzu/Build/Intermediates.noindex/PlannerCore.build/Release-iphoneos/PlannerCore.build/Objects-normal/arm64/PlannerCore.abi.json (in target 'PlannerCore' from project 'PlannerCore')
    cd /Users/runner/work/Tagesplaner/Tagesplaner/Packages/PlannerCore
    builtin-copy -exclude .DS_Store -exclude CVS -exclude .svn -exclude .git -exclude .hg -strip-unsigned-binaries -strip-deterministic -strip-tool /Applications/Xcode_26.6.app/Contents/Developer/Toolchains/XcodeDefault.xctoolchain/usr/bin/strip -resolve-src-symlinks -rename /Users/runner/Library/Developer/Xcode/DerivedData/Tagesplaner-dkpwbnnmvnqrwwcyvjakukgkxuzu/Build/Intermediates.noindex/PlannerCore.build/Release-iphoneos/PlannerCore.build/Objects-normal/arm64/PlannerCore.abi.json /Users/runner/Library/Developer/Xcode/DerivedData/Tagesplaner-dkpwbnnmvnqrwwcyvjakukgkxuzu/Build/Products/Release-iphoneos/PlannerCore.swiftmodule/arm64-apple-ios.abi.json

Copy /Users/runner/Library/Developer/Xcode/DerivedData/Tagesplaner-dkpwbnnmvnqrwwcyvjakukgkxuzu/Build/Products/Release-iphoneos/PlannerCore.swiftmodule/Project/arm64-apple-ios.swiftsourceinfo /Users/runner/Library/Developer/Xcode/DerivedData/Tagesplaner-dkpwbnnmvnqrwwcyvjakukgkxuzu/Build/Intermediates.noindex/PlannerCore.build/Release-iphoneos/PlannerCore.build/Objects-normal/arm64/PlannerCore.swiftsourceinfo (in target 'PlannerCore' from project 'PlannerCore')
    cd /Users/runner/work/Tagesplaner/Tagesplaner/Packages/PlannerCore
    builtin-copy -exclude .DS_Store -exclude CVS -exclude .svn -exclude .git -exclude .hg -strip-unsigned-binaries -strip-deterministic -strip-tool /Applications/Xcode_26.6.app/Contents/Developer/Toolchains/XcodeDefault.xctoolchain/usr/bin/strip -resolve-src-symlinks -rename /Users/runner/Library/Developer/Xcode/DerivedData/Tagesplaner-dkpwbnnmvnqrwwcyvjakukgkxuzu/Build/Intermediates.noindex/PlannerCore.build/Release-iphoneos/PlannerCore.build/Objects-normal/arm64/PlannerCore.swiftsourceinfo /Users/runner/Library/Developer/Xcode/DerivedData/Tagesplaner-dkpwbnnmvnqrwwcyvjakukgkxuzu/Build/Products/Release-iphoneos/PlannerCore.swiftmodule/Project/arm64-apple-ios.swiftsourceinfo

Ld /Users/runner/Library/Developer/Xcode/DerivedData/Tagesplaner-dkpwbnnmvnqrwwcyvjakukgkxuzu/Build/Products/Release-iphoneos/PlannerCore.o normal (in target 'PlannerCore' from project 'PlannerCore')
    cd /Users/runner/work/Tagesplaner/Tagesplaner/Packages/PlannerCore
    /Applications/Xcode_26.6.app/Contents/Developer/Toolchains/XcodeDefault.xctoolchain/usr/bin/clang -Xlinker -reproducible -target arm64-apple-ios17.0 -r -isysroot /Applications/Xcode_26.6.app/Contents/Developer/Platforms/iPhoneOS.platform/Developer/SDKs/iPhoneOS26.5.sdk -Os -F/Users/runner/Library/Developer/Xcode/DerivedData/Tagesplaner-dkpwbnnmvnqrwwcyvjakukgkxuzu/Build/Intermediates.noindex/EagerLinkingTBDs/Release-iphoneos -F/Users/runner/Library/Developer/Xcode/DerivedData/Tagesplaner-dkpwbnnmvnqrwwcyvjakukgkxuzu/Build/Products/Release-iphoneos -iframework /Applications/Xcode_26.6.app/Contents/Developer/Platforms/iPhoneOS.platform/Developer/Library/Frameworks -iframework /Applications/Xcode_26.6.app/Contents/Developer/Platforms/iPhoneOS.platform/Developer/SDKs/iPhoneOS26.5.sdk/Developer/Library/Frameworks -filelist /Users/runner/Library/Developer/Xcode/DerivedData/Tagesplaner-dkpwbnnmvnqrwwcyvjakukgkxuzu/Build/Intermediates.noindex/PlannerCore.build/Release-iphoneos/PlannerCore.build/Objects-normal/arm64/PlannerCore.LinkFileList -nostdlib -Xlinker -object_path_lto -Xlinker /Users/runner/Library/Developer/Xcode/DerivedData/Tagesplaner-dkpwbnnmvnqrwwcyvjakukgkxuzu/Build/Intermediates.noindex/PlannerCore.build/Release-iphoneos/PlannerCore.build/Objects-normal/arm64/PlannerCore_lto.o -Xlinker -dependency_info -Xlinker /Users/runner/Library/Developer/Xcode/DerivedData/Tagesplaner-dkpwbnnmvnqrwwcyvjakukgkxuzu/Build/Intermediates.noindex/PlannerCore.build/Release-iphoneos/PlannerCore.build/Objects-normal/arm64/PlannerCore_dependency_info.dat -fobjc-link-runtime -L/Applications/Xcode_26.6.app/Contents/Developer/Toolchains/XcodeDefault.xctoolchain/usr/lib/swift/iphoneos -L/usr/lib/swift -Xlinker -add_ast_path -Xlinker /Users/runner/Library/Developer/Xcode/DerivedData/Tagesplaner-dkpwbnnmvnqrwwcyvjakukgkxuzu/Build/Intermediates.noindex/PlannerCore.build/Release-iphoneos/PlannerCore.build/Objects-normal/arm64/PlannerCore.swiftmodule @/Users/runner/Library/Developer/Xcode/DerivedData/Tagesplaner-dkpwbnnmvnqrwwcyvjakukgkxuzu/Build/Intermediates.noindex/PlannerCore.build/Release-iphoneos/PlannerCore.build/Objects-normal/arm64/PlannerCore-linker-args.resp -o /Users/runner/Library/Developer/Xcode/DerivedData/Tagesplaner-dkpwbnnmvnqrwwcyvjakukgkxuzu/Build/Products/Release-iphoneos/PlannerCore.o

ExtractAppIntentsMetadata (in target 'PlannerCore' from project 'PlannerCore')
    cd /Users/runner/work/Tagesplaner/Tagesplaner/Packages/PlannerCore
    /Applications/Xcode_26.6.app/Contents/Developer/Toolchains/XcodeDefault.xctoolchain/usr/bin/appintentsmetadataprocessor --toolchain-dir /var/run/com.apple.security.cryptexd/mnt/com.apple.MobileAsset.MetalToolchain-v17.6.109.0.0nPeD0/Metal.xctoolchain --module-name PlannerCore --sdk-root /Applications/Xcode_26.6.app/Contents/Developer/Platforms/iPhoneOS.platform/Developer/SDKs/iPhoneOS26.5.sdk --xcode-version 17F113 --platform-family iOS --deployment-target 17.0 --bundle-identifier plannercore.PlannerCore --output /Users/runner/Library/Developer/Xcode/DerivedData/Tagesplaner-dkpwbnnmvnqrwwcyvjakukgkxuzu/Build/Products/Release-iphoneos/PlannerCore.appintents --target-triple arm64-apple-ios17.0 --binary-file /Users/runner/Library/Developer/Xcode/DerivedData/Tagesplaner-dkpwbnnmvnqrwwcyvjakukgkxuzu/Build/Products/Release-iphoneos/PlannerCore.o --dependency-file /Users/runner/Library/Developer/Xcode/DerivedData/Tagesplaner-dkpwbnnmvnqrwwcyvjakukgkxuzu/Build/Intermediates.noindex/PlannerCore.build/Release-iphoneos/PlannerCore.build/Objects-normal/arm64/PlannerCore_dependency_info.dat --stringsdata-file /Users/runner/Library/Developer/Xcode/DerivedData/Tagesplaner-dkpwbnnmvnqrwwcyvjakukgkxuzu/Build/Intermediates.noindex/PlannerCore.build/Release-iphoneos/PlannerCore.build/Objects-normal/arm64/ExtractedAppShortcutsMetadata.stringsdata --source-file-list /Users/runner/Library/Developer/Xcode/DerivedData/Tagesplaner-dkpwbnnmvnqrwwcyvjakukgkxuzu/Build/Intermediates.noindex/PlannerCore.build/Release-iphoneos/PlannerCore.build/Objects-normal/arm64/PlannerCore.SwiftFileList --metadata-file-list /Users/runner/Library/Developer/Xcode/DerivedData/Tagesplaner-dkpwbnnmvnqrwwcyvjakukgkxuzu/Build/Intermediates.noindex/PlannerCore.build/Release-iphoneos/PlannerCore.build/PlannerCore.DependencyMetadataFileList --static-metadata-file-list /Users/runner/Library/Developer/Xcode/DerivedData/Tagesplaner-dkpwbnnmvnqrwwcyvjakukgkxuzu/Build/Intermediates.noindex/PlannerCore.build/Release-iphoneos/PlannerCore.build/PlannerCore.DependencyStaticMetadataFileList --swift-const-vals-list /Users/runner/Library/Developer/Xcode/DerivedData/Tagesplaner-dkpwbnnmvnqrwwcyvjakukgkxuzu/Build/Intermediates.noindex/PlannerCore.build/Release-iphoneos/PlannerCore.build/Objects-normal/arm64/PlannerCore.SwiftConstValuesFileList --force --compile-time-extraction --deployment-aware-processing --validate-assistant-intents --no-app-shortcuts-localization
2026-10-04 21:41:22.907 appintentsmetadataprocessor[16801:56655] Starting appintentsmetadataprocessor export
2026-10-04 21:41:23.032 appintentsmetadataprocessor[16801:56655] Extracted no relevant App Intents symbols, skipping writing output

RegisterExecutionPolicyException /Users/runner/Library/Developer/Xcode/DerivedData/Tagesplaner-dkpwbnnmvnqrwwcyvjakukgkxuzu/Build/Products/Release-iphoneos/PlannerCore.o (in target 'PlannerCore' from project 'PlannerCore')
    cd /Users/runner/work/Tagesplaner/Tagesplaner/Packages/PlannerCore
    builtin-RegisterExecutionPolicyException /Users/runner/Library/Developer/Xcode/DerivedData/Tagesplaner-dkpwbnnmvnqrwwcyvjakukgkxuzu/Build/Products/Release-iphoneos/PlannerCore.o

SwiftDriverJobDiscovery normal arm64 Compiling AppGroup.swift, DayActivityAttributes.swift, LiveActivityWidget.swift, PlanWidgets.swift, Theme.swift, WidgetBundle.swift, WidgetSnapshot.swift (in target 'TagesplanerWidgets' from project 'Tagesplaner')

SwiftDriver\ Compilation\ Requirements TagesplanerWidgets normal arm64 com.apple.xcode.tools.swift.compiler (in target 'TagesplanerWidgets' from project 'Tagesplaner')
    cd /Users/runner/work/Tagesplaner/Tagesplaner
    builtin-Swift-Compilation-Requirements -- /Applications/Xcode_26.6.app/Contents/Developer/Toolchains/XcodeDefault.xctoolchain/usr/bin/swiftc -module-name TagesplanerWidgets -O -whole-module-optimization @/Users/runner/Library/Developer/Xcode/DerivedData/Tagesplaner-dkpwbnnmvnqrwwcyvjakukgkxuzu/Build/Intermediates.noindex/Tagesplaner.build/Release-iphoneos/TagesplanerWidgets.build/Objects-normal/arm64/TagesplanerWidgets.SwiftFileList -enable-bare-slash-regex -enable-experimental-feature DebugDescriptionMacro -sdk /Applications/Xcode_26.6.app/Contents/Developer/Platforms/iPhoneOS.platform/Developer/SDKs/iPhoneOS26.5.sdk -target arm64-apple-ios17.0 -g -module-cache-path /Users/runner/Library/Developer/Xcode/DerivedData/ModuleCache.noindex -Xfrontend -serialize-debugging-options -application-extension -swift-version 5 -I /Users/runner/Library/Developer/Xcode/DerivedData/Tagesplaner-dkpwbnnmvnqrwwcyvjakukgkxuzu/Build/Products/Release-iphoneos -F /Users/runner/Library/Developer/Xcode/DerivedData/Tagesplaner-dkpwbnnmvnqrwwcyvjakukgkxuzu/Build/Products/Release-iphoneos -c -num-threads 3 -Xcc -ivfsstatcache -Xcc /Users/runner/Library/Developer/Xcode/DerivedData/SDKStatCaches.noindex/iphoneos26.5-23F81a-688ef53f1462e2c8f657fdc38a81448fee66e23052a0157c865c76b268046726.sdkstatcache -output-file-map /Users/runner/Library/Developer/Xcode/DerivedData/Tagesplaner-dkpwbnnmvnqrwwcyvjakukgkxuzu/Build/Intermediates.noindex/Tagesplaner.build/Release-iphoneos/TagesplanerWidgets.build/Objects-normal/arm64/TagesplanerWidgets-OutputFileMap.json -use-frontend-parseable-output -save-temps -no-color-diagnostics -explicit-module-build -module-cache-path /Users/runner/Library/Developer/Xcode/DerivedData/Tagesplaner-dkpwbnnmvnqrwwcyvjakukgkxuzu/Build/Intermediates.noindex/SwiftExplicitPrecompiledModules -clang-scanner-module-cache-path /Users/runner/Library/Developer/Xcode/DerivedData/ModuleCache.noindex -sdk-module-cache-path /Users/runner/Library/Developer/Xcode/DerivedData/ModuleCache.noindex -serialize-diagnostics -emit-dependencies -emit-module -emit-module-path /Users/runner/Library/Developer/Xcode/DerivedData/Tagesplaner-dkpwbnnmvnqrwwcyvjakukgkxuzu/Build/Intermediates.noindex/Tagesplaner.build/Release-iphoneos/TagesplanerWidgets.build/Objects-normal/arm64/TagesplanerWidgets.swiftmodule -validate-clang-modules-once -clang-build-session-file /Users/runner/Library/Developer/Xcode/DerivedData/ModuleCache.noindex/Session.modulevalidation -Xcc -I/Users/runner/Library/Developer/Xcode/DerivedData/Tagesplaner-dkpwbnnmvnqrwwcyvjakukgkxuzu/Build/Intermediates.noindex/Tagesplaner.build/Release-iphoneos/TagesplanerWidgets.build/swift-overrides.hmap -emit-const-values -Xfrontend -const-gather-protocols-file -Xfrontend /Users/runner/Library/Developer/Xcode/DerivedData/Tagesplaner-dkpwbnnmvnqrwwcyvjakukgkxuzu/Build/Intermediates.noindex/Tagesplaner.build/Release-iphoneos/TagesplanerWidgets.build/Objects-normal/arm64/TagesplanerWidgets_const_extract_protocols.json -Xcc -iquote -Xcc /Users/runner/Library/Developer/Xcode/DerivedData/Tagesplaner-dkpwbnnmvnqrwwcyvjakukgkxuzu/Build/Intermediates.noindex/Tagesplaner.build/Release-iphoneos/TagesplanerWidgets.build/TagesplanerWidgets-generated-files.hmap -Xcc -I/Users/runner/Library/Developer/Xcode/DerivedData/Tagesplaner-dkpwbnnmvnqrwwcyvjakukgkxuzu/Build/Intermediates.noindex/Tagesplaner.build/Release-iphoneos/TagesplanerWidgets.build/TagesplanerWidgets-own-target-headers.hmap -Xcc -I/Users/runner/Library/Developer/Xcode/DerivedData/Tagesplaner-dkpwbnnmvnqrwwcyvjakukgkxuzu/Build/Intermediates.noindex/Tagesplaner.build/Release-iphoneos/TagesplanerWidgets.build/TagesplanerWidgets-all-non-framework-target-headers.hmap -Xcc -ivfsoverlay -Xcc /Users/runner/Library/Developer/Xcode/DerivedData/Tagesplaner-dkpwbnnmvnqrwwcyvjakukgkxuzu/Build/Intermediates.noindex/Tagesplaner.build/Release-iphoneos/Tagesplaner-06596a4c0479a151a4276fb9806ef9b8-VFS-iphoneos/all-product-headers.yaml -Xcc -iquote -Xcc /Users/runner/Library/Developer/Xcode/DerivedData/Tagesplaner-dkpwbnnmvnqrwwcyvjakukgkxuzu/Build/Intermediates.noindex/Tagesplaner.build/Release-iphoneos/TagesplanerWidgets.build/TagesplanerWidgets-project-headers.hmap -Xcc -I/Users/runner/Library/Developer/Xcode/DerivedData/Tagesplaner-dkpwbnnmvnqrwwcyvjakukgkxuzu/Build/Products/Release-iphoneos/include -Xcc -I/Users/runner/Library/Developer/Xcode/DerivedData/Tagesplaner-dkpwbnnmvnqrwwcyvjakukgkxuzu/Build/Intermediates.noindex/Tagesplaner.build/Release-iphoneos/TagesplanerWidgets.build/DerivedSources-normal/arm64 -Xcc -I/Users/runner/Library/Developer/Xcode/DerivedData/Tagesplaner-dkpwbnnmvnqrwwcyvjakukgkxuzu/Build/Intermediates.noindex/Tagesplaner.build/Release-iphoneos/TagesplanerWidgets.build/DerivedSources/arm64 -Xcc -I/Users/runner/Library/Developer/Xcode/DerivedData/Tagesplaner-dkpwbnnmvnqrwwcyvjakukgkxuzu/Build/Intermediates.noindex/Tagesplaner.build/Release-iphoneos/TagesplanerWidgets.build/DerivedSources -emit-objc-header -emit-objc-header-path /Users/runner/Library/Developer/Xcode/DerivedData/Tagesplaner-dkpwbnnmvnqrwwcyvjakukgkxuzu/Build/Intermediates.noindex/Tagesplaner.build/Release-iphoneos/TagesplanerWidgets.build/Objects-normal/arm64/TagesplanerWidgets-Swift.h -working-directory /Users/runner/work/Tagesplaner/Tagesplaner -no-emit-module-separately-wmo

SwiftMergeGeneratedHeaders /Users/runner/Library/Developer/Xcode/DerivedData/Tagesplaner-dkpwbnnmvnqrwwcyvjakukgkxuzu/Build/Intermediates.noindex/Tagesplaner.build/Release-iphoneos/TagesplanerWidgets.build/DerivedSources/TagesplanerWidgets-Swift.h /Users/runner/Library/Developer/Xcode/DerivedData/Tagesplaner-dkpwbnnmvnqrwwcyvjakukgkxuzu/Build/Intermediates.noindex/Tagesplaner.build/Release-iphoneos/TagesplanerWidgets.build/Objects-normal/arm64/TagesplanerWidgets-Swift.h (in target 'TagesplanerWidgets' from project 'Tagesplaner')
    cd /Users/runner/work/Tagesplaner/Tagesplaner
    builtin-swiftHeaderTool -arch arm64 /Users/runner/Library/Developer/Xcode/DerivedData/Tagesplaner-dkpwbnnmvnqrwwcyvjakukgkxuzu/Build/Intermediates.noindex/Tagesplaner.build/Release-iphoneos/TagesplanerWidgets.build/Objects-normal/arm64/TagesplanerWidgets-Swift.h -o /Users/runner/Library/Developer/Xcode/DerivedData/Tagesplaner-dkpwbnnmvnqrwwcyvjakukgkxuzu/Build/Intermediates.noindex/Tagesplaner.build/Release-iphoneos/TagesplanerWidgets.build/DerivedSources/TagesplanerWidgets-Swift.h

Copy /Users/runner/Library/Developer/Xcode/DerivedData/Tagesplaner-dkpwbnnmvnqrwwcyvjakukgkxuzu/Build/Products/Release-iphoneos/TagesplanerWidgets.swiftmodule/arm64-apple-ios.swiftdoc /Users/runner/Library/Developer/Xcode/DerivedData/Tagesplaner-dkpwbnnmvnqrwwcyvjakukgkxuzu/Build/Intermediates.noindex/Tagesplaner.build/Release-iphoneos/TagesplanerWidgets.build/Objects-normal/arm64/TagesplanerWidgets.swiftdoc (in target 'TagesplanerWidgets' from project 'Tagesplaner')
    cd /Users/runner/work/Tagesplaner/Tagesplaner
    builtin-copy -exclude .DS_Store -exclude CVS -exclude .svn -exclude .git -exclude .hg -resolve-src-symlinks -rename /Users/runner/Library/Developer/Xcode/DerivedData/Tagesplaner-dkpwbnnmvnqrwwcyvjakukgkxuzu/Build/Intermediates.noindex/Tagesplaner.build/Release-iphoneos/TagesplanerWidgets.build/Objects-normal/arm64/TagesplanerWidgets.swiftdoc /Users/runner/Library/Developer/Xcode/DerivedData/Tagesplaner-dkpwbnnmvnqrwwcyvjakukgkxuzu/Build/Products/Release-iphoneos/TagesplanerWidgets.swiftmodule/arm64-apple-ios.swiftdoc

Copy /Users/runner/Library/Developer/Xcode/DerivedData/Tagesplaner-dkpwbnnmvnqrwwcyvjakukgkxuzu/Build/Products/Release-iphoneos/TagesplanerWidgets.swiftmodule/arm64-apple-ios.swiftmodule /Users/runner/Library/Developer/Xcode/DerivedData/Tagesplaner-dkpwbnnmvnqrwwcyvjakukgkxuzu/Build/Intermediates.noindex/Tagesplaner.build/Release-iphoneos/TagesplanerWidgets.build/Objects-normal/arm64/TagesplanerWidgets.swiftmodule (in target 'TagesplanerWidgets' from project 'Tagesplaner')
    cd /Users/runner/work/Tagesplaner/Tagesplaner
    builtin-copy -exclude .DS_Store -exclude CVS -exclude .svn -exclude .git -exclude .hg -resolve-src-symlinks -rename /Users/runner/Library/Developer/Xcode/DerivedData/Tagesplaner-dkpwbnnmvnqrwwcyvjakukgkxuzu/Build/Intermediates.noindex/Tagesplaner.build/Release-iphoneos/TagesplanerWidgets.build/Objects-normal/arm64/TagesplanerWidgets.swiftmodule /Users/runner/Library/Developer/Xcode/DerivedData/Tagesplaner-dkpwbnnmvnqrwwcyvjakukgkxuzu/Build/Products/Release-iphoneos/TagesplanerWidgets.swiftmodule/arm64-apple-ios.swiftmodule

Copy /Users/runner/Library/Developer/Xcode/DerivedData/Tagesplaner-dkpwbnnmvnqrwwcyvjakukgkxuzu/Build/Products/Release-iphoneos/TagesplanerWidgets.swiftmodule/arm64-apple-ios.abi.json /Users/runner/Library/Developer/Xcode/DerivedData/Tagesplaner-dkpwbnnmvnqrwwcyvjakukgkxuzu/Build/Intermediates.noindex/Tagesplaner.build/Release-iphoneos/TagesplanerWidgets.build/Objects-normal/arm64/TagesplanerWidgets.abi.json (in target 'TagesplanerWidgets' from project 'Tagesplaner')
    cd /Users/runner/work/Tagesplaner/Tagesplaner
    builtin-copy -exclude .DS_Store -exclude CVS -exclude .svn -exclude .git -exclude .hg -resolve-src-symlinks -rename /Users/runner/Library/Developer/Xcode/DerivedData/Tagesplaner-dkpwbnnmvnqrwwcyvjakukgkxuzu/Build/Intermediates.noindex/Tagesplaner.build/Release-iphoneos/TagesplanerWidgets.build/Objects-normal/arm64/TagesplanerWidgets.abi.json /Users/runner/Library/Developer/Xcode/DerivedData/Tagesplaner-dkpwbnnmvnqrwwcyvjakukgkxuzu/Build/Products/Release-iphoneos/TagesplanerWidgets.swiftmodule/arm64-apple-ios.abi.json

Copy /Users/runner/Library/Developer/Xcode/DerivedData/Tagesplaner-dkpwbnnmvnqrwwcyvjakukgkxuzu/Build/Products/Release-iphoneos/TagesplanerWidgets.swiftmodule/Project/arm64-apple-ios.swiftsourceinfo /Users/runner/Library/Developer/Xcode/DerivedData/Tagesplaner-dkpwbnnmvnqrwwcyvjakukgkxuzu/Build/Intermediates.noindex/Tagesplaner.build/Release-iphoneos/TagesplanerWidgets.build/Objects-normal/arm64/TagesplanerWidgets.swiftsourceinfo (in target 'TagesplanerWidgets' from project 'Tagesplaner')
    cd /Users/runner/work/Tagesplaner/Tagesplaner
    builtin-copy -exclude .DS_Store -exclude CVS -exclude .svn -exclude .git -exclude .hg -resolve-src-symlinks -rename /Users/runner/Library/Developer/Xcode/DerivedData/Tagesplaner-dkpwbnnmvnqrwwcyvjakukgkxuzu/Build/Intermediates.noindex/Tagesplaner.build/Release-iphoneos/TagesplanerWidgets.build/Objects-normal/arm64/TagesplanerWidgets.swiftsourceinfo /Users/runner/Library/Developer/Xcode/DerivedData/Tagesplaner-dkpwbnnmvnqrwwcyvjakukgkxuzu/Build/Products/Release-iphoneos/TagesplanerWidgets.swiftmodule/Project/arm64-apple-ios.swiftsourceinfo

Ld /Users/runner/Library/Developer/Xcode/DerivedData/Tagesplaner-dkpwbnnmvnqrwwcyvjakukgkxuzu/Build/Products/Release-iphoneos/TagesplanerWidgets.appex/TagesplanerWidgets normal (in target 'TagesplanerWidgets' from project 'Tagesplaner')
    cd /Users/runner/work/Tagesplaner/Tagesplaner
    /Applications/Xcode_26.6.app/Contents/Developer/Toolchains/XcodeDefault.xctoolchain/usr/bin/clang -Xlinker -reproducible -target arm64-apple-ios17.0 -isysroot /Applications/Xcode_26.6.app/Contents/Developer/Platforms/iPhoneOS.platform/Developer/SDKs/iPhoneOS26.5.sdk -Os -L/Users/runner/Library/Developer/Xcode/DerivedData/Tagesplaner-dkpwbnnmvnqrwwcyvjakukgkxuzu/Build/Intermediates.noindex/EagerLinkingTBDs/Release-iphoneos -L/Users/runner/Library/Developer/Xcode/DerivedData/Tagesplaner-dkpwbnnmvnqrwwcyvjakukgkxuzu/Build/Products/Release-iphoneos -F/Users/runner/Library/Developer/Xcode/DerivedData/Tagesplaner-dkpwbnnmvnqrwwcyvjakukgkxuzu/Build/Intermediates.noindex/EagerLinkingTBDs/Release-iphoneos -F/Users/runner/Library/Developer/Xcode/DerivedData/Tagesplaner-dkpwbnnmvnqrwwcyvjakukgkxuzu/Build/Products/Release-iphoneos -filelist /Users/runner/Library/Developer/Xcode/DerivedData/Tagesplaner-dkpwbnnmvnqrwwcyvjakukgkxuzu/Build/Intermediates.noindex/Tagesplaner.build/Release-iphoneos/TagesplanerWidgets.build/Objects-normal/arm64/TagesplanerWidgets.LinkFileList -Xlinker -rpath -Xlinker /usr/lib/swift -Xlinker -rpath -Xlinker @executable_path/Frameworks -Xlinker -rpath -Xlinker @executable_path/../../Frameworks -Xlinker -dead_strip -Xlinker -object_path_lto -Xlinker /Users/runner/Library/Developer/Xcode/DerivedData/Tagesplaner-dkpwbnnmvnqrwwcyvjakukgkxuzu/Build/Intermediates.noindex/Tagesplaner.build/Release-iphoneos/TagesplanerWidgets.build/Objects-normal/arm64/TagesplanerWidgets_lto.o -Xlinker -dependency_info -Xlinker /Users/runner/Library/Developer/Xcode/DerivedData/Tagesplaner-dkpwbnnmvnqrwwcyvjakukgkxuzu/Build/Intermediates.noindex/Tagesplaner.build/Release-iphoneos/TagesplanerWidgets.build/Objects-normal/arm64/TagesplanerWidgets_dependency_info.dat -e _NSExtensionMain -fapplication-extension -fobjc-link-runtime -L/Applications/Xcode_26.6.app/Contents/Developer/Toolchains/XcodeDefault.xctoolchain/usr/lib/swift/iphoneos -L/usr/lib/swift -Xlinker -add_ast_path -Xlinker /Users/runner/Library/Developer/Xcode/DerivedData/Tagesplaner-dkpwbnnmvnqrwwcyvjakukgkxuzu/Build/Intermediates.noindex/Tagesplaner.build/Release-iphoneos/TagesplanerWidgets.build/Objects-normal/arm64/TagesplanerWidgets.swiftmodule @/Users/runner/Library/Developer/Xcode/DerivedData/Tagesplaner-dkpwbnnmvnqrwwcyvjakukgkxuzu/Build/Intermediates.noindex/Tagesplaner.build/Release-iphoneos/TagesplanerWidgets.build/Objects-normal/arm64/TagesplanerWidgets-linker-args.resp -o /Users/runner/Library/Developer/Xcode/DerivedData/Tagesplaner-dkpwbnnmvnqrwwcyvjakukgkxuzu/Build/Products/Release-iphoneos/TagesplanerWidgets.appex/TagesplanerWidgets

MkDir /Users/runner/Library/Developer/Xcode/DerivedData/Tagesplaner-dkpwbnnmvnqrwwcyvjakukgkxuzu/Build/Intermediates.noindex/Tagesplaner.build/Release-iphoneos/Tagesplaner.build/assetcatalog_output/unthinned (in target 'Tagesplaner' from project 'Tagesplaner')
    cd /Users/runner/work/Tagesplaner/Tagesplaner
    /bin/mkdir -p /Users/runner/Library/Developer/Xcode/DerivedData/Tagesplaner-dkpwbnnmvnqrwwcyvjakukgkxuzu/Build/Intermediates.noindex/Tagesplaner.build/Release-iphoneos/Tagesplaner.build/assetcatalog_output/unthinned

MkDir /Users/runner/Library/Developer/Xcode/DerivedData/Tagesplaner-dkpwbnnmvnqrwwcyvjakukgkxuzu/Build/Intermediates.noindex/Tagesplaner.build/Release-iphoneos/Tagesplaner.build/assetcatalog_output/thinned (in target 'Tagesplaner' from project 'Tagesplaner')
    cd /Users/runner/work/Tagesplaner/Tagesplaner
    /bin/mkdir -p /Users/runner/Library/Developer/Xcode/DerivedData/Tagesplaner-dkpwbnnmvnqrwwcyvjakukgkxuzu/Build/Intermediates.noindex/Tagesplaner.build/Release-iphoneos/Tagesplaner.build/assetcatalog_output/thinned

GenerateAssetSymbols /Users/runner/work/Tagesplaner/Tagesplaner/App/Assets.xcassets (in target 'Tagesplaner' from project 'Tagesplaner')
    cd /Users/runner/work/Tagesplaner/Tagesplaner
    /Applications/Xcode_26.6.app/Contents/Developer/usr/bin/actool /Users/runner/work/Tagesplaner/Tagesplaner/App/Assets.xcassets --compile /Users/runner/Library/Developer/Xcode/DerivedData/Tagesplaner-dkpwbnnmvnqrwwcyvjakukgkxuzu/Build/Products/Release-iphoneos/Tagesplaner.app --output-format human-readable-text --notices --warnings --export-dependency-info /Users/runner/Library/Developer/Xcode/DerivedData/Tagesplaner-dkpwbnnmvnqrwwcyvjakukgkxuzu/Build/Intermediates.noindex/Tagesplaner.build/Release-iphoneos/Tagesplaner.build/assetcatalog_dependencies --output-partial-info-plist /Users/runner/Library/Developer/Xcode/DerivedData/Tagesplaner-dkpwbnnmvnqrwwcyvjakukgkxuzu/Build/Intermediates.noindex/Tagesplaner.build/Release-iphoneos/Tagesplaner.build/assetcatalog_generated_info.plist --app-icon AppIcon --compress-pngs --enable-on-demand-resources YES --development-region de --target-device iphone --target-device ipad --minimum-deployment-target 17.0 --platform iphoneos --bundle-identifier de.tagesplaner.ci.tagesplaner --generate-swift-asset-symbol-extensions NO --generate-swift-asset-symbols /Users/runner/Library/Developer/Xcode/DerivedData/Tagesplaner-dkpwbnnmvnqrwwcyvjakukgkxuzu/Build/Intermediates.noindex/Tagesplaner.build/Release-iphoneos/Tagesplaner.build/DerivedSources/GeneratedAssetSymbols.swift --generate-objc-asset-symbols /Users/runner/Library/Developer/Xcode/DerivedData/Tagesplaner-dkpwbnnmvnqrwwcyvjakukgkxuzu/Build/Intermediates.noindex/Tagesplaner.build/Release-iphoneos/Tagesplaner.build/DerivedSources/GeneratedAssetSymbols.h --generate-asset-symbol-index /Users/runner/Library/Developer/Xcode/DerivedData/Tagesplaner-dkpwbnnmvnqrwwcyvjakukgkxuzu/Build/Intermediates.noindex/Tagesplaner.build/Release-iphoneos/Tagesplaner.build/DerivedSources/GeneratedAssetSymbols-Index.plist
/* com.apple.actool.compilation-results */
/Users/runner/Library/Developer/Xcode/DerivedData/Tagesplaner-dkpwbnnmvnqrwwcyvjakukgkxuzu/Build/Intermediates.noindex/Tagesplaner.build/Release-iphoneos/Tagesplaner.build/DerivedSources/GeneratedAssetSymbols-Index.plist
/Users/runner/Library/Developer/Xcode/DerivedData/Tagesplaner-dkpwbnnmvnqrwwcyvjakukgkxuzu/Build/Intermediates.noindex/Tagesplaner.build/Release-iphoneos/Tagesplaner.build/DerivedSources/GeneratedAssetSymbols.h
/Users/runner/Library/Developer/Xcode/DerivedData/Tagesplaner-dkpwbnnmvnqrwwcyvjakukgkxuzu/Build/Intermediates.noindex/Tagesplaner.build/Release-iphoneos/Tagesplaner.build/DerivedSources/GeneratedAssetSymbols.swift


CompileAssetCatalogVariant thinned /Users/runner/Library/Developer/Xcode/DerivedData/Tagesplaner-dkpwbnnmvnqrwwcyvjakukgkxuzu/Build/Products/Release-iphoneos/Tagesplaner.app /Users/runner/work/Tagesplaner/Tagesplaner/App/Assets.xcassets (in target 'Tagesplaner' from project 'Tagesplaner')
    cd /Users/runner/work/Tagesplaner/Tagesplaner
    /Applications/Xcode_26.6.app/Contents/Developer/usr/bin/actool /Users/runner/work/Tagesplaner/Tagesplaner/App/Assets.xcassets --compile /Users/runner/Library/Developer/Xcode/DerivedData/Tagesplaner-dkpwbnnmvnqrwwcyvjakukgkxuzu/Build/Intermediates.noindex/Tagesplaner.build/Release-iphoneos/Tagesplaner.build/assetcatalog_output/thinned --output-format human-readable-text --notices --warnings --export-dependency-info /Users/runner/Library/Developer/Xcode/DerivedData/Tagesplaner-dkpwbnnmvnqrwwcyvjakukgkxuzu/Build/Intermediates.noindex/Tagesplaner.build/Release-iphoneos/Tagesplaner.build/assetcatalog_dependencies_thinned --output-partial-info-plist /Users/runner/Library/Developer/Xcode/DerivedData/Tagesplaner-dkpwbnnmvnqrwwcyvjakukgkxuzu/Build/Intermediates.noindex/Tagesplaner.build/Release-iphoneos/Tagesplaner.build/assetcatalog_generated_info.plist_thinned --app-icon AppIcon --compress-pngs --enable-on-demand-resources YES --development-region de --target-device iphone --target-device ipad --minimum-deployment-target 17.0 --platform iphoneos
/* com.apple.actool.compilation-results */
/Users/runner/Library/Developer/Xcode/DerivedData/Tagesplaner-dkpwbnnmvnqrwwcyvjakukgkxuzu/Build/Intermediates.noindex/Tagesplaner.build/Release-iphoneos/Tagesplaner.build/assetcatalog_generated_info.plist_thinned
/Users/runner/Library/Developer/Xcode/DerivedData/Tagesplaner-dkpwbnnmvnqrwwcyvjakukgkxuzu/Build/Intermediates.noindex/Tagesplaner.build/Release-iphoneos/Tagesplaner.build/assetcatalog_output/thinned/AppIcon60x60@2x.png
/Users/runner/Library/Developer/Xcode/DerivedData/Tagesplaner-dkpwbnnmvnqrwwcyvjakukgkxuzu/Build/Intermediates.noindex/Tagesplaner.build/Release-iphoneos/Tagesplaner.build/assetcatalog_output/thinned/AppIcon76x76@2x~ipad.png
/Users/runner/Library/Developer/Xcode/DerivedData/Tagesplaner-dkpwbnnmvnqrwwcyvjakukgkxuzu/Build/Intermediates.noindex/Tagesplaner.build/Release-iphoneos/Tagesplaner.build/assetcatalog_output/thinned/Assets.car


GenerateDSYMFile /Users/runner/Library/Developer/Xcode/DerivedData/Tagesplaner-dkpwbnnmvnqrwwcyvjakukgkxuzu/Build/Products/Release-iphoneos/TagesplanerWidgets.appex.dSYM /Users/runner/Library/Developer/Xcode/DerivedData/Tagesplaner-dkpwbnnmvnqrwwcyvjakukgkxuzu/Build/Products/Release-iphoneos/TagesplanerWidgets.appex/TagesplanerWidgets (in target 'TagesplanerWidgets' from project 'Tagesplaner')
    cd /Users/runner/work/Tagesplaner/Tagesplaner
    /Applications/Xcode_26.6.app/Contents/Developer/Toolchains/XcodeDefault.xctoolchain/usr/bin/dsymutil /Users/runner/Library/Developer/Xcode/DerivedData/Tagesplaner-dkpwbnnmvnqrwwcyvjakukgkxuzu/Build/Products/Release-iphoneos/TagesplanerWidgets.appex/TagesplanerWidgets -o /Users/runner/Library/Developer/Xcode/DerivedData/Tagesplaner-dkpwbnnmvnqrwwcyvjakukgkxuzu/Build/Products/Release-iphoneos/TagesplanerWidgets.appex.dSYM

ExtractAppIntentsMetadata (in target 'TagesplanerWidgets' from project 'Tagesplaner')
    cd /Users/runner/work/Tagesplaner/Tagesplaner
    /Applications/Xcode_26.6.app/Contents/Developer/Toolchains/XcodeDefault.xctoolchain/usr/bin/appintentsmetadataprocessor --toolchain-dir /var/run/com.apple.security.cryptexd/mnt/com.apple.MobileAsset.MetalToolchain-v17.6.109.0.0nPeD0/Metal.xctoolchain --module-name TagesplanerWidgets --sdk-root /Applications/Xcode_26.6.app/Contents/Developer/Platforms/iPhoneOS.platform/Developer/SDKs/iPhoneOS26.5.sdk --xcode-version 17F113 --platform-family iOS --deployment-target 17.0 --bundle-identifier de.tagesplaner.ci.tagesplaner.widgets --output /Users/runner/Library/Developer/Xcode/DerivedData/Tagesplaner-dkpwbnnmvnqrwwcyvjakukgkxuzu/Build/Products/Release-iphoneos/TagesplanerWidgets.appex --target-triple arm64-apple-ios17.0 --binary-file /Users/runner/Library/Developer/Xcode/DerivedData/Tagesplaner-dkpwbnnmvnqrwwcyvjakukgkxuzu/Build/Products/Release-iphoneos/TagesplanerWidgets.appex/TagesplanerWidgets --dependency-file /Users/runner/Library/Developer/Xcode/DerivedData/Tagesplaner-dkpwbnnmvnqrwwcyvjakukgkxuzu/Build/Intermediates.noindex/Tagesplaner.build/Release-iphoneos/TagesplanerWidgets.build/Objects-normal/arm64/TagesplanerWidgets_dependency_info.dat --stringsdata-file /Users/runner/Library/Developer/Xcode/DerivedData/Tagesplaner-dkpwbnnmvnqrwwcyvjakukgkxuzu/Build/Intermediates.noindex/Tagesplaner.build/Release-iphoneos/TagesplanerWidgets.build/Objects-normal/arm64/ExtractedAppShortcutsMetadata.stringsdata --source-file-list /Users/runner/Library/Developer/Xcode/DerivedData/Tagesplaner-dkpwbnnmvnqrwwcyvjakukgkxuzu/Build/Intermediates.noindex/Tagesplaner.build/Release-iphoneos/TagesplanerWidgets.build/Objects-normal/arm64/TagesplanerWidgets.SwiftFileList --metadata-file-list /Users/runner/Library/Developer/Xcode/DerivedData/Tagesplaner-dkpwbnnmvnqrwwcyvjakukgkxuzu/Build/Intermediates.noindex/Tagesplaner.build/Release-iphoneos/TagesplanerWidgets.build/TagesplanerWidgets.DependencyMetadataFileList --static-metadata-file-list /Users/runner/Library/Developer/Xcode/DerivedData/Tagesplaner-dkpwbnnmvnqrwwcyvjakukgkxuzu/Build/Intermediates.noindex/Tagesplaner.build/Release-iphoneos/TagesplanerWidgets.build/TagesplanerWidgets.DependencyStaticMetadataFileList --swift-const-vals-list /Users/runner/Library/Developer/Xcode/DerivedData/Tagesplaner-dkpwbnnmvnqrwwcyvjakukgkxuzu/Build/Intermediates.noindex/Tagesplaner.build/Release-iphoneos/TagesplanerWidgets.build/Objects-normal/arm64/TagesplanerWidgets.SwiftConstValuesFileList --compile-time-extraction --deployment-aware-processing --validate-assistant-intents --no-app-shortcuts-localization
2026-10-04 21:41:29.649 appintentsmetadataprocessor[17213:57629] Starting appintentsmetadataprocessor export
2026-10-04 21:41:29.678 appintentsmetadataprocessor[17213:57629] Extracted no relevant App Intents symbols, skipping writing output

AppIntentsSSUTraining (in target 'TagesplanerWidgets' from project 'Tagesplaner')
    cd /Users/runner/work/Tagesplaner/Tagesplaner
    /Applications/Xcode_26.6.app/Contents/Developer/Toolchains/XcodeDefault.xctoolchain/usr/bin/appintentsnltrainingprocessor --infoplist-path /Users/runner/Library/Developer/Xcode/DerivedData/Tagesplaner-dkpwbnnmvnqrwwcyvjakukgkxuzu/Build/Products/Release-iphoneos/TagesplanerWidgets.appex/Info.plist --temp-dir-path /Users/runner/Library/Developer/Xcode/DerivedData/Tagesplaner-dkpwbnnmvnqrwwcyvjakukgkxuzu/Build/Intermediates.noindex/Tagesplaner.build/Release-iphoneos/TagesplanerWidgets.build/ssu --bundle-id de.tagesplaner.ci.tagesplaner.widgets --product-path /Users/runner/Library/Developer/Xcode/DerivedData/Tagesplaner-dkpwbnnmvnqrwwcyvjakukgkxuzu/Build/Products/Release-iphoneos/TagesplanerWidgets.appex --extracted-metadata-path /Users/runner/Library/Developer/Xcode/DerivedData/Tagesplaner-dkpwbnnmvnqrwwcyvjakukgkxuzu/Build/Products/Release-iphoneos/TagesplanerWidgets.appex/Metadata.appintents --metadata-file-list /Users/runner/Library/Developer/Xcode/DerivedData/Tagesplaner-dkpwbnnmvnqrwwcyvjakukgkxuzu/Build/Intermediates.noindex/Tagesplaner.build/Release-iphoneos/TagesplanerWidgets.build/TagesplanerWidgets.DependencyMetadataFileList --source-file /Users/runner/Library/Developer/Xcode/DerivedData/Tagesplaner-dkpwbnnmvnqrwwcyvjakukgkxuzu/Build/Products/Release-iphoneos/TagesplanerWidgets.appex/Info.plist --archive-ssu-assets
2026-10-04 21:41:29.780 appintentsnltrainingprocessor[17222:57648] Parsing options for appintentsnltrainingprocessor
2026-10-04 21:41:29.781 appintentsnltrainingprocessor[17222:57648] Starting AppIntents SSU YAML Generation
2026-10-04 21:41:29.786 appintentsnltrainingprocessor[17222:57648] No AppShortcuts found - Skipping.

RegisterExecutionPolicyException /Users/runner/Library/Developer/Xcode/DerivedData/Tagesplaner-dkpwbnnmvnqrwwcyvjakukgkxuzu/Build/Products/Release-iphoneos/TagesplanerWidgets.appex (in target 'TagesplanerWidgets' from project 'Tagesplaner')
    cd /Users/runner/work/Tagesplaner/Tagesplaner
    builtin-RegisterExecutionPolicyException /Users/runner/Library/Developer/Xcode/DerivedData/Tagesplaner-dkpwbnnmvnqrwwcyvjakukgkxuzu/Build/Products/Release-iphoneos/TagesplanerWidgets.appex

Touch /Users/runner/Library/Developer/Xcode/DerivedData/Tagesplaner-dkpwbnnmvnqrwwcyvjakukgkxuzu/Build/Products/Release-iphoneos/TagesplanerWidgets.appex (in target 'TagesplanerWidgets' from project 'Tagesplaner')
    cd /Users/runner/work/Tagesplaner/Tagesplaner
    /usr/bin/touch -c /Users/runner/Library/Developer/Xcode/DerivedData/Tagesplaner-dkpwbnnmvnqrwwcyvjakukgkxuzu/Build/Products/Release-iphoneos/TagesplanerWidgets.appex

SwiftDriver Tagesplaner normal arm64 com.apple.xcode.tools.swift.compiler (in target 'Tagesplaner' from project 'Tagesplaner')
    cd /Users/runner/work/Tagesplaner/Tagesplaner
    builtin-SwiftDriver -- /Applications/Xcode_26.6.app/Contents/Developer/Toolchains/XcodeDefault.xctoolchain/usr/bin/swiftc -module-name Tagesplaner -O -whole-module-optimization @/Users/runner/Library/Developer/Xcode/DerivedData/Tagesplaner-dkpwbnnmvnqrwwcyvjakukgkxuzu/Build/Intermediates.noindex/Tagesplaner.build/Release-iphoneos/Tagesplaner.build/Objects-normal/arm64/Tagesplaner.SwiftFileList -enable-bare-slash-regex -enable-experimental-feature DebugDescriptionMacro -sdk /Applications/Xcode_26.6.app/Contents/Developer/Platforms/iPhoneOS.platform/Developer/SDKs/iPhoneOS26.5.sdk -target arm64-apple-ios17.0 -g -module-cache-path /Users/runner/Library/Developer/Xcode/DerivedData/ModuleCache.noindex -Xfrontend -serialize-debugging-options -swift-version 5 -I /Users/runner/Library/Developer/Xcode/DerivedData/Tagesplaner-dkpwbnnmvnqrwwcyvjakukgkxuzu/Build/Products/Release-iphoneos -F /Users/runner/Library/Developer/Xcode/DerivedData/Tagesplaner-dkpwbnnmvnqrwwcyvjakukgkxuzu/Build/Products/Release-iphoneos/PackageFrameworks -F /Users/runner/Library/Developer/Xcode/DerivedData/Tagesplaner-dkpwbnnmvnqrwwcyvjakukgkxuzu/Build/Products/Release-iphoneos -c -num-threads 3 -Xcc -ivfsstatcache -Xcc /Users/runner/Library/Developer/Xcode/DerivedData/SDKStatCaches.noindex/iphoneos26.5-23F81a-688ef53f1462e2c8f657fdc38a81448fee66e23052a0157c865c76b268046726.sdkstatcache -output-file-map /Users/runner/Library/Developer/Xcode/DerivedData/Tagesplaner-dkpwbnnmvnqrwwcyvjakukgkxuzu/Build/Intermediates.noindex/Tagesplaner.build/Release-iphoneos/Tagesplaner.build/Objects-normal/arm64/Tagesplaner-OutputFileMap.json -use-frontend-parseable-output -save-temps -no-color-diagnostics -explicit-module-build -module-cache-path /Users/runner/Library/Developer/Xcode/DerivedData/Tagesplaner-dkpwbnnmvnqrwwcyvjakukgkxuzu/Build/Intermediates.noindex/SwiftExplicitPrecompiledModules -clang-scanner-module-cache-path /Users/runner/Library/Developer/Xcode/DerivedData/ModuleCache.noindex -sdk-module-cache-path /Users/runner/Library/Developer/Xcode/DerivedData/ModuleCache.noindex -serialize-diagnostics -emit-dependencies -emit-module -emit-module-path /Users/runner/Library/Developer/Xcode/DerivedData/Tagesplaner-dkpwbnnmvnqrwwcyvjakukgkxuzu/Build/Intermediates.noindex/Tagesplaner.build/Release-iphoneos/Tagesplaner.build/Objects-normal/arm64/Tagesplaner.swiftmodule -validate-clang-modules-once -clang-build-session-file /Users/runner/Library/Developer/Xcode/DerivedData/ModuleCache.noindex/Session.modulevalidation -Xcc -I/Users/runner/Library/Developer/Xcode/DerivedData/Tagesplaner-dkpwbnnmvnqrwwcyvjakukgkxuzu/Build/Intermediates.noindex/Tagesplaner.build/Release-iphoneos/Tagesplaner.build/swift-overrides.hmap -emit-const-values -Xfrontend -const-gather-protocols-file -Xfrontend /Users/runner/Library/Developer/Xcode/DerivedData/Tagesplaner-dkpwbnnmvnqrwwcyvjakukgkxuzu/Build/Intermediates.noindex/Tagesplaner.build/Release-iphoneos/Tagesplaner.build/Objects-normal/arm64/Tagesplaner_const_extract_protocols.json -Xcc -iquote -Xcc /Users/runner/Library/Developer/Xcode/DerivedData/Tagesplaner-dkpwbnnmvnqrwwcyvjakukgkxuzu/Build/Intermediates.noindex/Tagesplaner.build/Release-iphoneos/Tagesplaner.build/Tagesplaner-generated-files.hmap -Xcc -I/Users/runner/Library/Developer/Xcode/DerivedData/Tagesplaner-dkpwbnnmvnqrwwcyvjakukgkxuzu/Build/Intermediates.noindex/Tagesplaner.build/Release-iphoneos/Tagesplaner.build/Tagesplaner-own-target-headers.hmap -Xcc -I/Users/runner/Library/Developer/Xcode/DerivedData/Tagesplaner-dkpwbnnmvnqrwwcyvjakukgkxuzu/Build/Intermediates.noindex/Tagesplaner.build/Release-iphoneos/Tagesplaner.build/Tagesplaner-all-non-framework-target-headers.hmap -Xcc -ivfsoverlay -Xcc /Users/runner/Library/Developer/Xcode/DerivedData/Tagesplaner-dkpwbnnmvnqrwwcyvjakukgkxuzu/Build/Intermediates.noindex/Tagesplaner.build/Release-iphoneos/Tagesplaner-06596a4c0479a151a4276fb9806ef9b8-VFS-iphoneos/all-product-headers.yaml -Xcc -iquote -Xcc /Users/runner/Library/Developer/Xcode/DerivedData/Tagesplaner-dkpwbnnmvnqrwwcyvjakukgkxuzu/Build/Intermediates.noindex/Tagesplaner.build/Release-iphoneos/Tagesplaner.build/Tagesplaner-project-headers.hmap -Xcc -I/Users/runner/Library/Developer/Xcode/DerivedData/Tagesplaner-dkpwbnnmvnqrwwcyvjakukgkxuzu/Build/Products/Release-iphoneos/include -Xcc -I/Users/runner/Library/Developer/Xcode/DerivedData/Tagesplaner-dkpwbnnmvnqrwwcyvjakukgkxuzu/Build/Intermediates.noindex/Tagesplaner.build/Release-iphoneos/Tagesplaner.build/DerivedSources-normal/arm64 -Xcc -I/Users/runner/Library/Developer/Xcode/DerivedData/Tagesplaner-dkpwbnnmvnqrwwcyvjakukgkxuzu/Build/Intermediates.noindex/Tagesplaner.build/Release-iphoneos/Tagesplaner.build/DerivedSources/arm64 -Xcc -I/Users/runner/Library/Developer/Xcode/DerivedData/Tagesplaner-dkpwbnnmvnqrwwcyvjakukgkxuzu/Build/Intermediates.noindex/Tagesplaner.build/Release-iphoneos/Tagesplaner.build/DerivedSources -emit-objc-header -emit-objc-header-path /Users/runner/Library/Developer/Xcode/DerivedData/Tagesplaner-dkpwbnnmvnqrwwcyvjakukgkxuzu/Build/Intermediates.noindex/Tagesplaner.build/Release-iphoneos/Tagesplaner.build/Objects-normal/arm64/Tagesplaner-Swift.h -working-directory /Users/runner/work/Tagesplaner/Tagesplaner -no-emit-module-separately-wmo

SwiftDriver\ Compilation Tagesplaner normal arm64 com.apple.xcode.tools.swift.compiler (in target 'Tagesplaner' from project 'Tagesplaner')
    cd /Users/runner/work/Tagesplaner/Tagesplaner
    builtin-Swift-Compilation -- /Applications/Xcode_26.6.app/Contents/Developer/Toolchains/XcodeDefault.xctoolchain/usr/bin/swiftc -module-name Tagesplaner -O -whole-module-optimization @/Users/runner/Library/Developer/Xcode/DerivedData/Tagesplaner-dkpwbnnmvnqrwwcyvjakukgkxuzu/Build/Intermediates.noindex/Tagesplaner.build/Release-iphoneos/Tagesplaner.build/Objects-normal/arm64/Tagesplaner.SwiftFileList -enable-bare-slash-regex -enable-experimental-feature DebugDescriptionMacro -sdk /Applications/Xcode_26.6.app/Contents/Developer/Platforms/iPhoneOS.platform/Developer/SDKs/iPhoneOS26.5.sdk -target arm64-apple-ios17.0 -g -module-cache-path /Users/runner/Library/Developer/Xcode/DerivedData/ModuleCache.noindex -Xfrontend -serialize-debugging-options -swift-version 5 -I /Users/runner/Library/Developer/Xcode/DerivedData/Tagesplaner-dkpwbnnmvnqrwwcyvjakukgkxuzu/Build/Products/Release-iphoneos -F /Users/runner/Library/Developer/Xcode/DerivedData/Tagesplaner-dkpwbnnmvnqrwwcyvjakukgkxuzu/Build/Products/Release-iphoneos/PackageFrameworks -F /Users/runner/Library/Developer/Xcode/DerivedData/Tagesplaner-dkpwbnnmvnqrwwcyvjakukgkxuzu/Build/Products/Release-iphoneos -c -num-threads 3 -Xcc -ivfsstatcache -Xcc /Users/runner/Library/Developer/Xcode/DerivedData/SDKStatCaches.noindex/iphoneos26.5-23F81a-688ef53f1462e2c8f657fdc38a81448fee66e23052a0157c865c76b268046726.sdkstatcache -output-file-map /Users/runner/Library/Developer/Xcode/DerivedData/Tagesplaner-dkpwbnnmvnqrwwcyvjakukgkxuzu/Build/Intermediates.noindex/Tagesplaner.build/Release-iphoneos/Tagesplaner.build/Objects-normal/arm64/Tagesplaner-OutputFileMap.json -use-frontend-parseable-output -save-temps -no-color-diagnostics -explicit-module-build -module-cache-path /Users/runner/Library/Developer/Xcode/DerivedData/Tagesplaner-dkpwbnnmvnqrwwcyvjakukgkxuzu/Build/Intermediates.noindex/SwiftExplicitPrecompiledModules -clang-scanner-module-cache-path /Users/runner/Library/Developer/Xcode/DerivedData/ModuleCache.noindex -sdk-module-cache-path /Users/runner/Library/Developer/Xcode/DerivedData/ModuleCache.noindex -serialize-diagnostics -emit-dependencies -emit-module -emit-module-path /Users/runner/Library/Developer/Xcode/DerivedData/Tagesplaner-dkpwbnnmvnqrwwcyvjakukgkxuzu/Build/Intermediates.noindex/Tagesplaner.build/Release-iphoneos/Tagesplaner.build/Objects-normal/arm64/Tagesplaner.swiftmodule -validate-clang-modules-once -clang-build-session-file /Users/runner/Library/Developer/Xcode/DerivedData/ModuleCache.noindex/Session.modulevalidation -Xcc -I/Users/runner/Library/Developer/Xcode/DerivedData/Tagesplaner-dkpwbnnmvnqrwwcyvjakukgkxuzu/Build/Intermediates.noindex/Tagesplaner.build/Release-iphoneos/Tagesplaner.build/swift-overrides.hmap -emit-const-values -Xfrontend -const-gather-protocols-file -Xfrontend /Users/runner/Library/Developer/Xcode/DerivedData/Tagesplaner-dkpwbnnmvnqrwwcyvjakukgkxuzu/Build/Intermediates.noindex/Tagesplaner.build/Release-iphoneos/Tagesplaner.build/Objects-normal/arm64/Tagesplaner_const_extract_protocols.json -Xcc -iquote -Xcc /Users/runner/Library/Developer/Xcode/DerivedData/Tagesplaner-dkpwbnnmvnqrwwcyvjakukgkxuzu/Build/Intermediates.noindex/Tagesplaner.build/Release-iphoneos/Tagesplaner.build/Tagesplaner-generated-files.hmap -Xcc -I/Users/runner/Library/Developer/Xcode/DerivedData/Tagesplaner-dkpwbnnmvnqrwwcyvjakukgkxuzu/Build/Intermediates.noindex/Tagesplaner.build/Release-iphoneos/Tagesplaner.build/Tagesplaner-own-target-headers.hmap -Xcc -I/Users/runner/Library/Developer/Xcode/DerivedData/Tagesplaner-dkpwbnnmvnqrwwcyvjakukgkxuzu/Build/Intermediates.noindex/Tagesplaner.build/Release-iphoneos/Tagesplaner.build/Tagesplaner-all-non-framework-target-headers.hmap -Xcc -ivfsoverlay -Xcc /Users/runner/Library/Developer/Xcode/DerivedData/Tagesplaner-dkpwbnnmvnqrwwcyvjakukgkxuzu/Build/Intermediates.noindex/Tagesplaner.build/Release-iphoneos/Tagesplaner-06596a4c0479a151a4276fb9806ef9b8-VFS-iphoneos/all-product-headers.yaml -Xcc -iquote -Xcc /Users/runner/Library/Developer/Xcode/DerivedData/Tagesplaner-dkpwbnnmvnqrwwcyvjakukgkxuzu/Build/Intermediates.noindex/Tagesplaner.build/Release-iphoneos/Tagesplaner.build/Tagesplaner-project-headers.hmap -Xcc -I/Users/runner/Library/Developer/Xcode/DerivedData/Tagesplaner-dkpwbnnmvnqrwwcyvjakukgkxuzu/Build/Products/Release-iphoneos/include -Xcc -I/Users/runner/Library/Developer/Xcode/DerivedData/Tagesplaner-dkpwbnnmvnqrwwcyvjakukgkxuzu/Build/Intermediates.noindex/Tagesplaner.build/Release-iphoneos/Tagesplaner.build/DerivedSources-normal/arm64 -Xcc -I/Users/runner/Library/Developer/Xcode/DerivedData/Tagesplaner-dkpwbnnmvnqrwwcyvjakukgkxuzu/Build/Intermediates.noindex/Tagesplaner.build/Release-iphoneos/Tagesplaner.build/DerivedSources/arm64 -Xcc -I/Users/runner/Library/Developer/Xcode/DerivedData/Tagesplaner-dkpwbnnmvnqrwwcyvjakukgkxuzu/Build/Intermediates.noindex/Tagesplaner.build/Release-iphoneos/Tagesplaner.build/DerivedSources -emit-objc-header -emit-objc-header-path /Users/runner/Library/Developer/Xcode/DerivedData/Tagesplaner-dkpwbnnmvnqrwwcyvjakukgkxuzu/Build/Intermediates.noindex/Tagesplaner.build/Release-iphoneos/Tagesplaner.build/Objects-normal/arm64/Tagesplaner-Swift.h -working-directory /Users/runner/work/Tagesplaner/Tagesplaner -no-emit-module-separately-wmo

SwiftExplicitDependencyGeneratePcm arm64 /Users/runner/Library/Developer/Xcode/DerivedData/ModuleCache.noindex/_AvailabilityInternal-D134KYCM5B7H7LEX0UZ8E87OC.pcm

SwiftExplicitDependencyGeneratePcm arm64 /Users/runner/Library/Developer/Xcode/DerivedData/ModuleCache.noindex/_Builtin_stdbool-F2JDNPQEX6SQ9OSYLY30YZQUK.pcm

SwiftExplicitDependencyGeneratePcm arm64 /Users/runner/Library/Developer/Xcode/DerivedData/ModuleCache.noindex/_Builtin_stddef-DM9FIK1TI14UIQLTPTSDRJRH8.pcm

SwiftExplicitDependencyGeneratePcm arm64 /Users/runner/Library/Developer/Xcode/DerivedData/ModuleCache.noindex/SwiftShims-72SLMYIIT0DF0R4G8CULVMIGB.pcm

SwiftExplicitDependencyGeneratePcm arm64 /Users/runner/Library/Developer/Xcode/DerivedData/ModuleCache.noindex/_SwiftConcurrencyShims-11WQO0U6NUPEG5KX0XIBPK7HV.pcm

SwiftExplicitDependencyGeneratePcm arm64 /Users/runner/Library/Developer/Xcode/DerivedData/ModuleCache.noindex/_Builtin_float-2YO6PSBAHJ04WO49MXMPSPE2E.pcm

SwiftExplicitDependencyGeneratePcm arm64 /Users/runner/Library/Developer/Xcode/DerivedData/ModuleCache.noindex/ptrauth-DABL4NITE6FI9XGP0U5ICP5U7.pcm

SwiftExplicitDependencyGeneratePcm arm64 /Users/runner/Library/Developer/Xcode/DerivedData/ModuleCache.noindex/_Builtin_stdarg-AWNHK52NN9LOBSP9B3ES6N4JP.pcm

SwiftExplicitDependencyGeneratePcm arm64 /Users/runner/Library/Developer/Xcode/DerivedData/ModuleCache.noindex/ptrcheck-F4E3AJ5OSHOZ9IBB2GP04PWWI.pcm

SwiftExplicitDependencyGeneratePcm arm64 /Users/runner/Library/Developer/Xcode/DerivedData/ModuleCache.noindex/ActivityKit-17X415H0PR1W0WJFXWD9RPWDG.pcm

SwiftExplicitDependencyGeneratePcm arm64 /Users/runner/Library/Developer/Xcode/DerivedData/ModuleCache.noindex/DeveloperToolsSupport-EMHRDK0O1ZXXZII2U7HYGBAAB.pcm

LinkAssetCatalog /Users/runner/work/Tagesplaner/Tagesplaner/App/Assets.xcassets (in target 'Tagesplaner' from project 'Tagesplaner')
    cd /Users/runner/work/Tagesplaner/Tagesplaner
    builtin-linkAssetCatalog --thinned /Users/runner/Library/Developer/Xcode/DerivedData/Tagesplaner-dkpwbnnmvnqrwwcyvjakukgkxuzu/Build/Intermediates.noindex/Tagesplaner.build/Release-iphoneos/Tagesplaner.build/assetcatalog_output/thinned --thinned-dependencies /Users/runner/Library/Developer/Xcode/DerivedData/Tagesplaner-dkpwbnnmvnqrwwcyvjakukgkxuzu/Build/Intermediates.noindex/Tagesplaner.build/Release-iphoneos/Tagesplaner.build/assetcatalog_dependencies_thinned --thinned-info-plist-content /Users/runner/Library/Developer/Xcode/DerivedData/Tagesplaner-dkpwbnnmvnqrwwcyvjakukgkxuzu/Build/Intermediates.noindex/Tagesplaner.build/Release-iphoneos/Tagesplaner.build/assetcatalog_generated_info.plist_thinned --unthinned /Users/runner/Library/Developer/Xcode/DerivedData/Tagesplaner-dkpwbnnmvnqrwwcyvjakukgkxuzu/Build/Intermediates.noindex/Tagesplaner.build/Release-iphoneos/Tagesplaner.build/assetcatalog_output/unthinned --unthinned-dependencies /Users/runner/Library/Developer/Xcode/DerivedData/Tagesplaner-dkpwbnnmvnqrwwcyvjakukgkxuzu/Build/Intermediates.noindex/Tagesplaner.build/Release-iphoneos/Tagesplaner.build/assetcatalog_dependencies_unthinned --unthinned-info-plist-content /Users/runner/Library/Developer/Xcode/DerivedData/Tagesplaner-dkpwbnnmvnqrwwcyvjakukgkxuzu/Build/Intermediates.noindex/Tagesplaner.build/Release-iphoneos/Tagesplaner.build/assetcatalog_generated_info.plist_unthinned --output /Users/runner/Library/Developer/Xcode/DerivedData/Tagesplaner-dkpwbnnmvnqrwwcyvjakukgkxuzu/Build/Products/Release-iphoneos/Tagesplaner.app --plist-output /Users/runner/Library/Developer/Xcode/DerivedData/Tagesplaner-dkpwbnnmvnqrwwcyvjakukgkxuzu/Build/Intermediates.noindex/Tagesplaner.build/Release-iphoneos/Tagesplaner.build/assetcatalog_generated_info.plist
note: Emplaced /Users/runner/Library/Developer/Xcode/DerivedData/Tagesplaner-dkpwbnnmvnqrwwcyvjakukgkxuzu/Build/Products/Release-iphoneos/Tagesplaner.app/Assets.car (in target 'Tagesplaner' from project 'Tagesplaner')
note: Emplaced /Users/runner/Library/Developer/Xcode/DerivedData/Tagesplaner-dkpwbnnmvnqrwwcyvjakukgkxuzu/Build/Products/Release-iphoneos/Tagesplaner.app/AppIcon60x60@2x.png (in target 'Tagesplaner' from project 'Tagesplaner')
note: Emplaced /Users/runner/Library/Developer/Xcode/DerivedData/Tagesplaner-dkpwbnnmvnqrwwcyvjakukgkxuzu/Build/Products/Release-iphoneos/Tagesplaner.app/AppIcon76x76@2x~ipad.png (in target 'Tagesplaner' from project 'Tagesplaner')

SwiftExplicitDependencyGeneratePcm arm64 /Users/runner/Library/Developer/Xcode/DerivedData/ModuleCache.noindex/_DarwinFoundation1-AVQP07R3FLQDOZLLLTSBQE6KZ.pcm

SwiftExplicitDependencyGeneratePcm arm64 /Users/runner/Library/Developer/Xcode/DerivedData/ModuleCache.noindex/_DarwinFoundation2-CHABC5SS8N2OTC0RLF1PF00IL.pcm

SwiftExplicitDependencyGeneratePcm arm64 /Users/runner/Library/Developer/Xcode/DerivedData/ModuleCache.noindex/_Builtin_limits-5XLAGNJNMUIA35MLR9224J96G.pcm

SwiftExplicitDependencyGeneratePcm arm64 /Users/runner/Library/Developer/Xcode/DerivedData/ModuleCache.noindex/ExtensionFoundation-1KMDNDD0YNMPZE4A6P2BXA1R0.pcm

SwiftExplicitDependencyGeneratePcm arm64 /Users/runner/Library/Developer/Xcode/DerivedData/ModuleCache.noindex/_Builtin_tgmath-54R3DMFU6DS0GI3Z1X2FGPB20.pcm

SwiftExplicitDependencyGeneratePcm arm64 /Users/runner/Library/Developer/Xcode/DerivedData/ModuleCache.noindex/sys_types-6VUOHF7N0NSAAA8P9FPHKE8W6.pcm

SwiftExplicitDependencyGeneratePcm arm64 /Users/runner/Library/Developer/Xcode/DerivedData/ModuleCache.noindex/_Builtin_stdint-1IVO0O4NH45TV1AYF52FCLU39.pcm

SwiftExplicitDependencyGeneratePcm arm64 /Users/runner/Library/Developer/Xcode/DerivedData/ModuleCache.noindex/_Builtin_stdatomic-9060L4NKPD5ER5I6FJ57E8WVA.pcm

SwiftExplicitDependencyGeneratePcm arm64 /Users/runner/Library/Developer/Xcode/DerivedData/ModuleCache.noindex/_DarwinFoundation3-DT13DYQO20ZPMHDX5CDK95E4D.pcm

SwiftExplicitDependencyGeneratePcm arm64 /Users/runner/Library/Developer/Xcode/DerivedData/ModuleCache.noindex/_Builtin_intrinsics-99O65VBQ24FR6L5LL9JW9AR1W.pcm

SwiftExplicitDependencyGeneratePcm arm64 /Users/runner/Library/Developer/Xcode/DerivedData/ModuleCache.noindex/_Builtin_inttypes-AMA2B4Y7QBKPABLXFSRFWCL9N.pcm

SwiftExplicitDependencyGeneratePcm arm64 /Users/runner/Library/Developer/Xcode/DerivedData/ModuleCache.noindex/Darwin-D9UWKS8G5A983R1DJ4W24YSKP.pcm

SwiftExplicitDependencyGeneratePcm arm64 /Users/runner/Library/Developer/Xcode/DerivedData/ModuleCache.noindex/simd-CLUOIJ1OU38JUV8Q94GRO1JFW.pcm

SwiftExplicitDependencyGeneratePcm arm64 /Users/runner/Library/Developer/Xcode/DerivedData/ModuleCache.noindex/ObjectiveC-UL57PEN9KLSC4RHLEIGY3HA.pcm

SwiftExplicitDependencyGeneratePcm arm64 /Users/runner/Library/Developer/Xcode/DerivedData/ModuleCache.noindex/MachO-B6RJ1U22Q2HMP7YR9Z0P7VQ0Z.pcm

SwiftExplicitDependencyGeneratePcm arm64 /Users/runner/Library/Developer/Xcode/DerivedData/ModuleCache.noindex/os_object-E4IBKKHD0T0YBYBJLG4YXIM1L.pcm

SwiftExplicitDependencyGeneratePcm arm64 /Users/runner/Library/Developer/Xcode/DerivedData/ModuleCache.noindex/Spatial-66ZFZVSPF6NR4DI3VRZP5OD1H.pcm

SwiftExplicitDependencyGeneratePcm arm64 /Users/runner/Library/Developer/Xcode/DerivedData/ModuleCache.noindex/os_workgroup-32Z9ZWHZO4UN3G5VTRHGO9J2G.pcm

SwiftExplicitDependencyGeneratePcm arm64 /Users/runner/Library/Developer/Xcode/DerivedData/ModuleCache.noindex/Dispatch-9CU9L6AJGABEPEK1MML5WOJEH.pcm

SwiftExplicitDependencyGeneratePcm arm64 /Users/runner/Library/Developer/Xcode/DerivedData/ModuleCache.noindex/dnssd-AB1MJ0IHS4AY4FMB9VINDZFNL.pcm

SwiftExplicitDependencyGeneratePcm arm64 /Users/runner/Library/Developer/Xcode/DerivedData/ModuleCache.noindex/XPC-4PB7SR0PM1G3Z1V4ERK8LTRR6.pcm

SwiftExplicitDependencyGeneratePcm arm64 /Users/runner/Library/Developer/Xcode/DerivedData/ModuleCache.noindex/CoreFoundation-AJVBJNWJLXSNXAG6CFR83HFOF.pcm

SwiftExplicitDependencyGeneratePcm arm64 /Users/runner/Library/Developer/Xcode/DerivedData/ModuleCache.noindex/os-1REBWOFRQ4PBO7QOUF0V31OPU.pcm

SwiftExplicitDependencyGeneratePcm arm64 /Users/runner/Library/Developer/Xcode/DerivedData/ModuleCache.noindex/Security-CIWSTZAS0BOTYSHUXXOWYSEX5.pcm

SwiftExplicitDependencyGeneratePcm arm64 /Users/runner/Library/Developer/Xcode/DerivedData/ModuleCache.noindex/CoreGraphics-1G5052L8UUCYJ9W6QLENAXY9U.pcm

SwiftExplicitDependencyGeneratePcm arm64 /Users/runner/Library/Developer/Xcode/DerivedData/ModuleCache.noindex/CFNetwork-4AKTMCE1W2AF00ZV9XZ8XN8BU.pcm

SwiftExplicitDependencyGeneratePcm arm64 /Users/runner/Library/Developer/Xcode/DerivedData/ModuleCache.noindex/AddressBook-3VBJ87HHF47VTC4YLH4WJG23U.pcm

SwiftExplicitDependencyGeneratePcm arm64 /Users/runner/Library/Developer/Xcode/DerivedData/ModuleCache.noindex/Foundation-1X62Q4Y5CFD79X7DK8WGN1XR7.pcm

SwiftExplicitDependencyGeneratePcm arm64 /Users/runner/Library/Developer/Xcode/DerivedData/ModuleCache.noindex/ImageIO-DO2T5X90PE8HDHJGTWQBWNA65.pcm

SwiftExplicitDependencyGeneratePcm arm64 /Users/runner/Library/Developer/Xcode/DerivedData/ModuleCache.noindex/CoreText-7G27BMK29AJO8FLDTQX72AKIO.pcm

SwiftExplicitDependencyGeneratePcm arm64 /Users/runner/Library/Developer/Xcode/DerivedData/ModuleCache.noindex/DataDetection-D4KJ1S9E4WLZ9667PTN5AXI9K.pcm

SwiftExplicitDependencyGeneratePcm arm64 /Users/runner/Library/Developer/Xcode/DerivedData/ModuleCache.noindex/Accessibility-ZCOQIL8YWBFQ0TLBXFB2N57I.pcm

SwiftExplicitDependencyGeneratePcm arm64 /Users/runner/Library/Developer/Xcode/DerivedData/ModuleCache.noindex/IOSurface-5JX3VCZ80M38F2Z6PCGNGZCAT.pcm

SwiftExplicitDependencyGeneratePcm arm64 /Users/runner/Library/Developer/Xcode/DerivedData/ModuleCache.noindex/RelevanceKit-A9UYSR65SXY79JR71WEK2PPS1.pcm

SwiftExplicitDependencyGeneratePcm arm64 /Users/runner/Library/Developer/Xcode/DerivedData/ModuleCache.noindex/UserNotifications-9XZE59KS9YG29GOP295XNSED9.pcm

SwiftExplicitDependencyGeneratePcm arm64 /Users/runner/Library/Developer/Xcode/DerivedData/ModuleCache.noindex/OSLog-DKEX056QW3YCNCO6DBH0EAM0E.pcm

SwiftExplicitDependencyGeneratePcm arm64 /Users/runner/Library/Developer/Xcode/DerivedData/ModuleCache.noindex/Symbols-3Z96XHQKJOEPY4CGQ63YIUGXQ.pcm

SwiftExplicitDependencyGeneratePcm arm64 /Users/runner/Library/Developer/Xcode/DerivedData/ModuleCache.noindex/Network-CV64AECI38K2LZC189XU1XATE.pcm

SwiftExplicitDependencyGeneratePcm arm64 /Users/runner/Library/Developer/Xcode/DerivedData/ModuleCache.noindex/AppIntents-BYA3XKAIQ0EW6N9FPWTUIZA1N.pcm

SwiftExplicitDependencyGeneratePcm arm64 /Users/runner/Library/Developer/Xcode/DerivedData/ModuleCache.noindex/CoreTransferable-AAQIWS8UG8MGA4ZNEWBZ2W2IY.pcm

SwiftExplicitDependencyGeneratePcm arm64 /Users/runner/Library/Developer/Xcode/DerivedData/ModuleCache.noindex/FileProvider-2IGH0JAASCWFWTHH3HQB16NAT.pcm

SwiftExplicitDependencyGeneratePcm arm64 /Users/runner/Library/Developer/Xcode/DerivedData/ModuleCache.noindex/UniformTypeIdentifiers-5SQL832U5YS5P4OFS71ZU71ZH.pcm

SwiftExplicitDependencyGeneratePcm arm64 /Users/runner/Library/Developer/Xcode/DerivedData/ModuleCache.noindex/UIUtilities-68BP72D2ARRWVKR5ND13PTZHD.pcm

SwiftExplicitDependencyGeneratePcm arm64 /Users/runner/Library/Developer/Xcode/DerivedData/ModuleCache.noindex/_LocationEssentials-4RV1VJZLSCT2RO6Q45E9WTAA8.pcm

SwiftExplicitDependencyGeneratePcm arm64 /Users/runner/Library/Developer/Xcode/DerivedData/ModuleCache.noindex/CoreSpotlight-AQ8FI7YGFXR0FA9Z0RQJ1VEB9.pcm

SwiftExplicitDependencyGeneratePcm arm64 /Users/runner/Library/Developer/Xcode/DerivedData/ModuleCache.noindex/Metal-DNRDTVJ2K7CPTS3LY6NISTWHE.pcm

SwiftExplicitDependencyGeneratePcm arm64 /Users/runner/Library/Developer/Xcode/DerivedData/ModuleCache.noindex/WidgetKit-3PNX395VZ1Q3WY59FHBDZC6OT.pcm

SwiftExplicitDependencyGeneratePcm arm64 /Users/runner/Library/Developer/Xcode/DerivedData/ModuleCache.noindex/CoreLocation-1U52FIMZVPGQCI81SNWX8D199.pcm

SwiftExplicitDependencyGeneratePcm arm64 /Users/runner/Library/Developer/Xcode/DerivedData/ModuleCache.noindex/OpenGLES-457SP2TZA6UHDMTKTCX1NW350.pcm

SwiftExplicitDependencyGeneratePcm arm64 /Users/runner/Library/Developer/Xcode/DerivedData/ModuleCache.noindex/CoreData-3FH3JHVLSCG105NRLU6T3RF4G.pcm

SwiftExplicitDependencyGeneratePcm arm64 /Users/runner/Library/Developer/Xcode/DerivedData/ModuleCache.noindex/Intents-EUWYFZWUGCD2Y4MBTFV5MDXQ6.pcm

SwiftExplicitDependencyGeneratePcm arm64 /Users/runner/Library/Developer/Xcode/DerivedData/ModuleCache.noindex/EventKit-E75FUC5GDWTGJMUBLF76IM1IZ.pcm

SwiftExplicitDependencyGeneratePcm arm64 /Users/runner/Library/Developer/Xcode/DerivedData/ModuleCache.noindex/CoreVideo-BZMXU0P2Z8IQSJANCXSICOTKV.pcm

SwiftExplicitDependencyGeneratePcm arm64 /Users/runner/Library/Developer/Xcode/DerivedData/ModuleCache.noindex/QuartzCore-566Q57FTIWBTHFMCCY09MABDC.pcm

SwiftExplicitDependencyGeneratePcm arm64 /Users/runner/Library/Developer/Xcode/DerivedData/ModuleCache.noindex/CoreImage-27LC9VRXJDFZFMFSKO9E5CY0O.pcm

SwiftExplicitDependencyGeneratePcm arm64 /Users/runner/Library/Developer/Xcode/DerivedData/ModuleCache.noindex/UIKit-EXU98BO9TKBKUJMALVDROIG6.pcm

SwiftExplicitDependencyGeneratePcm arm64 /Users/runner/Library/Developer/Xcode/DerivedData/ModuleCache.noindex/SwiftUICore-9DIEMH4Z9T64AGJB2R6KD3EOR.pcm

SwiftExplicitDependencyGeneratePcm arm64 /Users/runner/Library/Developer/Xcode/DerivedData/ModuleCache.noindex/SwiftUI-6B305YEGM6ZJ1GCRJMNGN14J6.pcm

SwiftCompile normal arm64 Compiling\ AppGroup.swift,\ CalendarService.swift,\ DayActivityAttributes.swift,\ DayHeaderView.swift,\ DayTimelineView.swift,\ ItemCategory.swift,\ ItemEditorView.swift,\ LiveActivityService.swift,\ NotificationService.swift,\ Persistence.swift,\ PlanDayView.swift,\ PlanItem.swift,\ PlanStore.swift,\ PlannerIntents.swift,\ QuickAddView.swift,\ RootView.swift,\ ScreenshotDemo.swift,\ SettingsStore.swift,\ SettingsView.swift,\ SuggestionSheet.swift,\ TagesplanerApp.swift,\ TaskListView.swift,\ Theme.swift,\ TimelineBlockView.swift,\ WidgetSnapshot.swift,\ WidgetSync.swift,\ GeneratedAssetSymbols.swift /Users/runner/work/Tagesplaner/Tagesplaner/Shared/AppGroup.swift /Users/runner/work/Tagesplaner/Tagesplaner/App/Services/CalendarService.swift /Users/runner/work/Tagesplaner/Tagesplaner/Shared/DayActivityAttributes.swift /Users/runner/work/Tagesplaner/Tagesplaner/App/UI/DayHeaderView.swift /Users/runner/work/Tagesplaner/Tagesplaner/App/UI/Timeline/DayTimelineView.swift /Users/runner/work/Tagesplaner/Tagesplaner/App/Model/ItemCategory.swift /Users/runner/work/Tagesplaner/Tagesplaner/App/UI/Edit/ItemEditorView.swift /Users/runner/work/Tagesplaner/Tagesplaner/App/Services/LiveActivityService.swift /Users/runner/work/Tagesplaner/Tagesplaner/App/Services/NotificationService.swift /Users/runner/work/Tagesplaner/Tagesplaner/App/Persistence/Persistence.swift /Users/runner/work/Tagesplaner/Tagesplaner/App/UI/Planning/PlanDayView.swift /Users/runner/work/Tagesplaner/Tagesplaner/App/Model/PlanItem.swift /Users/runner/work/Tagesplaner/Tagesplaner/App/Store/PlanStore.swift /Users/runner/work/Tagesplaner/Tagesplaner/App/Intents/PlannerIntents.swift /Users/runner/work/Tagesplaner/Tagesplaner/App/UI/QuickAdd/QuickAddView.swift /Users/runner/work/Tagesplaner/Tagesplaner/App/UI/RootView.swift /Users/runner/work/Tagesplaner/Tagesplaner/App/ScreenshotDemo.swift /Users/runner/work/Tagesplaner/Tagesplaner/App/Store/SettingsStore.swift /Users/runner/work/Tagesplaner/Tagesplaner/App/UI/Settings/SettingsView.swift /Users/runner/work/Tagesplaner/Tagesplaner/App/UI/Planning/SuggestionSheet.swift /Users/runner/work/Tagesplaner/Tagesplaner/App/TagesplanerApp.swift /Users/runner/work/Tagesplaner/Tagesplaner/App/UI/Tasks/TaskListView.swift /Users/runner/work/Tagesplaner/Tagesplaner/Shared/Theme.swift /Users/runner/work/Tagesplaner/Tagesplaner/App/UI/Timeline/TimelineBlockView.swift /Users/runner/work/Tagesplaner/Tagesplaner/Shared/WidgetSnapshot.swift /Users/runner/work/Tagesplaner/Tagesplaner/App/Services/WidgetSync.swift /Users/runner/Library/Developer/Xcode/DerivedData/Tagesplaner-dkpwbnnmvnqrwwcyvjakukgkxuzu/Build/Intermediates.noindex/Tagesplaner.build/Release-iphoneos/Tagesplaner.build/DerivedSources/GeneratedAssetSymbols.swift /Applications/Xcode_26.6.app/Contents/Developer/Toolchains/XcodeDefault.xctoolchain/usr/lib/swift/iphoneos/prebuilt-modules/26.5/WidgetKit.swiftmodule/arm64e-apple-ios.swiftmodule /Applications/Xcode_26.6.app/Contents/Developer/Toolchains/XcodeDefault.xctoolchain/usr/lib/swift/iphoneos/prebuilt-modules/26.5/CoreTransferable.swiftmodule/arm64e-apple-ios.swiftmodule /Applications/Xcode_26.6.app/Contents/Developer/Toolchains/XcodeDefault.xctoolchain/usr/lib/swift/iphoneos/prebuilt-modules/26.5/SwiftUICore.swiftmodule/arm64e-apple-ios.swiftmodule /Applications/Xcode_26.6.app/Contents/Developer/Toolchains/XcodeDefault.xctoolchain/usr/lib/swift/iphoneos/prebuilt-modules/26.5/Spatial.swiftmodule/arm64e-apple-ios.swiftmodule /Users/runner/Library/Developer/Xcode/DerivedData/Tagesplaner-dkpwbnnmvnqrwwcyvjakukgkxuzu/Build/Products/Release-iphoneos/PlannerCore.swiftmodule/arm64-apple-ios.swiftmodule /Applications/Xcode_26.6.app/Contents/Developer/Toolchains/XcodeDefault.xctoolchain/usr/lib/swift/iphoneos/prebuilt-modules/26.5/EventKit.swiftmodule/arm64e-apple-ios.swiftmodule /Applications/Xcode_26.6.app/Contents/Developer/Toolchains/XcodeDefault.xctoolchain/usr/lib/swift/iphoneos/prebuilt-modules/26.5/AppIntents.swiftmodule/arm64e-apple-ios.swiftmodule /Applications/Xcode_26.6.app/Contents/Developer/Toolchains/XcodeDefault.xctoolchain/usr/lib/swift/iphoneos/prebuilt-modules/26.5/Symbols.swiftmodule/arm64e-apple-ios.swiftmodule /Applications/Xcode_26.6.app/Contents/Developer/Toolchains/XcodeDefault.xctoolchain/usr/lib/swift/iphoneos/prebuilt-modules/26.5/QuartzCore.swiftmodule/arm64e-apple-ios.swiftmodule /Applications/Xcode_26.6.app/Contents/Developer/Toolchains/XcodeDefault.xctoolchain/usr/lib/swift/iphoneos/prebuilt-modules/26.5/Swift.swiftmodule/arm64e-apple-ios.swiftmodule /Applications/Xcode_26.6.app/Contents/Developer/Toolchains/XcodeDefault.xctoolchain/usr/lib/swift/iphoneos/prebuilt-modules/26.5/Foundation.swiftmodule/arm64e-apple-ios.swiftmodule /Applications/Xcode_26.6.app/Contents/Developer/Toolchains/XcodeDefault.xctoolchain/usr/lib/swift/iphoneos/prebuilt-modules/26.5/Combine.swiftmodule/arm64e-apple-ios.swiftmodule /Applications/Xcode_26.6.app/Contents/Developer/Toolchains/XcodeDefault.xctoolchain/usr/lib/swift/iphoneos/prebuilt-modules/26.5/DataDetection.swiftmodule/arm64e-apple-ios.swiftmodule /Applications/Xcode_26.6.app/Contents/Developer/Toolchains/XcodeDefault.xctoolchain/usr/lib/swift/iphoneos/prebuilt-modules/26.5/XPC.swiftmodule/arm64e-apple-ios.swiftmodule /Applications/Xcode_26.6.app/Contents/Developer/Toolchains/XcodeDefault.xctoolchain/usr/lib/swift/iphoneos/prebuilt-modules/26.5/_DarwinFoundation3.swiftmodule/arm64e-apple-ios.swiftmodule /Applications/Xcode_26.6.app/Contents/Developer/Toolchains/XcodeDefault.xctoolchain/usr/lib/swift/iphoneos/prebuilt-modules/26.5/CoreImage.swiftmodule/arm64e-apple-ios.swiftmodule /Applications/Xcode_26.6.app/Contents/Developer/Toolchains/XcodeDefault.xctoolchain/usr/lib/swift/iphoneos/prebuilt-modules/26.5/CoreSpotlight.swiftmodule/arm64e-apple-ios.swiftmodule /Applications/Xcode_26.6.app/Contents/Developer/Toolchains/XcodeDefault.xctoolchain/usr/lib/swift/iphoneos/prebuilt-modules/26.5/Observation.swiftmodule/arm64e-apple-ios.swiftmodule /Applications/Xcode_26.6.app/Contents/Developer/Toolchains/XcodeDefault.xctoolchain/usr/lib/swift/iphoneos/prebuilt-modules/26.5/UniformTypeIdentifiers.swiftmodule/arm64e-apple-ios.swiftmodule /Applications/Xcode_26.6.app/Contents/Developer/Toolchains/XcodeDefault.xctoolchain/usr/lib/swift/iphoneos/prebuilt-modules/26.5/Distributed.swiftmodule/arm64e-apple-ios.swiftmodule /Applications/Xcode_26.6.app/Contents/Developer/Toolchains/XcodeDefault.xctoolchain/usr/lib/swift/iphoneos/prebuilt-modules/26.5/DeveloperToolsSupport.swiftmodule/arm64e-apple-ios.swiftmodule /Applications/Xcode_26.6.app/Contents/Developer/Toolchains/XcodeDefault.xctoolchain/usr/lib/swift/iphoneos/prebuilt-modules/26.5/simd.swiftmodule/arm64e-apple-ios.swiftmodule /Applications/Xcode_26.6.app/Contents/Developer/Toolchains/XcodeDefault.xctoolchain/usr/lib/swift/iphoneos/prebuilt-modules/26.5/LightweightCodeRequirements.swiftmodule/arm64e-apple-ios.swiftmodule /Applications/Xcode_26.6.app/Contents/Developer/Toolchains/XcodeDefault.xctoolchain/usr/lib/swift/iphoneos/prebuilt-modules/26.5/_SwiftData_SwiftUI.swiftmodule/arm64e-apple-ios.swiftmodule /Applications/Xcode_26.6.app/Contents/Developer/Toolchains/XcodeDefault.xctoolchain/usr/lib/swift/iphoneos/prebuilt-modules/26.5/CoreGraphics.swiftmodule/arm64e-apple-ios.swiftmodule /Applications/Xcode_26.6.app/Contents/Developer/Toolchains/XcodeDefault.xctoolchain/usr/lib/swift/iphoneos/prebuilt-modules/26.5/_Builtin_float.swiftmodule/arm64e-apple-ios.swiftmodule /Applications/Xcode_26.6.app/Contents/Developer/Toolchains/XcodeDefault.xctoolchain/usr/lib/swift/iphoneos/prebuilt-modules/26.5/System.swiftmodule/arm64e-apple-ios.swiftmodule /Applications/Xcode_26.6.app/Contents/Developer/Toolchains/XcodeDefault.xctoolchain/usr/lib/swift/iphoneos/prebuilt-modules/26.5/_AppIntents_SwiftUI.swiftmodule/arm64e-apple-ios.swiftmodule /Applications/Xcode_26.6.app/Contents/Developer/Toolchains/XcodeDefault.xctoolchain/usr/lib/swift/iphoneos/prebuilt-modules/26.5/Intents.swiftmodule/arm64e-apple-ios.swiftmodule /Applications/Xcode_26.6.app/Contents/Developer/Toolchains/XcodeDefault.xctoolchain/usr/lib/swift/iphoneos/prebuilt-modules/26.5/RelevanceKit.swiftmodule/arm64e-apple-ios.swiftmodule /Applications/Xcode_26.6.app/Contents/Developer/Toolchains/XcodeDefault.xctoolchain/usr/lib/swift/iphoneos/prebuilt-modules/26.5/Darwin.swiftmodule/arm64e-apple-ios.swiftmodule /Applications/Xcode_26.6.app/Contents/Developer/Toolchains/XcodeDefault.xctoolchain/usr/lib/swift/iphoneos/prebuilt-modules/26.5/CoreData.swiftmodule/arm64e-apple-ios.swiftmodule /Applications/Xcode_26.6.app/Contents/Developer/Toolchains/XcodeDefault.xctoolchain/usr/lib/swift/iphoneos/prebuilt-modules/26.5/ExtensionFoundation.swiftmodule/arm64e-apple-ios.swiftmodule /Applications/Xcode_26.6.app/Contents/Developer/Toolchains/XcodeDefault.xctoolchain/usr/lib/swift/iphoneos/prebuilt-modules/26.5/_Concurrency.swiftmodule/arm64e-apple-ios.swiftmodule /Applications/Xcode_26.6.app/Contents/Developer/Toolchains/XcodeDefault.xctoolchain/usr/lib/swift/iphoneos/prebuilt-modules/26.5/OSLog.swiftmodule/arm64e-apple-ios.swiftmodule /Applications/Xcode_26.6.app/Contents/Developer/Toolchains/XcodeDefault.xctoolchain/usr/lib/swift/iphoneos/prebuilt-modules/26.5/_DarwinFoundation1.swiftmodule/arm64e-apple-ios.swiftmodule /Applications/Xcode_26.6.app/Contents/Developer/Toolchains/XcodeDefault.xctoolchain/usr/lib/swift/iphoneos/prebuilt-modules/26.5/ObjectiveC.swiftmodule/arm64e-apple-ios.swiftmodule /Applications/Xcode_26.6.app/Contents/Developer/Toolchains/XcodeDefault.xctoolchain/usr/lib/swift/iphoneos/prebuilt-modules/26.5/Network.swiftmodule/arm64e-apple-ios.swiftmodule /Applications/Xcode_26.6.app/Contents/Developer/Toolchains/XcodeDefault.xctoolchain/usr/lib/swift/iphoneos/prebuilt-modules/26.5/os.swiftmodule/arm64e-apple-ios.swiftmodule /Applications/Xcode_26.6.app/Contents/Developer/Toolchains/XcodeDefault.xctoolchain/usr/lib/swift/iphoneos/prebuilt-modules/26.5/CoreLocation.swiftmodule/arm64e-apple-ios.swiftmodule /Applications/Xcode_26.6.app/Contents/Developer/Toolchains/XcodeDefault.xctoolchain/usr/lib/swift/iphoneos/prebuilt-modules/26.5/Metal.swiftmodule/arm64e-apple-ios.swiftmodule /Applications/Xcode_26.6.app/Contents/Developer/Toolchains/XcodeDefault.xctoolchain/usr/lib/swift/iphoneos/prebuilt-modules/26.5/ActivityKit.swiftmodule/arm64e-apple-ios.swiftmodule /Applications/Xcode_26.6.app/Contents/Developer/Toolchains/XcodeDefault.xctoolchain/usr/lib/swift/iphoneos/prebuilt-modules/26.5/Dispatch.swiftmodule/arm64e-apple-ios.swiftmodule /Applications/Xcode_26.6.app/Contents/Developer/Toolchains/XcodeDefault.xctoolchain/usr/lib/swift/iphoneos/prebuilt-modules/26.5/UIKit.swiftmodule/arm64e-apple-ios.swiftmodule /Applications/Xcode_26.6.app/Contents/Developer/Toolchains/XcodeDefault.xctoolchain/usr/lib/swift/iphoneos/prebuilt-modules/26.5/CoreVideo.swiftmodule/arm64e-apple-ios.swiftmodule /Applications/Xcode_26.6.app/Contents/Developer/Toolchains/XcodeDefault.xctoolchain/usr/lib/swift/iphoneos/prebuilt-modules/26.5/FileProvider.swiftmodule/arm64e-apple-ios.swiftmodule /Applications/Xcode_26.6.app/Contents/Developer/Toolchains/XcodeDefault.xctoolchain/usr/lib/swift/iphoneos/prebuilt-modules/26.5/SwiftData.swiftmodule/arm64e-apple-ios.swiftmodule /Applications/Xcode_26.6.app/Contents/Developer/Toolchains/XcodeDefault.xctoolchain/usr/lib/swift/iphoneos/prebuilt-modules/26.5/SwiftUI.swiftmodule/arm64e-apple-ios.swiftmodule /Applications/Xcode_26.6.app/Contents/Developer/Toolchains/XcodeDefault.xctoolchain/usr/lib/swift/iphoneos/prebuilt-modules/26.5/CoreText.swiftmodule/arm64e-apple-ios.swiftmodule /Applications/Xcode_26.6.app/Contents/Developer/Toolchains/XcodeDefault.xctoolchain/usr/lib/swift/iphoneos/prebuilt-modules/26.5/Accessibility.swiftmodule/arm64e-apple-ios.swiftmodule /Applications/Xcode_26.6.app/Contents/Developer/Toolchains/XcodeDefault.xctoolchain/usr/lib/swift/iphoneos/prebuilt-modules/26.5/_StringProcessing.swiftmodule/arm64e-apple-ios.swiftmodule /Applications/Xcode_26.6.app/Contents/Developer/Toolchains/XcodeDefault.xctoolchain/usr/lib/swift/iphoneos/prebuilt-modules/26.5/_DarwinFoundation2.swiftmodule/arm64e-apple-ios.swiftmodule /Applications/Xcode_26.6.app/Contents/Developer/Toolchains/XcodeDefault.xctoolchain/usr/lib/swift/iphoneos/prebuilt-modules/26.5/CoreFoundation.swiftmodule/arm64e-apple-ios.swiftmodule /Users/runner/Library/Developer/Xcode/DerivedData/ModuleCache.noindex/IOSurface-5JX3VCZ80M38F2Z6PCGNGZCAT.pcm /Users/runner/Library/Developer/Xcode/DerivedData/ModuleCache.noindex/_DarwinFoundation2-CHABC5SS8N2OTC0RLF1PF00IL.pcm /Users/runner/Library/Developer/Xcode/DerivedData/ModuleCache.noindex/RelevanceKit-A9UYSR65SXY79JR71WEK2PPS1.pcm /Users/runner/Library/Developer/Xcode/DerivedData/ModuleCache.noindex/dnssd-AB1MJ0IHS4AY4FMB9VINDZFNL.pcm /Users/runner/Library/Developer/Xcode/DerivedData/ModuleCache.noindex/CoreImage-27LC9VRXJDFZFMFSKO9E5CY0O.pcm /Users/runner/Library/Developer/Xcode/DerivedData/ModuleCache.noindex/_Builtin_stdint-1IVO0O4NH45TV1AYF52FCLU39.pcm /Users/runner/Library/Developer/Xcode/DerivedData/ModuleCache.noindex/CoreLocation-1U52FIMZVPGQCI81SNWX8D199.pcm /Users/runner/Library/Developer/Xcode/DerivedData/ModuleCache.noindex/UniformTypeIdentifiers-5SQL832U5YS5P4OFS71ZU71ZH.pcm /Users/runner/Library/Developer/Xcode/DerivedData/ModuleCache.noindex/Symbols-3Z96XHQKJOEPY4CGQ63YIUGXQ.pcm /Users/runner/Library/Developer/Xcode/DerivedData/ModuleCache.noindex/CFNetwork-4AKTMCE1W2AF00ZV9XZ8XN8BU.pcm /Users/runner/Library/Developer/Xcode/DerivedData/ModuleCache.noindex/ObjectiveC-UL57PEN9KLSC4RHLEIGY3HA.pcm /Users/runner/Library/Developer/Xcode/DerivedData/ModuleCache.noindex/sys_types-6VUOHF7N0NSAAA8P9FPHKE8W6.pcm /Users/runner/Library/Developer/Xcode/DerivedData/ModuleCache.noindex/Security-CIWSTZAS0BOTYSHUXXOWYSEX5.pcm /Users/runner/Library/Developer/Xcode/DerivedData/ModuleCache.noindex/CoreGraphics-1G5052L8UUCYJ9W6QLENAXY9U.pcm /Users/runner/Library/Developer/Xcode/DerivedData/ModuleCache.noindex/ExtensionFoundation-1KMDNDD0YNMPZE4A6P2BXA1R0.pcm /Users/runner/Library/Developer/Xcode/DerivedData/ModuleCache.noindex/_Builtin_intrinsics-99O65VBQ24FR6L5LL9JW9AR1W.pcm /Users/runner/Library/Developer/Xcode/DerivedData/ModuleCache.noindex/WidgetKit-3PNX395VZ1Q3WY59FHBDZC6OT.pcm /Users/runner/Library/Developer/Xcode/DerivedData/ModuleCache.noindex/_Builtin_stddef-DM9FIK1TI14UIQLTPTSDRJRH8.pcm /Users/runner/Library/Developer/Xcode/DerivedData/ModuleCache.noindex/Dispatch-9CU9L6AJGABEPEK1MML5WOJEH.pcm /Users/runner/Library/Developer/Xcode/DerivedData/ModuleCache.noindex/CoreVideo-BZMXU0P2Z8IQSJANCXSICOTKV.pcm /Users/runner/Library/Developer/Xcode/DerivedData/ModuleCache.noindex/ptrcheck-F4E3AJ5OSHOZ9IBB2GP04PWWI.pcm /Users/runner/Library/Developer/Xcode/DerivedData/ModuleCache.noindex/_Builtin_stdarg-AWNHK52NN9LOBSP9B3ES6N4JP.pcm /Users/runner/Library/Developer/Xcode/DerivedData/ModuleCache.noindex/CoreTransferable-AAQIWS8UG8MGA4ZNEWBZ2W2IY.pcm /Users/runner/Library/Developer/Xcode/DerivedData/ModuleCache.noindex/Intents-EUWYFZWUGCD2Y4MBTFV5MDXQ6.pcm /Users/runner/Library/Developer/Xcode/DerivedData/ModuleCache.noindex/UIUtilities-68BP72D2ARRWVKR5ND13PTZHD.pcm /Users/runner/Library/Developer/Xcode/DerivedData/ModuleCache.noindex/_DarwinFoundation1-AVQP07R3FLQDOZLLLTSBQE6KZ.pcm /Users/runner/Library/Developer/Xcode/DerivedData/ModuleCache.noindex/_Builtin_stdbool-F2JDNPQEX6SQ9OSYLY30YZQUK.pcm /Users/runner/Library/Developer/Xcode/DerivedData/ModuleCache.noindex/CoreText-7G27BMK29AJO8FLDTQX72AKIO.pcm /Users/runner/Library/Developer/Xcode/DerivedData/ModuleCache.noindex/_Builtin_limits-5XLAGNJNMUIA35MLR9224J96G.pcm /Users/runner/Library/Developer/Xcode/DerivedData/ModuleCache.noindex/ImageIO-DO2T5X90PE8HDHJGTWQBWNA65.pcm /Users/runner/Library/Developer/Xcode/DerivedData/ModuleCache.noindex/_SwiftConcurrencyShims-11WQO0U6NUPEG5KX0XIBPK7HV.pcm /Users/runner/Library/Developer/Xcode/DerivedData/ModuleCache.noindex/Metal-DNRDTVJ2K7CPTS3LY6NISTWHE.pcm /Users/runner/Library/Developer/Xcode/DerivedData/ModuleCache.noindex/os_workgroup-32Z9ZWHZO4UN3G5VTRHGO9J2G.pcm /Users/runner/Library/Developer/Xcode/DerivedData/ModuleCache.noindex/_Builtin_float-2YO6PSBAHJ04WO49MXMPSPE2E.pcm /Users/runner/Library/Developer/Xcode/DerivedData/ModuleCache.noindex/UIKit-EXU98BO9TKBKUJMALVDROIG6.pcm /Users/runner/Library/Developer/Xcode/DerivedData/ModuleCache.noindex/ptrauth-DABL4NITE6FI9XGP0U5ICP5U7.pcm /Users/runner/Library/Developer/Xcode/DerivedData/ModuleCache.noindex/SwiftUI-6B305YEGM6ZJ1GCRJMNGN14J6.pcm /Users/runner/Library/Developer/Xcode/DerivedData/ModuleCache.noindex/_Builtin_tgmath-54R3DMFU6DS0GI3Z1X2FGPB20.pcm /Users/runner/Library/Developer/Xcode/DerivedData/ModuleCache.noindex/simd-CLUOIJ1OU38JUV8Q94GRO1JFW.pcm /Users/runner/Library/Developer/Xcode/DerivedData/ModuleCache.noindex/XPC-4PB7SR0PM1G3Z1V4ERK8LTRR6.pcm /Users/runner/Library/Developer/Xcode/DerivedData/ModuleCache.noindex/_LocationEssentials-4RV1VJZLSCT2RO6Q45E9WTAA8.pcm /Users/runner/Library/Developer/Xcode/DerivedData/ModuleCache.noindex/_AvailabilityInternal-D134KYCM5B7H7LEX0UZ8E87OC.pcm /Users/runner/Library/Developer/Xcode/DerivedData/ModuleCache.noindex/CoreFoundation-AJVBJNWJLXSNXAG6CFR83HFOF.pcm /Users/runner/Library/Developer/Xcode/DerivedData/ModuleCache.noindex/ActivityKit-17X415H0PR1W0WJFXWD9RPWDG.pcm /Users/runner/Library/Developer/Xcode/DerivedData/ModuleCache.noindex/OSLog-DKEX056QW3YCNCO6DBH0EAM0E.pcm /Users/runner/Library/Developer/Xcode/DerivedData/ModuleCache.noindex/QuartzCore-566Q57FTIWBTHFMCCY09MABDC.pcm /Users/runner/Library/Developer/Xcode/DerivedData/ModuleCache.noindex/DataDetection-D4KJ1S9E4WLZ9667PTN5AXI9K.pcm /Users/runner/Library/Developer/Xcode/DerivedData/ModuleCache.noindex/SwiftShims-72SLMYIIT0DF0R4G8CULVMIGB.pcm /Users/runner/Library/Developer/Xcode/DerivedData/ModuleCache.noindex/Darwin-D9UWKS8G5A983R1DJ4W24YSKP.pcm /Users/runner/Library/Developer/Xcode/DerivedData/ModuleCache.noindex/EventKit-E75FUC5GDWTGJMUBLF76IM1IZ.pcm /Users/runner/Library/Developer/Xcode/DerivedData/ModuleCache.noindex/Foundation-1X62Q4Y5CFD79X7DK8WGN1XR7.pcm /Users/runner/Library/Developer/Xcode/DerivedData/ModuleCache.noindex/_Builtin_inttypes-AMA2B4Y7QBKPABLXFSRFWCL9N.pcm /Users/runner/Library/Developer/Xcode/DerivedData/ModuleCache.noindex/AddressBook-3VBJ87HHF47VTC4YLH4WJG23U.pcm /Users/runner/Library/Developer/Xcode/DerivedData/ModuleCache.noindex/SwiftUICore-9DIEMH4Z9T64AGJB2R6KD3EOR.pcm /Users/runner/Library/Developer/Xcode/DerivedData/ModuleCache.noindex/CoreData-3FH3JHVLSCG105NRLU6T3RF4G.pcm /Users/runner/Library/Developer/Xcode/DerivedData/ModuleCache.noindex/Spatial-66ZFZVSPF6NR4DI3VRZP5OD1H.pcm /Users/runner/Library/Developer/Xcode/DerivedData/ModuleCache.noindex/Network-CV64AECI38K2LZC189XU1XATE.pcm /Users/runner/Library/Developer/Xcode/DerivedData/ModuleCache.noindex/CoreSpotlight-AQ8FI7YGFXR0FA9Z0RQJ1VEB9.pcm /Users/runner/Library/Developer/Xcode/DerivedData/ModuleCache.noindex/UserNotifications-9XZE59KS9YG29GOP295XNSED9.pcm /Users/runner/Library/Developer/Xcode/DerivedData/ModuleCache.noindex/OpenGLES-457SP2TZA6UHDMTKTCX1NW350.pcm /Users/runner/Library/Developer/Xcode/DerivedData/ModuleCache.noindex/FileProvider-2IGH0JAASCWFWTHH3HQB16NAT.pcm /Users/runner/Library/Developer/Xcode/DerivedData/ModuleCache.noindex/AppIntents-BYA3XKAIQ0EW6N9FPWTUIZA1N.pcm /Users/runner/Library/Developer/Xcode/DerivedData/ModuleCache.noindex/MachO-B6RJ1U22Q2HMP7YR9Z0P7VQ0Z.pcm /Users/runner/Library/Developer/Xcode/DerivedData/ModuleCache.noindex/Accessibility-ZCOQIL8YWBFQ0TLBXFB2N57I.pcm /Users/runner/Library/Developer/Xcode/DerivedData/ModuleCache.noindex/os-1REBWOFRQ4PBO7QOUF0V31OPU.pcm /Users/runner/Library/Developer/Xcode/DerivedData/ModuleCache.noindex/_DarwinFoundation3-DT13DYQO20ZPMHDX5CDK95E4D.pcm /Users/runner/Library/Developer/Xcode/DerivedData/ModuleCache.noindex/_Builtin_stdatomic-9060L4NKPD5ER5I6FJ57E8WVA.pcm /Users/runner/Library/Developer/Xcode/DerivedData/ModuleCache.noindex/os_object-E4IBKKHD0T0YBYBJLG4YXIM1L.pcm /Users/runner/Library/Developer/Xcode/DerivedData/ModuleCache.noindex/DeveloperToolsSupport-EMHRDK0O1ZXXZII2U7HYGBAAB.pcm /Users/runner/Library/Developer/Xcode/DerivedData/Tagesplaner-dkpwbnnmvnqrwwcyvjakukgkxuzu/Build/Intermediates.noindex/Tagesplaner.build/Release-iphoneos/Tagesplaner.build/Objects-normal/arm64/Tagesplaner-dependencies-1.json (in target 'Tagesplaner' from project 'Tagesplaner')

CompileSwift normal arm64 (in target 'Tagesplaner' from project 'Tagesplaner')
    cd /Users/runner/work/Tagesplaner/Tagesplaner
    

SwiftDriverJobDiscovery normal arm64 Compiling AppGroup.swift, CalendarService.swift, DayActivityAttributes.swift, DayHeaderView.swift, DayTimelineView.swift, ItemCategory.swift, ItemEditorView.swift, LiveActivityService.swift, NotificationService.swift, Persistence.swift, PlanDayView.swift, PlanItem.swift, PlanStore.swift, PlannerIntents.swift, QuickAddView.swift, RootView.swift, ScreenshotDemo.swift, SettingsStore.swift, SettingsView.swift, SuggestionSheet.swift, TagesplanerApp.swift, TaskListView.swift, Theme.swift, TimelineBlockView.swift, WidgetSnapshot.swift, WidgetSync.swift, GeneratedAssetSymbols.swift (in target 'Tagesplaner' from project 'Tagesplaner')

SwiftDriver\ Compilation\ Requirements Tagesplaner normal arm64 com.apple.xcode.tools.swift.compiler (in target 'Tagesplaner' from project 'Tagesplaner')
    cd /Users/runner/work/Tagesplaner/Tagesplaner
    builtin-Swift-Compilation-Requirements -- /Applications/Xcode_26.6.app/Contents/Developer/Toolchains/XcodeDefault.xctoolchain/usr/bin/swiftc -module-name Tagesplaner -O -whole-module-optimization @/Users/runner/Library/Developer/Xcode/DerivedData/Tagesplaner-dkpwbnnmvnqrwwcyvjakukgkxuzu/Build/Intermediates.noindex/Tagesplaner.build/Release-iphoneos/Tagesplaner.build/Objects-normal/arm64/Tagesplaner.SwiftFileList -enable-bare-slash-regex -enable-experimental-feature DebugDescriptionMacro -sdk /Applications/Xcode_26.6.app/Contents/Developer/Platforms/iPhoneOS.platform/Developer/SDKs/iPhoneOS26.5.sdk -target arm64-apple-ios17.0 -g -module-cache-path /Users/runner/Library/Developer/Xcode/DerivedData/ModuleCache.noindex -Xfrontend -serialize-debugging-options -swift-version 5 -I /Users/runner/Library/Developer/Xcode/DerivedData/Tagesplaner-dkpwbnnmvnqrwwcyvjakukgkxuzu/Build/Products/Release-iphoneos -F /Users/runner/Library/Developer/Xcode/DerivedData/Tagesplaner-dkpwbnnmvnqrwwcyvjakukgkxuzu/Build/Products/Release-iphoneos/PackageFrameworks -F /Users/runner/Library/Developer/Xcode/DerivedData/Tagesplaner-dkpwbnnmvnqrwwcyvjakukgkxuzu/Build/Products/Release-iphoneos -c -num-threads 3 -Xcc -ivfsstatcache -Xcc /Users/runner/Library/Developer/Xcode/DerivedData/SDKStatCaches.noindex/iphoneos26.5-23F81a-688ef53f1462e2c8f657fdc38a81448fee66e23052a0157c865c76b268046726.sdkstatcache -output-file-map /Users/runner/Library/Developer/Xcode/DerivedData/Tagesplaner-dkpwbnnmvnqrwwcyvjakukgkxuzu/Build/Intermediates.noindex/Tagesplaner.build/Release-iphoneos/Tagesplaner.build/Objects-normal/arm64/Tagesplaner-OutputFileMap.json -use-frontend-parseable-output -save-temps -no-color-diagnostics -explicit-module-build -module-cache-path /Users/runner/Library/Developer/Xcode/DerivedData/Tagesplaner-dkpwbnnmvnqrwwcyvjakukgkxuzu/Build/Intermediates.noindex/SwiftExplicitPrecompiledModules -clang-scanner-module-cache-path /Users/runner/Library/Developer/Xcode/DerivedData/ModuleCache.noindex -sdk-module-cache-path /Users/runner/Library/Developer/Xcode/DerivedData/ModuleCache.noindex -serialize-diagnostics -emit-dependencies -emit-module -emit-module-path /Users/runner/Library/Developer/Xcode/DerivedData/Tagesplaner-dkpwbnnmvnqrwwcyvjakukgkxuzu/Build/Intermediates.noindex/Tagesplaner.build/Release-iphoneos/Tagesplaner.build/Objects-normal/arm64/Tagesplaner.swiftmodule -validate-clang-modules-once -clang-build-session-file /Users/runner/Library/Developer/Xcode/DerivedData/ModuleCache.noindex/Session.modulevalidation -Xcc -I/Users/runner/Library/Developer/Xcode/DerivedData/Tagesplaner-dkpwbnnmvnqrwwcyvjakukgkxuzu/Build/Intermediates.noindex/Tagesplaner.build/Release-iphoneos/Tagesplaner.build/swift-overrides.hmap -emit-const-values -Xfrontend -const-gather-protocols-file -Xfrontend /Users/runner/Library/Developer/Xcode/DerivedData/Tagesplaner-dkpwbnnmvnqrwwcyvjakukgkxuzu/Build/Intermediates.noindex/Tagesplaner.build/Release-iphoneos/Tagesplaner.build/Objects-normal/arm64/Tagesplaner_const_extract_protocols.json -Xcc -iquote -Xcc /Users/runner/Library/Developer/Xcode/DerivedData/Tagesplaner-dkpwbnnmvnqrwwcyvjakukgkxuzu/Build/Intermediates.noindex/Tagesplaner.build/Release-iphoneos/Tagesplaner.build/Tagesplaner-generated-files.hmap -Xcc -I/Users/runner/Library/Developer/Xcode/DerivedData/Tagesplaner-dkpwbnnmvnqrwwcyvjakukgkxuzu/Build/Intermediates.noindex/Tagesplaner.build/Release-iphoneos/Tagesplaner.build/Tagesplaner-own-target-headers.hmap -Xcc -I/Users/runner/Library/Developer/Xcode/DerivedData/Tagesplaner-dkpwbnnmvnqrwwcyvjakukgkxuzu/Build/Intermediates.noindex/Tagesplaner.build/Release-iphoneos/Tagesplaner.build/Tagesplaner-all-non-framework-target-headers.hmap -Xcc -ivfsoverlay -Xcc /Users/runner/Library/Developer/Xcode/DerivedData/Tagesplaner-dkpwbnnmvnqrwwcyvjakukgkxuzu/Build/Intermediates.noindex/Tagesplaner.build/Release-iphoneos/Tagesplaner-06596a4c0479a151a4276fb9806ef9b8-VFS-iphoneos/all-product-headers.yaml -Xcc -iquote -Xcc /Users/runner/Library/Developer/Xcode/DerivedData/Tagesplaner-dkpwbnnmvnqrwwcyvjakukgkxuzu/Build/Intermediates.noindex/Tagesplaner.build/Release-iphoneos/Tagesplaner.build/Tagesplaner-project-headers.hmap -Xcc -I/Users/runner/Library/Developer/Xcode/DerivedData/Tagesplaner-dkpwbnnmvnqrwwcyvjakukgkxuzu/Build/Products/Release-iphoneos/include -Xcc -I/Users/runner/Library/Developer/Xcode/DerivedData/Tagesplaner-dkpwbnnmvnqrwwcyvjakukgkxuzu/Build/Intermediates.noindex/Tagesplaner.build/Release-iphoneos/Tagesplaner.build/DerivedSources-normal/arm64 -Xcc -I/Users/runner/Library/Developer/Xcode/DerivedData/Tagesplaner-dkpwbnnmvnqrwwcyvjakukgkxuzu/Build/Intermediates.noindex/Tagesplaner.build/Release-iphoneos/Tagesplaner.build/DerivedSources/arm64 -Xcc -I/Users/runner/Library/Developer/Xcode/DerivedData/Tagesplaner-dkpwbnnmvnqrwwcyvjakukgkxuzu/Build/Intermediates.noindex/Tagesplaner.build/Release-iphoneos/Tagesplaner.build/DerivedSources -emit-objc-header -emit-objc-header-path /Users/runner/Library/Developer/Xcode/DerivedData/Tagesplaner-dkpwbnnmvnqrwwcyvjakukgkxuzu/Build/Intermediates.noindex/Tagesplaner.build/Release-iphoneos/Tagesplaner.build/Objects-normal/arm64/Tagesplaner-Swift.h -working-directory /Users/runner/work/Tagesplaner/Tagesplaner -no-emit-module-separately-wmo

SwiftMergeGeneratedHeaders /Users/runner/Library/Developer/Xcode/DerivedData/Tagesplaner-dkpwbnnmvnqrwwcyvjakukgkxuzu/Build/Intermediates.noindex/Tagesplaner.build/Release-iphoneos/Tagesplaner.build/DerivedSources/Tagesplaner-Swift.h /Users/runner/Library/Developer/Xcode/DerivedData/Tagesplaner-dkpwbnnmvnqrwwcyvjakukgkxuzu/Build/Intermediates.noindex/Tagesplaner.build/Release-iphoneos/Tagesplaner.build/Objects-normal/arm64/Tagesplaner-Swift.h (in target 'Tagesplaner' from project 'Tagesplaner')
    cd /Users/runner/work/Tagesplaner/Tagesplaner
    builtin-swiftHeaderTool -arch arm64 /Users/runner/Library/Developer/Xcode/DerivedData/Tagesplaner-dkpwbnnmvnqrwwcyvjakukgkxuzu/Build/Intermediates.noindex/Tagesplaner.build/Release-iphoneos/Tagesplaner.build/Objects-normal/arm64/Tagesplaner-Swift.h -o /Users/runner/Library/Developer/Xcode/DerivedData/Tagesplaner-dkpwbnnmvnqrwwcyvjakukgkxuzu/Build/Intermediates.noindex/Tagesplaner.build/Release-iphoneos/Tagesplaner.build/DerivedSources/Tagesplaner-Swift.h

Copy /Users/runner/Library/Developer/Xcode/DerivedData/Tagesplaner-dkpwbnnmvnqrwwcyvjakukgkxuzu/Build/Products/Release-iphoneos/Tagesplaner.swiftmodule/arm64-apple-ios.swiftmodule /Users/runner/Library/Developer/Xcode/DerivedData/Tagesplaner-dkpwbnnmvnqrwwcyvjakukgkxuzu/Build/Intermediates.noindex/Tagesplaner.build/Release-iphoneos/Tagesplaner.build/Objects-normal/arm64/Tagesplaner.swiftmodule (in target 'Tagesplaner' from project 'Tagesplaner')
    cd /Users/runner/work/Tagesplaner/Tagesplaner
    builtin-copy -exclude .DS_Store -exclude CVS -exclude .svn -exclude .git -exclude .hg -resolve-src-symlinks -rename /Users/runner/Library/Developer/Xcode/DerivedData/Tagesplaner-dkpwbnnmvnqrwwcyvjakukgkxuzu/Build/Intermediates.noindex/Tagesplaner.build/Release-iphoneos/Tagesplaner.build/Objects-normal/arm64/Tagesplaner.swiftmodule /Users/runner/Library/Developer/Xcode/DerivedData/Tagesplaner-dkpwbnnmvnqrwwcyvjakukgkxuzu/Build/Products/Release-iphoneos/Tagesplaner.swiftmodule/arm64-apple-ios.swiftmodule

Copy /Users/runner/Library/Developer/Xcode/DerivedData/Tagesplaner-dkpwbnnmvnqrwwcyvjakukgkxuzu/Build/Products/Release-iphoneos/Tagesplaner.swiftmodule/arm64-apple-ios.swiftdoc /Users/runner/Library/Developer/Xcode/DerivedData/Tagesplaner-dkpwbnnmvnqrwwcyvjakukgkxuzu/Build/Intermediates.noindex/Tagesplaner.build/Release-iphoneos/Tagesplaner.build/Objects-normal/arm64/Tagesplaner.swiftdoc (in target 'Tagesplaner' from project 'Tagesplaner')
    cd /Users/runner/work/Tagesplaner/Tagesplaner
    builtin-copy -exclude .DS_Store -exclude CVS -exclude .svn -exclude .git -exclude .hg -resolve-src-symlinks -rename /Users/runner/Library/Developer/Xcode/DerivedData/Tagesplaner-dkpwbnnmvnqrwwcyvjakukgkxuzu/Build/Intermediates.noindex/Tagesplaner.build/Release-iphoneos/Tagesplaner.build/Objects-normal/arm64/Tagesplaner.swiftdoc /Users/runner/Library/Developer/Xcode/DerivedData/Tagesplaner-dkpwbnnmvnqrwwcyvjakukgkxuzu/Build/Products/Release-iphoneos/Tagesplaner.swiftmodule/arm64-apple-ios.swiftdoc

Copy /Users/runner/Library/Developer/Xcode/DerivedData/Tagesplaner-dkpwbnnmvnqrwwcyvjakukgkxuzu/Build/Products/Release-iphoneos/Tagesplaner.swiftmodule/arm64-apple-ios.abi.json /Users/runner/Library/Developer/Xcode/DerivedData/Tagesplaner-dkpwbnnmvnqrwwcyvjakukgkxuzu/Build/Intermediates.noindex/Tagesplaner.build/Release-iphoneos/Tagesplaner.build/Objects-normal/arm64/Tagesplaner.abi.json (in target 'Tagesplaner' from project 'Tagesplaner')
    cd /Users/runner/work/Tagesplaner/Tagesplaner
    builtin-copy -exclude .DS_Store -exclude CVS -exclude .svn -exclude .git -exclude .hg -resolve-src-symlinks -rename /Users/runner/Library/Developer/Xcode/DerivedData/Tagesplaner-dkpwbnnmvnqrwwcyvjakukgkxuzu/Build/Intermediates.noindex/Tagesplaner.build/Release-iphoneos/Tagesplaner.build/Objects-normal/arm64/Tagesplaner.abi.json /Users/runner/Library/Developer/Xcode/DerivedData/Tagesplaner-dkpwbnnmvnqrwwcyvjakukgkxuzu/Build/Products/Release-iphoneos/Tagesplaner.swiftmodule/arm64-apple-ios.abi.json

Copy /Users/runner/Library/Developer/Xcode/DerivedData/Tagesplaner-dkpwbnnmvnqrwwcyvjakukgkxuzu/Build/Products/Release-iphoneos/Tagesplaner.swiftmodule/Project/arm64-apple-ios.swiftsourceinfo /Users/runner/Library/Developer/Xcode/DerivedData/Tagesplaner-dkpwbnnmvnqrwwcyvjakukgkxuzu/Build/Intermediates.noindex/Tagesplaner.build/Release-iphoneos/Tagesplaner.build/Objects-normal/arm64/Tagesplaner.swiftsourceinfo (in target 'Tagesplaner' from project 'Tagesplaner')
    cd /Users/runner/work/Tagesplaner/Tagesplaner
    builtin-copy -exclude .DS_Store -exclude CVS -exclude .svn -exclude .git -exclude .hg -resolve-src-symlinks -rename /Users/runner/Library/Developer/Xcode/DerivedData/Tagesplaner-dkpwbnnmvnqrwwcyvjakukgkxuzu/Build/Intermediates.noindex/Tagesplaner.build/Release-iphoneos/Tagesplaner.build/Objects-normal/arm64/Tagesplaner.swiftsourceinfo /Users/runner/Library/Developer/Xcode/DerivedData/Tagesplaner-dkpwbnnmvnqrwwcyvjakukgkxuzu/Build/Products/Release-iphoneos/Tagesplaner.swiftmodule/Project/arm64-apple-ios.swiftsourceinfo

Ld /Users/runner/Library/Developer/Xcode/DerivedData/Tagesplaner-dkpwbnnmvnqrwwcyvjakukgkxuzu/Build/Products/Release-iphoneos/Tagesplaner.app/Tagesplaner normal (in target 'Tagesplaner' from project 'Tagesplaner')
    cd /Users/runner/work/Tagesplaner/Tagesplaner
    /Applications/Xcode_26.6.app/Contents/Developer/Toolchains/XcodeDefault.xctoolchain/usr/bin/clang -Xlinker -reproducible -target arm64-apple-ios17.0 -isysroot /Applications/Xcode_26.6.app/Contents/Developer/Platforms/iPhoneOS.platform/Developer/SDKs/iPhoneOS26.5.sdk -Os -L/Users/runner/Library/Developer/Xcode/DerivedData/Tagesplaner-dkpwbnnmvnqrwwcyvjakukgkxuzu/Build/Intermediates.noindex/EagerLinkingTBDs/Release-iphoneos -L/Users/runner/Library/Developer/Xcode/DerivedData/Tagesplaner-dkpwbnnmvnqrwwcyvjakukgkxuzu/Build/Products/Release-iphoneos -F/Users/runner/Library/Developer/Xcode/DerivedData/Tagesplaner-dkpwbnnmvnqrwwcyvjakukgkxuzu/Build/Intermediates.noindex/EagerLinkingTBDs/Release-iphoneos -F/Users/runner/Library/Developer/Xcode/DerivedData/Tagesplaner-dkpwbnnmvnqrwwcyvjakukgkxuzu/Build/Products/Release-iphoneos/PackageFrameworks -F/Users/runner/Library/Developer/Xcode/DerivedData/Tagesplaner-dkpwbnnmvnqrwwcyvjakukgkxuzu/Build/Products/Release-iphoneos -filelist /Users/runner/Library/Developer/Xcode/DerivedData/Tagesplaner-dkpwbnnmvnqrwwcyvjakukgkxuzu/Build/Intermediates.noindex/Tagesplaner.build/Release-iphoneos/Tagesplaner.build/Objects-normal/arm64/Tagesplaner.LinkFileList -Xlinker -rpath -Xlinker /usr/lib/swift -Xlinker -rpath -Xlinker @executable_path/Frameworks -Xlinker -dead_strip -Xlinker -object_path_lto -Xlinker /Users/runner/Library/Developer/Xcode/DerivedData/Tagesplaner-dkpwbnnmvnqrwwcyvjakukgkxuzu/Build/Intermediates.noindex/Tagesplaner.build/Release-iphoneos/Tagesplaner.build/Objects-normal/arm64/Tagesplaner_lto.o -Xlinker -dependency_info -Xlinker /Users/runner/Library/Developer/Xcode/DerivedData/Tagesplaner-dkpwbnnmvnqrwwcyvjakukgkxuzu/Build/Intermediates.noindex/Tagesplaner.build/Release-iphoneos/Tagesplaner.build/Objects-normal/arm64/Tagesplaner_dependency_info.dat -fobjc-link-runtime -L/Applications/Xcode_26.6.app/Contents/Developer/Toolchains/XcodeDefault.xctoolchain/usr/lib/swift/iphoneos -L/usr/lib/swift -Xlinker -add_ast_path -Xlinker /Users/runner/Library/Developer/Xcode/DerivedData/Tagesplaner-dkpwbnnmvnqrwwcyvjakukgkxuzu/Build/Intermediates.noindex/Tagesplaner.build/Release-iphoneos/Tagesplaner.build/Objects-normal/arm64/Tagesplaner.swiftmodule @/Users/runner/Library/Developer/Xcode/DerivedData/Tagesplaner-dkpwbnnmvnqrwwcyvjakukgkxuzu/Build/Intermediates.noindex/Tagesplaner.build/Release-iphoneos/Tagesplaner.build/Objects-normal/arm64/Tagesplaner-linker-args.resp -Wl,-no_warn_duplicate_libraries -o /Users/runner/Library/Developer/Xcode/DerivedData/Tagesplaner-dkpwbnnmvnqrwwcyvjakukgkxuzu/Build/Products/Release-iphoneos/Tagesplaner.app/Tagesplaner -Xlinker -add_ast_path -Xlinker /Users/runner/Library/Developer/Xcode/DerivedData/Tagesplaner-dkpwbnnmvnqrwwcyvjakukgkxuzu/Build/Intermediates.noindex/PlannerCore.build/Release-iphoneos/PlannerCore.build/Objects-normal/arm64/PlannerCore.swiftmodule @/Users/runner/Library/Developer/Xcode/DerivedData/Tagesplaner-dkpwbnnmvnqrwwcyvjakukgkxuzu/Build/Intermediates.noindex/PlannerCore.build/Release-iphoneos/PlannerCore.build/Objects-normal/arm64/PlannerCore-linker-args.resp

Copy /Users/runner/Library/Developer/Xcode/DerivedData/Tagesplaner-dkpwbnnmvnqrwwcyvjakukgkxuzu/Build/Products/Release-iphoneos/Tagesplaner.app/PlugIns/TagesplanerWidgets.appex /Users/runner/Library/Developer/Xcode/DerivedData/Tagesplaner-dkpwbnnmvnqrwwcyvjakukgkxuzu/Build/Products/Release-iphoneos/TagesplanerWidgets.appex (in target 'Tagesplaner' from project 'Tagesplaner')
    cd /Users/runner/work/Tagesplaner/Tagesplaner
    builtin-copy -exclude .DS_Store -exclude CVS -exclude .svn -exclude .git -exclude .hg -exclude Headers -exclude PrivateHeaders -exclude Modules -exclude \*.tbd -resolve-src-symlinks -remove-static-executable /Users/runner/Library/Developer/Xcode/DerivedData/Tagesplaner-dkpwbnnmvnqrwwcyvjakukgkxuzu/Build/Products/Release-iphoneos/TagesplanerWidgets.appex /Users/runner/Library/Developer/Xcode/DerivedData/Tagesplaner-dkpwbnnmvnqrwwcyvjakukgkxuzu/Build/Products/Release-iphoneos/Tagesplaner.app/PlugIns

ProcessInfoPlistFile /Users/runner/Library/Developer/Xcode/DerivedData/Tagesplaner-dkpwbnnmvnqrwwcyvjakukgkxuzu/Build/Products/Release-iphoneos/Tagesplaner.app/Info.plist /Users/runner/work/Tagesplaner/Tagesplaner/App/Info.plist (in target 'Tagesplaner' from project 'Tagesplaner')
    cd /Users/runner/work/Tagesplaner/Tagesplaner
    builtin-infoPlistUtility /Users/runner/work/Tagesplaner/Tagesplaner/App/Info.plist -producttype com.apple.product-type.application -genpkginfo /Users/runner/Library/Developer/Xcode/DerivedData/Tagesplaner-dkpwbnnmvnqrwwcyvjakukgkxuzu/Build/Products/Release-iphoneos/Tagesplaner.app/PkgInfo -expandbuildsettings -format binary -platform iphoneos -additionalcontentfile /Users/runner/Library/Developer/Xcode/DerivedData/Tagesplaner-dkpwbnnmvnqrwwcyvjakukgkxuzu/Build/Intermediates.noindex/Tagesplaner.build/Release-iphoneos/Tagesplaner.build/assetcatalog_generated_info.plist -scanforprivacyfile /Users/runner/Library/Developer/Xcode/DerivedData/Tagesplaner-dkpwbnnmvnqrwwcyvjakukgkxuzu/Build/Products/Release-iphoneos/Tagesplaner.app/PlugIns/TagesplanerWidgets.appex -requiredArchitecture arm64 -o /Users/runner/Library/Developer/Xcode/DerivedData/Tagesplaner-dkpwbnnmvnqrwwcyvjakukgkxuzu/Build/Products/Release-iphoneos/Tagesplaner.app/Info.plist

CopySwiftLibs /Users/runner/Library/Developer/Xcode/DerivedData/Tagesplaner-dkpwbnnmvnqrwwcyvjakukgkxuzu/Build/Products/Release-iphoneos/Tagesplaner.app (in target 'Tagesplaner' from project 'Tagesplaner')
    cd /Users/runner/work/Tagesplaner/Tagesplaner
    builtin-swiftStdLibTool --copy --verbose --scan-executable /Users/runner/Library/Developer/Xcode/DerivedData/Tagesplaner-dkpwbnnmvnqrwwcyvjakukgkxuzu/Build/Products/Release-iphoneos/Tagesplaner.app/Tagesplaner --scan-folder /Users/runner/Library/Developer/Xcode/DerivedData/Tagesplaner-dkpwbnnmvnqrwwcyvjakukgkxuzu/Build/Products/Release-iphoneos/Tagesplaner.app/Frameworks --scan-folder /Users/runner/Library/Developer/Xcode/DerivedData/Tagesplaner-dkpwbnnmvnqrwwcyvjakukgkxuzu/Build/Products/Release-iphoneos/Tagesplaner.app/PlugIns --scan-folder /Users/runner/Library/Developer/Xcode/DerivedData/Tagesplaner-dkpwbnnmvnqrwwcyvjakukgkxuzu/Build/Products/Release-iphoneos/Tagesplaner.app/SystemExtensions --scan-folder /Users/runner/Library/Developer/Xcode/DerivedData/Tagesplaner-dkpwbnnmvnqrwwcyvjakukgkxuzu/Build/Products/Release-iphoneos/Tagesplaner.app/Extensions --platform iphoneos --toolchain /var/run/com.apple.security.cryptexd/mnt/com.apple.MobileAsset.MetalToolchain-v17.6.109.0.0nPeD0/Metal.xctoolchain --toolchain /Applications/Xcode_26.6.app/Contents/Developer/Toolchains/XcodeDefault.xctoolchain --destination /Users/runner/Library/Developer/Xcode/DerivedData/Tagesplaner-dkpwbnnmvnqrwwcyvjakukgkxuzu/Build/Products/Release-iphoneos/Tagesplaner.app/Frameworks --strip-bitcode --strip-bitcode-tool /Applications/Xcode_26.6.app/Contents/Developer/Toolchains/XcodeDefault.xctoolchain/usr/bin/bitcode_strip --emit-dependency-info /Users/runner/Library/Developer/Xcode/DerivedData/Tagesplaner-dkpwbnnmvnqrwwcyvjakukgkxuzu/Build/Intermediates.noindex/Tagesplaner.build/Release-iphoneos/Tagesplaner.build/SwiftStdLibToolInputDependencies.dep --filter-for-swift-os --back-deploy-swift-span
Ignoring --strip-bitcode because --sign was not passed

ExtractAppIntentsMetadata (in target 'Tagesplaner' from project 'Tagesplaner')
    cd /Users/runner/work/Tagesplaner/Tagesplaner
    /Applications/Xcode_26.6.app/Contents/Developer/Toolchains/XcodeDefault.xctoolchain/usr/bin/appintentsmetadataprocessor --toolchain-dir /var/run/com.apple.security.cryptexd/mnt/com.apple.MobileAsset.MetalToolchain-v17.6.109.0.0nPeD0/Metal.xctoolchain --module-name Tagesplaner --sdk-root /Applications/Xcode_26.6.app/Contents/Developer/Platforms/iPhoneOS.platform/Developer/SDKs/iPhoneOS26.5.sdk --xcode-version 17F113 --platform-family iOS --deployment-target 17.0 --bundle-identifier de.tagesplaner.ci.tagesplaner --output /Users/runner/Library/Developer/Xcode/DerivedData/Tagesplaner-dkpwbnnmvnqrwwcyvjakukgkxuzu/Build/Products/Release-iphoneos/Tagesplaner.app --target-triple arm64-apple-ios17.0 --binary-file /Users/runner/Library/Developer/Xcode/DerivedData/Tagesplaner-dkpwbnnmvnqrwwcyvjakukgkxuzu/Build/Products/Release-iphoneos/Tagesplaner.app/Tagesplaner --dependency-file /Users/runner/Library/Developer/Xcode/DerivedData/Tagesplaner-dkpwbnnmvnqrwwcyvjakukgkxuzu/Build/Intermediates.noindex/Tagesplaner.build/Release-iphoneos/Tagesplaner.build/Objects-normal/arm64/Tagesplaner_dependency_info.dat --stringsdata-file /Users/runner/Library/Developer/Xcode/DerivedData/Tagesplaner-dkpwbnnmvnqrwwcyvjakukgkxuzu/Build/Intermediates.noindex/Tagesplaner.build/Release-iphoneos/Tagesplaner.build/Objects-normal/arm64/ExtractedAppShortcutsMetadata.stringsdata --source-file-list /Users/runner/Library/Developer/Xcode/DerivedData/Tagesplaner-dkpwbnnmvnqrwwcyvjakukgkxuzu/Build/Intermediates.noindex/Tagesplaner.build/Release-iphoneos/Tagesplaner.build/Objects-normal/arm64/Tagesplaner.SwiftFileList --metadata-file-list /Users/runner/Library/Developer/Xcode/DerivedData/Tagesplaner-dkpwbnnmvnqrwwcyvjakukgkxuzu/Build/Intermediates.noindex/Tagesplaner.build/Release-iphoneos/Tagesplaner.build/Tagesplaner.DependencyMetadataFileList --static-metadata-file-list /Users/runner/Library/Developer/Xcode/DerivedData/Tagesplaner-dkpwbnnmvnqrwwcyvjakukgkxuzu/Build/Intermediates.noindex/Tagesplaner.build/Release-iphoneos/Tagesplaner.build/Tagesplaner.DependencyStaticMetadataFileList --swift-const-vals-list /Users/runner/Library/Developer/Xcode/DerivedData/Tagesplaner-dkpwbnnmvnqrwwcyvjakukgkxuzu/Build/Intermediates.noindex/Tagesplaner.build/Release-iphoneos/Tagesplaner.build/Objects-normal/arm64/Tagesplaner.SwiftConstValuesFileList --compile-time-extraction --deployment-aware-processing --validate-assistant-intents --no-app-shortcuts-localization
2026-10-04 21:43:17.061 appintentsmetadataprocessor[21467:67612] Starting appintentsmetadataprocessor export
2026-10-04 21:43:17.249 appintentsmetadataprocessor[21467:67612] Writing Metadata.appintents
2026-10-04 21:43:17.249 appintentsmetadataprocessor[21467:67612] Metadata root: /Users/runner/Library/Developer/Xcode/DerivedData/Tagesplaner-dkpwbnnmvnqrwwcyvjakukgkxuzu/Build/Products/Release-iphoneos/Tagesplaner.app/Metadata.appintents

ValidateEmbeddedBinary /Users/runner/Library/Developer/Xcode/DerivedData/Tagesplaner-dkpwbnnmvnqrwwcyvjakukgkxuzu/Build/Products/Release-iphoneos/Tagesplaner.app/PlugIns/TagesplanerWidgets.appex (in target 'Tagesplaner' from project 'Tagesplaner')
    cd /Users/runner/work/Tagesplaner/Tagesplaner
    /Applications/Xcode_26.6.app/Contents/Developer/usr/bin/embeddedBinaryValidationUtility /Users/runner/Library/Developer/Xcode/DerivedData/Tagesplaner-dkpwbnnmvnqrwwcyvjakukgkxuzu/Build/Products/Release-iphoneos/Tagesplaner.app/PlugIns/TagesplanerWidgets.appex -info-plist-path /Users/runner/Library/Developer/Xcode/DerivedData/Tagesplaner-dkpwbnnmvnqrwwcyvjakukgkxuzu/Build/Products/Release-iphoneos/Tagesplaner.app/Info.plist

GenerateDSYMFile /Users/runner/Library/Developer/Xcode/DerivedData/Tagesplaner-dkpwbnnmvnqrwwcyvjakukgkxuzu/Build/Products/Release-iphoneos/Tagesplaner.app.dSYM /Users/runner/Library/Developer/Xcode/DerivedData/Tagesplaner-dkpwbnnmvnqrwwcyvjakukgkxuzu/Build/Products/Release-iphoneos/Tagesplaner.app/Tagesplaner (in target 'Tagesplaner' from project 'Tagesplaner')
    cd /Users/runner/work/Tagesplaner/Tagesplaner
    /Applications/Xcode_26.6.app/Contents/Developer/Toolchains/XcodeDefault.xctoolchain/usr/bin/dsymutil /Users/runner/Library/Developer/Xcode/DerivedData/Tagesplaner-dkpwbnnmvnqrwwcyvjakukgkxuzu/Build/Products/Release-iphoneos/Tagesplaner.app/Tagesplaner -o /Users/runner/Library/Developer/Xcode/DerivedData/Tagesplaner-dkpwbnnmvnqrwwcyvjakukgkxuzu/Build/Products/Release-iphoneos/Tagesplaner.app.dSYM

AppIntentsSSUTraining (in target 'Tagesplaner' from project 'Tagesplaner')
    cd /Users/runner/work/Tagesplaner/Tagesplaner
    /Applications/Xcode_26.6.app/Contents/Developer/Toolchains/XcodeDefault.xctoolchain/usr/bin/appintentsnltrainingprocessor --infoplist-path /Users/runner/Library/Developer/Xcode/DerivedData/Tagesplaner-dkpwbnnmvnqrwwcyvjakukgkxuzu/Build/Products/Release-iphoneos/Tagesplaner.app/Info.plist --temp-dir-path /Users/runner/Library/Developer/Xcode/DerivedData/Tagesplaner-dkpwbnnmvnqrwwcyvjakukgkxuzu/Build/Intermediates.noindex/Tagesplaner.build/Release-iphoneos/Tagesplaner.build/ssu --bundle-id de.tagesplaner.ci.tagesplaner --product-path /Users/runner/Library/Developer/Xcode/DerivedData/Tagesplaner-dkpwbnnmvnqrwwcyvjakukgkxuzu/Build/Products/Release-iphoneos/Tagesplaner.app --extracted-metadata-path /Users/runner/Library/Developer/Xcode/DerivedData/Tagesplaner-dkpwbnnmvnqrwwcyvjakukgkxuzu/Build/Products/Release-iphoneos/Tagesplaner.app/Metadata.appintents --metadata-file-list /Users/runner/Library/Developer/Xcode/DerivedData/Tagesplaner-dkpwbnnmvnqrwwcyvjakukgkxuzu/Build/Intermediates.noindex/Tagesplaner.build/Release-iphoneos/Tagesplaner.build/Tagesplaner.DependencyMetadataFileList --source-file /Users/runner/Library/Developer/Xcode/DerivedData/Tagesplaner-dkpwbnnmvnqrwwcyvjakukgkxuzu/Build/Products/Release-iphoneos/Tagesplaner.app/Info.plist --archive-ssu-assets
2026-10-04 21:43:17.517 appintentsnltrainingprocessor[21470:67627] Parsing options for appintentsnltrainingprocessor
2026-10-04 21:43:17.518 appintentsnltrainingprocessor[21470:67627] Starting AppIntents SSU YAML Generation
2026-10-04 21:43:17.597 appintentsnltrainingprocessor[21470:67627] Training 'Was steht heute an in ${+applicationName}|Mein Tag in ${+applicationName}' for de
2026-10-04 21:43:17.599 appintentsnltrainingprocessor[21470:67627] Training 'Nächster Termin in ${+applicationName}|Was kommt als Nächstes in ${+applicationName}' for de
2026-10-04 21:43:17.600 appintentsnltrainingprocessor[21470:67627] Training 'Plane etwas ein mit ${+applicationName}|Neue Aufgabe in ${+applicationName}' for de
2026-10-04 21:43:17.600 appintentsnltrainingprocessor[21470:67627] Training Negative Phrases '' for de
2026-10-04 21:43:17.600 appintentsnltrainingprocessor[21470:67627] Application name 'Tagesplaner' for de
2026-10-04 21:43:17.666 appintentsnltrainingprocessor[21470:67627] Generated AppIntents SSU YAML files in file:///Users/runner/Library/Developer/Xcode/DerivedData/Tagesplaner-dkpwbnnmvnqrwwcyvjakukgkxuzu/Build/Intermediates.noindex/Tagesplaner.build/Release-iphoneos/Tagesplaner.build/ssu/
2026-10-04 21:43:17.668 appintentsnltrainingprocessor[21470:67627] Copied AppIntents SSU YAML files to file:///Users/runner/Library/Developer/Xcode/DerivedData/Tagesplaner-dkpwbnnmvnqrwwcyvjakukgkxuzu/Build/Products/Release-iphoneos/Tagesplaner.app/Metadata.appintents/
Archiving all locales.
[------------------------------------------------------------] 0% archiving de[🁢🁢🁢🁢🁢🁢🁢🁢🁢🁢🁢🁢🁢🁢🁢🁢🁢🁢🁢🁢🁢🁢🁢🁢🁢🁢🁢🁢🁢🁢🁢🁢🁢🁢🁢🁢🁢🁢🁢🁢🁢🁢🁢🁢🁢🁢🁢🁢🁢🁢🁢🁢🁢🁢🁢🁢🁢🁢🁢🁢] 100% archived de[🁢🁢🁢🁢🁢🁢🁢🁢🁢🁢🁢🁢🁢🁢🁢🁢🁢🁢🁢🁢🁢🁢🁢🁢🁢🁢🁢🁢🁢🁢🁢🁢🁢🁢🁢🁢🁢🁢🁢🁢🁢🁢🁢🁢🁢🁢🁢🁢🁢🁢🁢🁢🁢🁢🁢🁢🁢🁢🁢🁢] 100% archived 1 locales/Users/runner/Library/Developer/Xcode/DerivedData/Tagesplaner-dkpwbnnmvnqrwwcyvjakukgkxuzu/Build/Products/Release-iphoneos/Tagesplaner.app/Metadata.appintents/nlu
/Users/runner/Library/Developer/Xcode/DerivedData/Tagesplaner-dkpwbnnmvnqrwwcyvjakukgkxuzu/Build/Products/Release-iphoneos/Tagesplaner.app/Metadata.appintents/nlu/0c10c6e1b152f2fed060d55a731bc62d.version


RegisterExecutionPolicyException /Users/runner/Library/Developer/Xcode/DerivedData/Tagesplaner-dkpwbnnmvnqrwwcyvjakukgkxuzu/Build/Products/Release-iphoneos/Tagesplaner.app (in target 'Tagesplaner' from project 'Tagesplaner')
    cd /Users/runner/work/Tagesplaner/Tagesplaner
    builtin-RegisterExecutionPolicyException /Users/runner/Library/Developer/Xcode/DerivedData/Tagesplaner-dkpwbnnmvnqrwwcyvjakukgkxuzu/Build/Products/Release-iphoneos/Tagesplaner.app

Validate /Users/runner/Library/Developer/Xcode/DerivedData/Tagesplaner-dkpwbnnmvnqrwwcyvjakukgkxuzu/Build/Products/Release-iphoneos/Tagesplaner.app (in target 'Tagesplaner' from project 'Tagesplaner')
    cd /Users/runner/work/Tagesplaner/Tagesplaner
    builtin-validationUtility /Users/runner/Library/Developer/Xcode/DerivedData/Tagesplaner-dkpwbnnmvnqrwwcyvjakukgkxuzu/Build/Products/Release-iphoneos/Tagesplaner.app -shallow-bundle -infoplist-subpath Info.plist

Touch /Users/runner/Library/Developer/Xcode/DerivedData/Tagesplaner-dkpwbnnmvnqrwwcyvjakukgkxuzu/Build/Products/Release-iphoneos/Tagesplaner.app (in target 'Tagesplaner' from project 'Tagesplaner')
    cd /Users/runner/work/Tagesplaner/Tagesplaner
    /usr/bin/touch -c /Users/runner/Library/Developer/Xcode/DerivedData/Tagesplaner-dkpwbnnmvnqrwwcyvjakukgkxuzu/Build/Products/Release-iphoneos/Tagesplaner.app

** BUILD SUCCEEDED **

