Command line invocation:
    /Applications/Xcode_26.6.app/Contents/Developer/usr/bin/xcodebuild build -project Tagesplaner.xcodeproj -scheme Tagesplaner -configuration Release -destination generic/platform=iOS -derivedDataPath DerivedData CURRENT_PROJECT_VERSION=2 CODE_SIGNING_ALLOWED=NO

Build settings from command line:
    CODE_SIGNING_ALLOWED = NO
    CURRENT_PROJECT_VERSION = 2

Resolve Package Graph


Resolved source packages:
  PlannerCore: /Users/runner/work/Tagesplaner/Tagesplaner/Packages/PlannerCore

ComputePackagePrebuildTargetDependencyGraph

Prepare packages

CreateBuildRequest

SendProjectDescription

CreateBuildOperation

ComputeTargetDependencyGraph
note: Building targets in dependency order
note: Target dependency graph (4 targets)
    Target 'Tagesplaner' in project 'Tagesplaner'
        ➜ Explicit dependency on target 'TagesplanerWidgets' in project 'Tagesplaner'
        ➜ Explicit dependency on target 'PlannerCore' in project 'PlannerCore'
    Target 'PlannerCore' in project 'PlannerCore'
        ➜ Explicit dependency on target 'PlannerCore' in project 'PlannerCore'
    Target 'PlannerCore' in project 'PlannerCore' (no dependencies)
    Target 'TagesplanerWidgets' in project 'Tagesplaner' (no dependencies)

GatherProvisioningInputs

CreateBuildDescription

ExecuteExternalTool /Applications/Xcode_26.6.app/Contents/Developer/Toolchains/XcodeDefault.xctoolchain/usr/bin/swiftc --version

ExecuteExternalTool /Applications/Xcode_26.6.app/Contents/Developer/usr/bin/actool --print-asset-tag-combinations --output-format xml1 /Users/runner/work/Tagesplaner/Tagesplaner/App/Assets.xcassets

ExecuteExternalTool /Applications/Xcode_26.6.app/Contents/Developer/Toolchains/XcodeDefault.xctoolchain/usr/bin/clang -v -E -dM -isysroot /Applications/Xcode_26.6.app/Contents/Developer/Platforms/iPhoneOS.platform/Developer/SDKs/iPhoneOS26.5.sdk -x c -c /dev/null

ExecuteExternalTool /Applications/Xcode_26.6.app/Contents/Developer/Toolchains/XcodeDefault.xctoolchain/usr/bin/ld -version_details

ExecuteExternalTool /Applications/Xcode_26.6.app/Contents/Developer/usr/bin/actool --version --output-format xml1

Build description signature: 2e449a66d01480211a5621bc575f61d8
Build description path: /Users/runner/work/Tagesplaner/Tagesplaner/DerivedData/Build/Intermediates.noindex/XCBuildData/2e449a66d01480211a5621bc575f61d8.xcbuilddata
CreateBuildDirectory /Users/runner/work/Tagesplaner/Tagesplaner/DerivedData/Build/Products
    cd /Users/runner/work/Tagesplaner/Tagesplaner/Tagesplaner.xcodeproj
    builtin-create-build-directory /Users/runner/work/Tagesplaner/Tagesplaner/DerivedData/Build/Products

CreateBuildDirectory /Users/runner/work/Tagesplaner/Tagesplaner/DerivedData/Build/Intermediates.noindex
    cd /Users/runner/work/Tagesplaner/Tagesplaner/Tagesplaner.xcodeproj
    builtin-create-build-directory /Users/runner/work/Tagesplaner/Tagesplaner/DerivedData/Build/Intermediates.noindex

ClangStatCache /Applications/Xcode_26.6.app/Contents/Developer/Toolchains/XcodeDefault.xctoolchain/usr/bin/clang-stat-cache /Applications/Xcode_26.6.app/Contents/Developer/Platforms/iPhoneOS.platform/Developer/SDKs/iPhoneOS26.5.sdk /Users/runner/work/Tagesplaner/Tagesplaner/DerivedData/SDKStatCaches.noindex/iphoneos26.5-23F81a-688ef53f1462e2c8f657fdc38a81448fee66e23052a0157c865c76b268046726.sdkstatcache
    cd /Users/runner/work/Tagesplaner/Tagesplaner/Tagesplaner.xcodeproj
    /Applications/Xcode_26.6.app/Contents/Developer/Toolchains/XcodeDefault.xctoolchain/usr/bin/clang-stat-cache /Applications/Xcode_26.6.app/Contents/Developer/Platforms/iPhoneOS.platform/Developer/SDKs/iPhoneOS26.5.sdk -o /Users/runner/work/Tagesplaner/Tagesplaner/DerivedData/SDKStatCaches.noindex/iphoneos26.5-23F81a-688ef53f1462e2c8f657fdc38a81448fee66e23052a0157c865c76b268046726.sdkstatcache

WriteAuxiliaryFile /Users/runner/work/Tagesplaner/Tagesplaner/DerivedData/Build/Intermediates.noindex/Tagesplaner.build/Release-iphoneos/Tagesplaner-06596a4c0479a151a4276fb9806ef9b8-VFS-iphoneos/all-product-headers.yaml
    cd /Users/runner/work/Tagesplaner/Tagesplaner/Tagesplaner.xcodeproj
    write-file /Users/runner/work/Tagesplaner/Tagesplaner/DerivedData/Build/Intermediates.noindex/Tagesplaner.build/Release-iphoneos/Tagesplaner-06596a4c0479a151a4276fb9806ef9b8-VFS-iphoneos/all-product-headers.yaml

CreateBuildDirectory /Users/runner/work/Tagesplaner/Tagesplaner/DerivedData/Build/Products/Release-iphoneos
    cd /Users/runner/work/Tagesplaner/Tagesplaner/Tagesplaner.xcodeproj
    builtin-create-build-directory /Users/runner/work/Tagesplaner/Tagesplaner/DerivedData/Build/Products/Release-iphoneos

CreateBuildDirectory /Users/runner/work/Tagesplaner/Tagesplaner/DerivedData/Build/Intermediates.noindex/SwiftExplicitPrecompiledModules
    cd /Users/runner/work/Tagesplaner/Tagesplaner/Tagesplaner.xcodeproj
    builtin-create-build-directory /Users/runner/work/Tagesplaner/Tagesplaner/DerivedData/Build/Intermediates.noindex/SwiftExplicitPrecompiledModules

CreateBuildDirectory /Users/runner/work/Tagesplaner/Tagesplaner/DerivedData/Build/Products/Release-iphoneos/PackageFrameworks
    cd /Users/runner/work/Tagesplaner/Tagesplaner/Tagesplaner.xcodeproj
    builtin-create-build-directory /Users/runner/work/Tagesplaner/Tagesplaner/DerivedData/Build/Products/Release-iphoneos/PackageFrameworks

CreateBuildDirectory /Users/runner/work/Tagesplaner/Tagesplaner/DerivedData/Build/Intermediates.noindex/ExplicitPrecompiledModules
    cd /Users/runner/work/Tagesplaner/Tagesplaner/Tagesplaner.xcodeproj
    builtin-create-build-directory /Users/runner/work/Tagesplaner/Tagesplaner/DerivedData/Build/Intermediates.noindex/ExplicitPrecompiledModules

CreateBuildDirectory /Users/runner/work/Tagesplaner/Tagesplaner/DerivedData/Build/Intermediates.noindex/EagerLinkingTBDs/Release-iphoneos
    cd /Users/runner/work/Tagesplaner/Tagesplaner/Tagesplaner.xcodeproj
    builtin-create-build-directory /Users/runner/work/Tagesplaner/Tagesplaner/DerivedData/Build/Intermediates.noindex/EagerLinkingTBDs/Release-iphoneos

WriteAuxiliaryFile /Users/runner/work/Tagesplaner/Tagesplaner/DerivedData/Build/Intermediates.noindex/Tagesplaner.build/Release-iphoneos/TagesplanerWidgets.build/TagesplanerWidgets.hmap (in target 'TagesplanerWidgets' from project 'Tagesplaner')
    cd /Users/runner/work/Tagesplaner/Tagesplaner
    write-file /Users/runner/work/Tagesplaner/Tagesplaner/DerivedData/Build/Intermediates.noindex/Tagesplaner.build/Release-iphoneos/TagesplanerWidgets.build/TagesplanerWidgets.hmap

WriteAuxiliaryFile /Users/runner/work/Tagesplaner/Tagesplaner/DerivedData/Build/Intermediates.noindex/Tagesplaner.build/Release-iphoneos/TagesplanerWidgets.build/TagesplanerWidgets.DependencyStaticMetadataFileList (in target 'TagesplanerWidgets' from project 'Tagesplaner')
    cd /Users/runner/work/Tagesplaner/Tagesplaner
    write-file /Users/runner/work/Tagesplaner/Tagesplaner/DerivedData/Build/Intermediates.noindex/Tagesplaner.build/Release-iphoneos/TagesplanerWidgets.build/TagesplanerWidgets.DependencyStaticMetadataFileList

WriteAuxiliaryFile /Users/runner/work/Tagesplaner/Tagesplaner/DerivedData/Build/Intermediates.noindex/Tagesplaner.build/Release-iphoneos/TagesplanerWidgets.build/TagesplanerWidgets.DependencyMetadataFileList (in target 'TagesplanerWidgets' from project 'Tagesplaner')
    cd /Users/runner/work/Tagesplaner/Tagesplaner
    write-file /Users/runner/work/Tagesplaner/Tagesplaner/DerivedData/Build/Intermediates.noindex/Tagesplaner.build/Release-iphoneos/TagesplanerWidgets.build/TagesplanerWidgets.DependencyMetadataFileList

WriteAuxiliaryFile /Users/runner/work/Tagesplaner/Tagesplaner/DerivedData/Build/Intermediates.noindex/Tagesplaner.build/Release-iphoneos/TagesplanerWidgets.build/TagesplanerWidgets-project-headers.hmap (in target 'TagesplanerWidgets' from project 'Tagesplaner')
    cd /Users/runner/work/Tagesplaner/Tagesplaner
    write-file /Users/runner/work/Tagesplaner/Tagesplaner/DerivedData/Build/Intermediates.noindex/Tagesplaner.build/Release-iphoneos/TagesplanerWidgets.build/TagesplanerWidgets-project-headers.hmap

WriteAuxiliaryFile /Users/runner/work/Tagesplaner/Tagesplaner/DerivedData/Build/Intermediates.noindex/Tagesplaner.build/Release-iphoneos/TagesplanerWidgets.build/TagesplanerWidgets-own-target-headers.hmap (in target 'TagesplanerWidgets' from project 'Tagesplaner')
    cd /Users/runner/work/Tagesplaner/Tagesplaner
    write-file /Users/runner/work/Tagesplaner/Tagesplaner/DerivedData/Build/Intermediates.noindex/Tagesplaner.build/Release-iphoneos/TagesplanerWidgets.build/TagesplanerWidgets-own-target-headers.hmap

WriteAuxiliaryFile /Users/runner/work/Tagesplaner/Tagesplaner/DerivedData/Build/Intermediates.noindex/Tagesplaner.build/Release-iphoneos/TagesplanerWidgets.build/TagesplanerWidgets-generated-files.hmap (in target 'TagesplanerWidgets' from project 'Tagesplaner')
    cd /Users/runner/work/Tagesplaner/Tagesplaner
    write-file /Users/runner/work/Tagesplaner/Tagesplaner/DerivedData/Build/Intermediates.noindex/Tagesplaner.build/Release-iphoneos/TagesplanerWidgets.build/TagesplanerWidgets-generated-files.hmap

WriteAuxiliaryFile /Users/runner/work/Tagesplaner/Tagesplaner/DerivedData/Build/Intermediates.noindex/Tagesplaner.build/Release-iphoneos/TagesplanerWidgets.build/TagesplanerWidgets-all-target-headers.hmap (in target 'TagesplanerWidgets' from project 'Tagesplaner')
    cd /Users/runner/work/Tagesplaner/Tagesplaner
    write-file /Users/runner/work/Tagesplaner/Tagesplaner/DerivedData/Build/Intermediates.noindex/Tagesplaner.build/Release-iphoneos/TagesplanerWidgets.build/TagesplanerWidgets-all-target-headers.hmap

WriteAuxiliaryFile /Users/runner/work/Tagesplaner/Tagesplaner/DerivedData/Build/Intermediates.noindex/Tagesplaner.build/Release-iphoneos/TagesplanerWidgets.build/TagesplanerWidgets-all-non-framework-target-headers.hmap (in target 'TagesplanerWidgets' from project 'Tagesplaner')
    cd /Users/runner/work/Tagesplaner/Tagesplaner
    write-file /Users/runner/work/Tagesplaner/Tagesplaner/DerivedData/Build/Intermediates.noindex/Tagesplaner.build/Release-iphoneos/TagesplanerWidgets.build/TagesplanerWidgets-all-non-framework-target-headers.hmap

WriteAuxiliaryFile /Users/runner/work/Tagesplaner/Tagesplaner/DerivedData/Build/Intermediates.noindex/Tagesplaner.build/Release-iphoneos/TagesplanerWidgets.build/Objects-normal/arm64/TagesplanerWidgets_const_extract_protocols.json (in target 'TagesplanerWidgets' from project 'Tagesplaner')
    cd /Users/runner/work/Tagesplaner/Tagesplaner
    write-file /Users/runner/work/Tagesplaner/Tagesplaner/DerivedData/Build/Intermediates.noindex/Tagesplaner.build/Release-iphoneos/TagesplanerWidgets.build/Objects-normal/arm64/TagesplanerWidgets_const_extract_protocols.json

WriteAuxiliaryFile /Users/runner/work/Tagesplaner/Tagesplaner/DerivedData/Build/Intermediates.noindex/Tagesplaner.build/Release-iphoneos/TagesplanerWidgets.build/Objects-normal/arm64/TagesplanerWidgets.SwiftFileList (in target 'TagesplanerWidgets' from project 'Tagesplaner')
    cd /Users/runner/work/Tagesplaner/Tagesplaner
    write-file /Users/runner/work/Tagesplaner/Tagesplaner/DerivedData/Build/Intermediates.noindex/Tagesplaner.build/Release-iphoneos/TagesplanerWidgets.build/Objects-normal/arm64/TagesplanerWidgets.SwiftFileList

WriteAuxiliaryFile /Users/runner/work/Tagesplaner/Tagesplaner/DerivedData/Build/Intermediates.noindex/Tagesplaner.build/Release-iphoneos/TagesplanerWidgets.build/Objects-normal/arm64/TagesplanerWidgets.SwiftConstValuesFileList (in target 'TagesplanerWidgets' from project 'Tagesplaner')
    cd /Users/runner/work/Tagesplaner/Tagesplaner
    write-file /Users/runner/work/Tagesplaner/Tagesplaner/DerivedData/Build/Intermediates.noindex/Tagesplaner.build/Release-iphoneos/TagesplanerWidgets.build/Objects-normal/arm64/TagesplanerWidgets.SwiftConstValuesFileList

WriteAuxiliaryFile /Users/runner/work/Tagesplaner/Tagesplaner/DerivedData/Build/Intermediates.noindex/Tagesplaner.build/Release-iphoneos/TagesplanerWidgets.build/Objects-normal/arm64/TagesplanerWidgets.LinkFileList (in target 'TagesplanerWidgets' from project 'Tagesplaner')
    cd /Users/runner/work/Tagesplaner/Tagesplaner
    write-file /Users/runner/work/Tagesplaner/Tagesplaner/DerivedData/Build/Intermediates.noindex/Tagesplaner.build/Release-iphoneos/TagesplanerWidgets.build/Objects-normal/arm64/TagesplanerWidgets.LinkFileList

WriteAuxiliaryFile /Users/runner/work/Tagesplaner/Tagesplaner/DerivedData/Build/Intermediates.noindex/Tagesplaner.build/Release-iphoneos/TagesplanerWidgets.build/Objects-normal/arm64/TagesplanerWidgets-OutputFileMap.json (in target 'TagesplanerWidgets' from project 'Tagesplaner')
    cd /Users/runner/work/Tagesplaner/Tagesplaner
    write-file /Users/runner/work/Tagesplaner/Tagesplaner/DerivedData/Build/Intermediates.noindex/Tagesplaner.build/Release-iphoneos/TagesplanerWidgets.build/Objects-normal/arm64/TagesplanerWidgets-OutputFileMap.json

MkDir /Users/runner/work/Tagesplaner/Tagesplaner/DerivedData/Build/Products/Release-iphoneos/TagesplanerWidgets.appex (in target 'TagesplanerWidgets' from project 'Tagesplaner')
    cd /Users/runner/work/Tagesplaner/Tagesplaner
    /bin/mkdir -p /Users/runner/work/Tagesplaner/Tagesplaner/DerivedData/Build/Products/Release-iphoneos/TagesplanerWidgets.appex

WriteAuxiliaryFile /Users/runner/work/Tagesplaner/Tagesplaner/DerivedData/Build/Intermediates.noindex/Tagesplaner.build/Release-iphoneos/Tagesplaner.build/Tagesplaner.hmap (in target 'Tagesplaner' from project 'Tagesplaner')
    cd /Users/runner/work/Tagesplaner/Tagesplaner
    write-file /Users/runner/work/Tagesplaner/Tagesplaner/DerivedData/Build/Intermediates.noindex/Tagesplaner.build/Release-iphoneos/Tagesplaner.build/Tagesplaner.hmap

WriteAuxiliaryFile /Users/runner/work/Tagesplaner/Tagesplaner/DerivedData/Build/Intermediates.noindex/Tagesplaner.build/Release-iphoneos/Tagesplaner.build/Tagesplaner.DependencyStaticMetadataFileList (in target 'Tagesplaner' from project 'Tagesplaner')
    cd /Users/runner/work/Tagesplaner/Tagesplaner
    write-file /Users/runner/work/Tagesplaner/Tagesplaner/DerivedData/Build/Intermediates.noindex/Tagesplaner.build/Release-iphoneos/Tagesplaner.build/Tagesplaner.DependencyStaticMetadataFileList

WriteAuxiliaryFile /Users/runner/work/Tagesplaner/Tagesplaner/DerivedData/Build/Intermediates.noindex/Tagesplaner.build/Release-iphoneos/Tagesplaner.build/Tagesplaner.DependencyMetadataFileList (in target 'Tagesplaner' from project 'Tagesplaner')
    cd /Users/runner/work/Tagesplaner/Tagesplaner
    write-file /Users/runner/work/Tagesplaner/Tagesplaner/DerivedData/Build/Intermediates.noindex/Tagesplaner.build/Release-iphoneos/Tagesplaner.build/Tagesplaner.DependencyMetadataFileList

WriteAuxiliaryFile /Users/runner/work/Tagesplaner/Tagesplaner/DerivedData/Build/Intermediates.noindex/Tagesplaner.build/Release-iphoneos/Tagesplaner.build/Tagesplaner-project-headers.hmap (in target 'Tagesplaner' from project 'Tagesplaner')
    cd /Users/runner/work/Tagesplaner/Tagesplaner
    write-file /Users/runner/work/Tagesplaner/Tagesplaner/DerivedData/Build/Intermediates.noindex/Tagesplaner.build/Release-iphoneos/Tagesplaner.build/Tagesplaner-project-headers.hmap

WriteAuxiliaryFile /Users/runner/work/Tagesplaner/Tagesplaner/DerivedData/Build/Intermediates.noindex/Tagesplaner.build/Release-iphoneos/Tagesplaner.build/Tagesplaner-own-target-headers.hmap (in target 'Tagesplaner' from project 'Tagesplaner')
    cd /Users/runner/work/Tagesplaner/Tagesplaner
    write-file /Users/runner/work/Tagesplaner/Tagesplaner/DerivedData/Build/Intermediates.noindex/Tagesplaner.build/Release-iphoneos/Tagesplaner.build/Tagesplaner-own-target-headers.hmap

WriteAuxiliaryFile /Users/runner/work/Tagesplaner/Tagesplaner/DerivedData/Build/Intermediates.noindex/Tagesplaner.build/Release-iphoneos/Tagesplaner.build/Tagesplaner-generated-files.hmap (in target 'Tagesplaner' from project 'Tagesplaner')
    cd /Users/runner/work/Tagesplaner/Tagesplaner
    write-file /Users/runner/work/Tagesplaner/Tagesplaner/DerivedData/Build/Intermediates.noindex/Tagesplaner.build/Release-iphoneos/Tagesplaner.build/Tagesplaner-generated-files.hmap

WriteAuxiliaryFile /Users/runner/work/Tagesplaner/Tagesplaner/DerivedData/Build/Intermediates.noindex/Tagesplaner.build/Release-iphoneos/Tagesplaner.build/Tagesplaner-all-target-headers.hmap (in target 'Tagesplaner' from project 'Tagesplaner')
    cd /Users/runner/work/Tagesplaner/Tagesplaner
    write-file /Users/runner/work/Tagesplaner/Tagesplaner/DerivedData/Build/Intermediates.noindex/Tagesplaner.build/Release-iphoneos/Tagesplaner.build/Tagesplaner-all-target-headers.hmap

WriteAuxiliaryFile /Users/runner/work/Tagesplaner/Tagesplaner/DerivedData/Build/Intermediates.noindex/Tagesplaner.build/Release-iphoneos/Tagesplaner.build/Tagesplaner-all-non-framework-target-headers.hmap (in target 'Tagesplaner' from project 'Tagesplaner')
    cd /Users/runner/work/Tagesplaner/Tagesplaner
    write-file /Users/runner/work/Tagesplaner/Tagesplaner/DerivedData/Build/Intermediates.noindex/Tagesplaner.build/Release-iphoneos/Tagesplaner.build/Tagesplaner-all-non-framework-target-headers.hmap

WriteAuxiliaryFile /Users/runner/work/Tagesplaner/Tagesplaner/DerivedData/Build/Intermediates.noindex/Tagesplaner.build/Release-iphoneos/Tagesplaner.build/Objects-normal/arm64/Tagesplaner_const_extract_protocols.json (in target 'Tagesplaner' from project 'Tagesplaner')
    cd /Users/runner/work/Tagesplaner/Tagesplaner
    write-file /Users/runner/work/Tagesplaner/Tagesplaner/DerivedData/Build/Intermediates.noindex/Tagesplaner.build/Release-iphoneos/Tagesplaner.build/Objects-normal/arm64/Tagesplaner_const_extract_protocols.json

WriteAuxiliaryFile /Users/runner/work/Tagesplaner/Tagesplaner/DerivedData/Build/Intermediates.noindex/Tagesplaner.build/Release-iphoneos/Tagesplaner.build/Objects-normal/arm64/Tagesplaner.SwiftFileList (in target 'Tagesplaner' from project 'Tagesplaner')
    cd /Users/runner/work/Tagesplaner/Tagesplaner
    write-file /Users/runner/work/Tagesplaner/Tagesplaner/DerivedData/Build/Intermediates.noindex/Tagesplaner.build/Release-iphoneos/Tagesplaner.build/Objects-normal/arm64/Tagesplaner.SwiftFileList

WriteAuxiliaryFile /Users/runner/work/Tagesplaner/Tagesplaner/DerivedData/Build/Intermediates.noindex/Tagesplaner.build/Release-iphoneos/Tagesplaner.build/Objects-normal/arm64/Tagesplaner.SwiftConstValuesFileList (in target 'Tagesplaner' from project 'Tagesplaner')
    cd /Users/runner/work/Tagesplaner/Tagesplaner
    write-file /Users/runner/work/Tagesplaner/Tagesplaner/DerivedData/Build/Intermediates.noindex/Tagesplaner.build/Release-iphoneos/Tagesplaner.build/Objects-normal/arm64/Tagesplaner.SwiftConstValuesFileList

WriteAuxiliaryFile /Users/runner/work/Tagesplaner/Tagesplaner/DerivedData/Build/Intermediates.noindex/Tagesplaner.build/Release-iphoneos/Tagesplaner.build/Objects-normal/arm64/Tagesplaner.LinkFileList (in target 'Tagesplaner' from project 'Tagesplaner')
    cd /Users/runner/work/Tagesplaner/Tagesplaner
    write-file /Users/runner/work/Tagesplaner/Tagesplaner/DerivedData/Build/Intermediates.noindex/Tagesplaner.build/Release-iphoneos/Tagesplaner.build/Objects-normal/arm64/Tagesplaner.LinkFileList

WriteAuxiliaryFile /Users/runner/work/Tagesplaner/Tagesplaner/DerivedData/Build/Intermediates.noindex/Tagesplaner.build/Release-iphoneos/Tagesplaner.build/Objects-normal/arm64/Tagesplaner-OutputFileMap.json (in target 'Tagesplaner' from project 'Tagesplaner')
    cd /Users/runner/work/Tagesplaner/Tagesplaner
    write-file /Users/runner/work/Tagesplaner/Tagesplaner/DerivedData/Build/Intermediates.noindex/Tagesplaner.build/Release-iphoneos/Tagesplaner.build/Objects-normal/arm64/Tagesplaner-OutputFileMap.json

WriteAuxiliaryFile /Users/runner/work/Tagesplaner/Tagesplaner/DerivedData/Build/Intermediates.noindex/PlannerCore.build/Release-iphoneos/PlannerCore.build/PlannerCore.modulemap (in target 'PlannerCore' from project 'PlannerCore')
    cd /Users/runner/work/Tagesplaner/Tagesplaner/Packages/PlannerCore
    write-file /Users/runner/work/Tagesplaner/Tagesplaner/DerivedData/Build/Intermediates.noindex/PlannerCore.build/Release-iphoneos/PlannerCore.build/PlannerCore.modulemap

WriteAuxiliaryFile /Users/runner/work/Tagesplaner/Tagesplaner/DerivedData/Build/Intermediates.noindex/PlannerCore.build/Release-iphoneos/PlannerCore.build/PlannerCore.DependencyStaticMetadataFileList (in target 'PlannerCore' from project 'PlannerCore')
    cd /Users/runner/work/Tagesplaner/Tagesplaner/Packages/PlannerCore
    write-file /Users/runner/work/Tagesplaner/Tagesplaner/DerivedData/Build/Intermediates.noindex/PlannerCore.build/Release-iphoneos/PlannerCore.build/PlannerCore.DependencyStaticMetadataFileList

WriteAuxiliaryFile /Users/runner/work/Tagesplaner/Tagesplaner/DerivedData/Build/Intermediates.noindex/PlannerCore.build/Release-iphoneos/PlannerCore.build/PlannerCore.DependencyMetadataFileList (in target 'PlannerCore' from project 'PlannerCore')
    cd /Users/runner/work/Tagesplaner/Tagesplaner/Packages/PlannerCore
    write-file /Users/runner/work/Tagesplaner/Tagesplaner/DerivedData/Build/Intermediates.noindex/PlannerCore.build/Release-iphoneos/PlannerCore.build/PlannerCore.DependencyMetadataFileList

WriteAuxiliaryFile /Users/runner/work/Tagesplaner/Tagesplaner/DerivedData/Build/Intermediates.noindex/PlannerCore.build/Release-iphoneos/PlannerCore.build/Objects-normal/arm64/PlannerCore_const_extract_protocols.json (in target 'PlannerCore' from project 'PlannerCore')
    cd /Users/runner/work/Tagesplaner/Tagesplaner/Packages/PlannerCore
    write-file /Users/runner/work/Tagesplaner/Tagesplaner/DerivedData/Build/Intermediates.noindex/PlannerCore.build/Release-iphoneos/PlannerCore.build/Objects-normal/arm64/PlannerCore_const_extract_protocols.json

WriteAuxiliaryFile /Users/runner/work/Tagesplaner/Tagesplaner/DerivedData/Build/Intermediates.noindex/PlannerCore.build/Release-iphoneos/PlannerCore.build/Objects-normal/arm64/PlannerCore.SwiftFileList (in target 'PlannerCore' from project 'PlannerCore')
    cd /Users/runner/work/Tagesplaner/Tagesplaner/Packages/PlannerCore
    write-file /Users/runner/work/Tagesplaner/Tagesplaner/DerivedData/Build/Intermediates.noindex/PlannerCore.build/Release-iphoneos/PlannerCore.build/Objects-normal/arm64/PlannerCore.SwiftFileList

WriteAuxiliaryFile /Users/runner/work/Tagesplaner/Tagesplaner/DerivedData/Build/Intermediates.noindex/PlannerCore.build/Release-iphoneos/PlannerCore.build/Objects-normal/arm64/PlannerCore.SwiftConstValuesFileList (in target 'PlannerCore' from project 'PlannerCore')
    cd /Users/runner/work/Tagesplaner/Tagesplaner/Packages/PlannerCore
    write-file /Users/runner/work/Tagesplaner/Tagesplaner/DerivedData/Build/Intermediates.noindex/PlannerCore.build/Release-iphoneos/PlannerCore.build/Objects-normal/arm64/PlannerCore.SwiftConstValuesFileList

WriteAuxiliaryFile /Users/runner/work/Tagesplaner/Tagesplaner/DerivedData/Build/Intermediates.noindex/PlannerCore.build/Release-iphoneos/PlannerCore.build/Objects-normal/arm64/PlannerCore.LinkFileList (in target 'PlannerCore' from project 'PlannerCore')
    cd /Users/runner/work/Tagesplaner/Tagesplaner/Packages/PlannerCore
    write-file /Users/runner/work/Tagesplaner/Tagesplaner/DerivedData/Build/Intermediates.noindex/PlannerCore.build/Release-iphoneos/PlannerCore.build/Objects-normal/arm64/PlannerCore.LinkFileList

WriteAuxiliaryFile /Users/runner/work/Tagesplaner/Tagesplaner/DerivedData/Build/Intermediates.noindex/PlannerCore.build/Release-iphoneos/PlannerCore.build/Objects-normal/arm64/PlannerCore-OutputFileMap.json (in target 'PlannerCore' from project 'PlannerCore')
    cd /Users/runner/work/Tagesplaner/Tagesplaner/Packages/PlannerCore
    write-file /Users/runner/work/Tagesplaner/Tagesplaner/DerivedData/Build/Intermediates.noindex/PlannerCore.build/Release-iphoneos/PlannerCore.build/Objects-normal/arm64/PlannerCore-OutputFileMap.json

Copy /Users/runner/work/Tagesplaner/Tagesplaner/DerivedData/Build/Intermediates.noindex/GeneratedModuleMaps-iphoneos/PlannerCore.modulemap /Users/runner/work/Tagesplaner/Tagesplaner/DerivedData/Build/Intermediates.noindex/PlannerCore.build/Release-iphoneos/PlannerCore.build/PlannerCore.modulemap (in target 'PlannerCore' from project 'PlannerCore')
    cd /Users/runner/work/Tagesplaner/Tagesplaner/Packages/PlannerCore
    builtin-copy -exclude .DS_Store -exclude CVS -exclude .svn -exclude .git -exclude .hg -strip-unsigned-binaries -strip-deterministic -strip-tool /Applications/Xcode_26.6.app/Contents/Developer/Toolchains/XcodeDefault.xctoolchain/usr/bin/strip -resolve-src-symlinks /Users/runner/work/Tagesplaner/Tagesplaner/DerivedData/Build/Intermediates.noindex/PlannerCore.build/Release-iphoneos/PlannerCore.build/PlannerCore.modulemap /Users/runner/work/Tagesplaner/Tagesplaner/DerivedData/Build/Intermediates.noindex/GeneratedModuleMaps-iphoneos

MkDir /Users/runner/work/Tagesplaner/Tagesplaner/DerivedData/Build/Products/Release-iphoneos/Tagesplaner.app/PlugIns (in target 'Tagesplaner' from project 'Tagesplaner')
    cd /Users/runner/work/Tagesplaner/Tagesplaner
    /bin/mkdir -p /Users/runner/work/Tagesplaner/Tagesplaner/DerivedData/Build/Products/Release-iphoneos/Tagesplaner.app/PlugIns

MkDir /Users/runner/work/Tagesplaner/Tagesplaner/DerivedData/Build/Products/Release-iphoneos/Tagesplaner.app (in target 'Tagesplaner' from project 'Tagesplaner')
    cd /Users/runner/work/Tagesplaner/Tagesplaner
    /bin/mkdir -p /Users/runner/work/Tagesplaner/Tagesplaner/DerivedData/Build/Products/Release-iphoneos/Tagesplaner.app

ProcessInfoPlistFile /Users/runner/work/Tagesplaner/Tagesplaner/DerivedData/Build/Products/Release-iphoneos/TagesplanerWidgets.appex/Info.plist /Users/runner/work/Tagesplaner/Tagesplaner/Widgets/Info.plist (in target 'TagesplanerWidgets' from project 'Tagesplaner')
    cd /Users/runner/work/Tagesplaner/Tagesplaner
    builtin-infoPlistUtility /Users/runner/work/Tagesplaner/Tagesplaner/Widgets/Info.plist -producttype com.apple.product-type.app-extension -expandbuildsettings -format binary -platform iphoneos -requiredArchitecture arm64 -o /Users/runner/work/Tagesplaner/Tagesplaner/DerivedData/Build/Products/Release-iphoneos/TagesplanerWidgets.appex/Info.plist

SwiftDriver TagesplanerWidgets normal arm64 com.apple.xcode.tools.swift.compiler (in target 'TagesplanerWidgets' from project 'Tagesplaner')
    cd /Users/runner/work/Tagesplaner/Tagesplaner
    builtin-SwiftDriver -- /Applications/Xcode_26.6.app/Contents/Developer/Toolchains/XcodeDefault.xctoolchain/usr/bin/swiftc -module-name TagesplanerWidgets -O -whole-module-optimization @/Users/runner/work/Tagesplaner/Tagesplaner/DerivedData/Build/Intermediates.noindex/Tagesplaner.build/Release-iphoneos/TagesplanerWidgets.build/Objects-normal/arm64/TagesplanerWidgets.SwiftFileList -enable-bare-slash-regex -enable-experimental-feature DebugDescriptionMacro -sdk /Applications/Xcode_26.6.app/Contents/Developer/Platforms/iPhoneOS.platform/Developer/SDKs/iPhoneOS26.5.sdk -target arm64-apple-ios17.0 -g -module-cache-path /Users/runner/work/Tagesplaner/Tagesplaner/DerivedData/ModuleCache.noindex -Xfrontend -serialize-debugging-options -application-extension -swift-version 5 -I /Users/runner/work/Tagesplaner/Tagesplaner/DerivedData/Build/Products/Release-iphoneos -F /Users/runner/work/Tagesplaner/Tagesplaner/DerivedData/Build/Products/Release-iphoneos -c -num-threads 3 -Xcc -ivfsstatcache -Xcc /Users/runner/work/Tagesplaner/Tagesplaner/DerivedData/SDKStatCaches.noindex/iphoneos26.5-23F81a-688ef53f1462e2c8f657fdc38a81448fee66e23052a0157c865c76b268046726.sdkstatcache -output-file-map /Users/runner/work/Tagesplaner/Tagesplaner/DerivedData/Build/Intermediates.noindex/Tagesplaner.build/Release-iphoneos/TagesplanerWidgets.build/Objects-normal/arm64/TagesplanerWidgets-OutputFileMap.json -use-frontend-parseable-output -save-temps -no-color-diagnostics -explicit-module-build -module-cache-path /Users/runner/work/Tagesplaner/Tagesplaner/DerivedData/Build/Intermediates.noindex/SwiftExplicitPrecompiledModules -clang-scanner-module-cache-path /Users/runner/work/Tagesplaner/Tagesplaner/DerivedData/ModuleCache.noindex -sdk-module-cache-path /Users/runner/work/Tagesplaner/Tagesplaner/DerivedData/ModuleCache.noindex -serialize-diagnostics -emit-dependencies -emit-module -emit-module-path /Users/runner/work/Tagesplaner/Tagesplaner/DerivedData/Build/Intermediates.noindex/Tagesplaner.build/Release-iphoneos/TagesplanerWidgets.build/Objects-normal/arm64/TagesplanerWidgets.swiftmodule -validate-clang-modules-once -clang-build-session-file /Users/runner/work/Tagesplaner/Tagesplaner/DerivedData/ModuleCache.noindex/Session.modulevalidation -Xcc -I/Users/runner/work/Tagesplaner/Tagesplaner/DerivedData/Build/Intermediates.noindex/Tagesplaner.build/Release-iphoneos/TagesplanerWidgets.build/swift-overrides.hmap -emit-const-values -Xfrontend -const-gather-protocols-file -Xfrontend /Users/runner/work/Tagesplaner/Tagesplaner/DerivedData/Build/Intermediates.noindex/Tagesplaner.build/Release-iphoneos/TagesplanerWidgets.build/Objects-normal/arm64/TagesplanerWidgets_const_extract_protocols.json -Xcc -iquote -Xcc /Users/runner/work/Tagesplaner/Tagesplaner/DerivedData/Build/Intermediates.noindex/Tagesplaner.build/Release-iphoneos/TagesplanerWidgets.build/TagesplanerWidgets-generated-files.hmap -Xcc -I/Users/runner/work/Tagesplaner/Tagesplaner/DerivedData/Build/Intermediates.noindex/Tagesplaner.build/Release-iphoneos/TagesplanerWidgets.build/TagesplanerWidgets-own-target-headers.hmap -Xcc -I/Users/runner/work/Tagesplaner/Tagesplaner/DerivedData/Build/Intermediates.noindex/Tagesplaner.build/Release-iphoneos/TagesplanerWidgets.build/TagesplanerWidgets-all-non-framework-target-headers.hmap -Xcc -ivfsoverlay -Xcc /Users/runner/work/Tagesplaner/Tagesplaner/DerivedData/Build/Intermediates.noindex/Tagesplaner.build/Release-iphoneos/Tagesplaner-06596a4c0479a151a4276fb9806ef9b8-VFS-iphoneos/all-product-headers.yaml -Xcc -iquote -Xcc /Users/runner/work/Tagesplaner/Tagesplaner/DerivedData/Build/Intermediates.noindex/Tagesplaner.build/Release-iphoneos/TagesplanerWidgets.build/TagesplanerWidgets-project-headers.hmap -Xcc -I/Users/runner/work/Tagesplaner/Tagesplaner/DerivedData/Build/Products/Release-iphoneos/include -Xcc -I/Users/runner/work/Tagesplaner/Tagesplaner/DerivedData/Build/Intermediates.noindex/Tagesplaner.build/Release-iphoneos/TagesplanerWidgets.build/DerivedSources-normal/arm64 -Xcc -I/Users/runner/work/Tagesplaner/Tagesplaner/DerivedData/Build/Intermediates.noindex/Tagesplaner.build/Release-iphoneos/TagesplanerWidgets.build/DerivedSources/arm64 -Xcc -I/Users/runner/work/Tagesplaner/Tagesplaner/DerivedData/Build/Intermediates.noindex/Tagesplaner.build/Release-iphoneos/TagesplanerWidgets.build/DerivedSources -emit-objc-header -emit-objc-header-path /Users/runner/work/Tagesplaner/Tagesplaner/DerivedData/Build/Intermediates.noindex/Tagesplaner.build/Release-iphoneos/TagesplanerWidgets.build/Objects-normal/arm64/TagesplanerWidgets-Swift.h -working-directory /Users/runner/work/Tagesplaner/Tagesplaner -no-emit-module-separately-wmo

SwiftDriver PlannerCore normal arm64 com.apple.xcode.tools.swift.compiler (in target 'PlannerCore' from project 'PlannerCore')
    cd /Users/runner/work/Tagesplaner/Tagesplaner/Tagesplaner.xcodeproj
    builtin-SwiftDriver -- /Applications/Xcode_26.6.app/Contents/Developer/Toolchains/XcodeDefault.xctoolchain/usr/bin/swiftc -module-name PlannerCore -O -whole-module-optimization @/Users/runner/work/Tagesplaner/Tagesplaner/DerivedData/Build/Intermediates.noindex/PlannerCore.build/Release-iphoneos/PlannerCore.build/Objects-normal/arm64/PlannerCore.SwiftFileList -DSWIFT_PACKAGE -DSWIFT_MODULE_RESOURCE_BUNDLE_UNAVAILABLE -DXcode -plugin-path /Applications/Xcode_26.6.app/Contents/Developer/Toolchains/XcodeDefault.xctoolchain/usr/lib/swift/host/plugins/testing -enable-experimental-feature DebugDescriptionMacro -sdk /Applications/Xcode_26.6.app/Contents/Developer/Platforms/iPhoneOS.platform/Developer/SDKs/iPhoneOS26.5.sdk -target arm64-apple-ios17.0 -g -module-cache-path /Users/runner/work/Tagesplaner/Tagesplaner/DerivedData/ModuleCache.noindex -Xfrontend -serialize-debugging-options -swift-version 5 -I /Users/runner/work/Tagesplaner/Tagesplaner/DerivedData/Build/Products/Release-iphoneos -Isystem /Applications/Xcode_26.6.app/Contents/Developer/Platforms/iPhoneOS.platform/Developer/usr/lib -F /Users/runner/work/Tagesplaner/Tagesplaner/DerivedData/Build/Products/Release-iphoneos -F /Applications/Xcode_26.6.app/Contents/Developer/Platforms/iPhoneOS.platform/Developer/Library/Frameworks -F /Applications/Xcode_26.6.app/Contents/Developer/Platforms/iPhoneOS.platform/Developer/SDKs/iPhoneOS26.5.sdk/Developer/Library/Frameworks -c -num-threads 3 -Xcc -ivfsstatcache -Xcc /Users/runner/work/Tagesplaner/Tagesplaner/DerivedData/SDKStatCaches.noindex/iphoneos26.5-23F81a-688ef53f1462e2c8f657fdc38a81448fee66e23052a0157c865c76b268046726.sdkstatcache -output-file-map /Users/runner/work/Tagesplaner/Tagesplaner/DerivedData/Build/Intermediates.noindex/PlannerCore.build/Release-iphoneos/PlannerCore.build/Objects-normal/arm64/PlannerCore-OutputFileMap.json -use-frontend-parseable-output -save-temps -no-color-diagnostics -explicit-module-build -module-cache-path /Users/runner/work/Tagesplaner/Tagesplaner/DerivedData/Build/Intermediates.noindex/SwiftExplicitPrecompiledModules -clang-scanner-module-cache-path /Users/runner/work/Tagesplaner/Tagesplaner/DerivedData/ModuleCache.noindex -sdk-module-cache-path /Users/runner/work/Tagesplaner/Tagesplaner/DerivedData/ModuleCache.noindex -serialize-diagnostics -emit-dependencies -emit-module -emit-module-path /Users/runner/work/Tagesplaner/Tagesplaner/DerivedData/Build/Intermediates.noindex/PlannerCore.build/Release-iphoneos/PlannerCore.build/Objects-normal/arm64/PlannerCore.swiftmodule -validate-clang-modules-once -clang-build-session-file /Users/runner/work/Tagesplaner/Tagesplaner/DerivedData/ModuleCache.noindex/Session.modulevalidation -package-name plannercore -Xcc -I/Users/runner/work/Tagesplaner/Tagesplaner/DerivedData/Build/Intermediates.noindex/PlannerCore.build/Release-iphoneos/PlannerCore.build/swift-overrides.hmap -emit-const-values -Xfrontend -const-gather-protocols-file -Xfrontend /Users/runner/work/Tagesplaner/Tagesplaner/DerivedData/Build/Intermediates.noindex/PlannerCore.build/Release-iphoneos/PlannerCore.build/Objects-normal/arm64/PlannerCore_const_extract_protocols.json -Xcc -I/Users/runner/work/Tagesplaner/Tagesplaner/DerivedData/Build/Products/Release-iphoneos/include -Xcc -I/Users/runner/work/Tagesplaner/Tagesplaner/DerivedData/Build/Intermediates.noindex/PlannerCore.build/Release-iphoneos/PlannerCore.build/DerivedSources-normal/arm64 -Xcc -I/Users/runner/work/Tagesplaner/Tagesplaner/DerivedData/Build/Intermediates.noindex/PlannerCore.build/Release-iphoneos/PlannerCore.build/DerivedSources/arm64 -Xcc -I/Users/runner/work/Tagesplaner/Tagesplaner/DerivedData/Build/Intermediates.noindex/PlannerCore.build/Release-iphoneos/PlannerCore.build/DerivedSources -Xcc -DSWIFT_PACKAGE -emit-objc-header -emit-objc-header-path /Users/runner/work/Tagesplaner/Tagesplaner/DerivedData/Build/Intermediates.noindex/PlannerCore.build/Release-iphoneos/PlannerCore.build/Objects-normal/arm64/PlannerCore-Swift.h -working-directory /Users/runner/work/Tagesplaner/Tagesplaner/Tagesplaner.xcodeproj -no-emit-module-separately-wmo

SwiftDriver\ Compilation PlannerCore normal arm64 com.apple.xcode.tools.swift.compiler (in target 'PlannerCore' from project 'PlannerCore')
    cd /Users/runner/work/Tagesplaner/Tagesplaner/Tagesplaner.xcodeproj
    builtin-Swift-Compilation -- /Applications/Xcode_26.6.app/Contents/Developer/Toolchains/XcodeDefault.xctoolchain/usr/bin/swiftc -module-name PlannerCore -O -whole-module-optimization @/Users/runner/work/Tagesplaner/Tagesplaner/DerivedData/Build/Intermediates.noindex/PlannerCore.build/Release-iphoneos/PlannerCore.build/Objects-normal/arm64/PlannerCore.SwiftFileList -DSWIFT_PACKAGE -DSWIFT_MODULE_RESOURCE_BUNDLE_UNAVAILABLE -DXcode -plugin-path /Applications/Xcode_26.6.app/Contents/Developer/Toolchains/XcodeDefault.xctoolchain/usr/lib/swift/host/plugins/testing -enable-experimental-feature DebugDescriptionMacro -sdk /Applications/Xcode_26.6.app/Contents/Developer/Platforms/iPhoneOS.platform/Developer/SDKs/iPhoneOS26.5.sdk -target arm64-apple-ios17.0 -g -module-cache-path /Users/runner/work/Tagesplaner/Tagesplaner/DerivedData/ModuleCache.noindex -Xfrontend -serialize-debugging-options -swift-version 5 -I /Users/runner/work/Tagesplaner/Tagesplaner/DerivedData/Build/Products/Release-iphoneos -Isystem /Applications/Xcode_26.6.app/Contents/Developer/Platforms/iPhoneOS.platform/Developer/usr/lib -F /Users/runner/work/Tagesplaner/Tagesplaner/DerivedData/Build/Products/Release-iphoneos -F /Applications/Xcode_26.6.app/Contents/Developer/Platforms/iPhoneOS.platform/Developer/Library/Frameworks -F /Applications/Xcode_26.6.app/Contents/Developer/Platforms/iPhoneOS.platform/Developer/SDKs/iPhoneOS26.5.sdk/Developer/Library/Frameworks -c -num-threads 3 -Xcc -ivfsstatcache -Xcc /Users/runner/work/Tagesplaner/Tagesplaner/DerivedData/SDKStatCaches.noindex/iphoneos26.5-23F81a-688ef53f1462e2c8f657fdc38a81448fee66e23052a0157c865c76b268046726.sdkstatcache -output-file-map /Users/runner/work/Tagesplaner/Tagesplaner/DerivedData/Build/Intermediates.noindex/PlannerCore.build/Release-iphoneos/PlannerCore.build/Objects-normal/arm64/PlannerCore-OutputFileMap.json -use-frontend-parseable-output -save-temps -no-color-diagnostics -explicit-module-build -module-cache-path /Users/runner/work/Tagesplaner/Tagesplaner/DerivedData/Build/Intermediates.noindex/SwiftExplicitPrecompiledModules -clang-scanner-module-cache-path /Users/runner/work/Tagesplaner/Tagesplaner/DerivedData/ModuleCache.noindex -sdk-module-cache-path /Users/runner/work/Tagesplaner/Tagesplaner/DerivedData/ModuleCache.noindex -serialize-diagnostics -emit-dependencies -emit-module -emit-module-path /Users/runner/work/Tagesplaner/Tagesplaner/DerivedData/Build/Intermediates.noindex/PlannerCore.build/Release-iphoneos/PlannerCore.build/Objects-normal/arm64/PlannerCore.swiftmodule -validate-clang-modules-once -clang-build-session-file /Users/runner/work/Tagesplaner/Tagesplaner/DerivedData/ModuleCache.noindex/Session.modulevalidation -package-name plannercore -Xcc -I/Users/runner/work/Tagesplaner/Tagesplaner/DerivedData/Build/Intermediates.noindex/PlannerCore.build/Release-iphoneos/PlannerCore.build/swift-overrides.hmap -emit-const-values -Xfrontend -const-gather-protocols-file -Xfrontend /Users/runner/work/Tagesplaner/Tagesplaner/DerivedData/Build/Intermediates.noindex/PlannerCore.build/Release-iphoneos/PlannerCore.build/Objects-normal/arm64/PlannerCore_const_extract_protocols.json -Xcc -I/Users/runner/work/Tagesplaner/Tagesplaner/DerivedData/Build/Products/Release-iphoneos/include -Xcc -I/Users/runner/work/Tagesplaner/Tagesplaner/DerivedData/Build/Intermediates.noindex/PlannerCore.build/Release-iphoneos/PlannerCore.build/DerivedSources-normal/arm64 -Xcc -I/Users/runner/work/Tagesplaner/Tagesplaner/DerivedData/Build/Intermediates.noindex/PlannerCore.build/Release-iphoneos/PlannerCore.build/DerivedSources/arm64 -Xcc -I/Users/runner/work/Tagesplaner/Tagesplaner/DerivedData/Build/Intermediates.noindex/PlannerCore.build/Release-iphoneos/PlannerCore.build/DerivedSources -Xcc -DSWIFT_PACKAGE -emit-objc-header -emit-objc-header-path /Users/runner/work/Tagesplaner/Tagesplaner/DerivedData/Build/Intermediates.noindex/PlannerCore.build/Release-iphoneos/PlannerCore.build/Objects-normal/arm64/PlannerCore-Swift.h -working-directory /Users/runner/work/Tagesplaner/Tagesplaner/Tagesplaner.xcodeproj -no-emit-module-separately-wmo

SwiftExplicitDependencyGeneratePcm arm64 /Users/runner/work/Tagesplaner/Tagesplaner/DerivedData/ModuleCache.noindex/_Builtin_float-DS8DRU2005BG07AUG0F44582Y.pcm

SwiftExplicitDependencyGeneratePcm arm64 /Users/runner/work/Tagesplaner/Tagesplaner/DerivedData/ModuleCache.noindex/_Builtin_stddef-8T80ZYE14PYF64KY6ND2NTVXH.pcm

SwiftExplicitDependencyGeneratePcm arm64 /Users/runner/work/Tagesplaner/Tagesplaner/DerivedData/ModuleCache.noindex/_AvailabilityInternal-1XFO0JMGL6ZLEJKKTBUSG143L.pcm

SwiftExplicitDependencyGeneratePcm arm64 /Users/runner/work/Tagesplaner/Tagesplaner/DerivedData/ModuleCache.noindex/ptrcheck-3BQUF48VWAKFXMDQF4X06DHZJ.pcm

SwiftExplicitDependencyGeneratePcm arm64 /Users/runner/work/Tagesplaner/Tagesplaner/DerivedData/ModuleCache.noindex/_Builtin_stdbool-9VX905X1BYQCJ6FVBFIVDQ5OC.pcm

SwiftExplicitDependencyGeneratePcm arm64 /Users/runner/work/Tagesplaner/Tagesplaner/DerivedData/ModuleCache.noindex/ptrauth-6V7QE6ZN63IUAAEJ1H89KAXFV.pcm

SwiftExplicitDependencyGeneratePcm arm64 /Users/runner/work/Tagesplaner/Tagesplaner/DerivedData/ModuleCache.noindex/_DarwinFoundation1-D3Z1SMLB8J3EKSPNJWL66JT2J.pcm

SwiftExplicitDependencyGeneratePcm arm64 /Users/runner/work/Tagesplaner/Tagesplaner/DerivedData/ModuleCache.noindex/SwiftShims-36C1MO346T4MF04X67S5CZI1P.pcm

SwiftExplicitDependencyGeneratePcm arm64 /Users/runner/work/Tagesplaner/Tagesplaner/DerivedData/ModuleCache.noindex/_Builtin_stdarg-3V8O6IPHVUSODRJBTWSUEMCOD.pcm

SwiftExplicitDependencyGeneratePcm arm64 /Users/runner/work/Tagesplaner/Tagesplaner/DerivedData/ModuleCache.noindex/_Builtin_limits-CRLSVPL1P7J1M8XQM65QW7SS6.pcm

SwiftExplicitDependencyGeneratePcm arm64 /Users/runner/work/Tagesplaner/Tagesplaner/DerivedData/ModuleCache.noindex/_SwiftConcurrencyShims-E3BX0SKJSH833QESMI6SM1TVJ.pcm

SwiftExplicitDependencyGeneratePcm arm64 /Users/runner/work/Tagesplaner/Tagesplaner/DerivedData/ModuleCache.noindex/_DarwinFoundation2-209T9W1LL95CRE1TQHZA071N6.pcm

SwiftExplicitDependencyGeneratePcm arm64 /Users/runner/work/Tagesplaner/Tagesplaner/DerivedData/ModuleCache.noindex/_Builtin_stdint-HZ49L2ETEJ6339AGTV7PALTY.pcm

SwiftExplicitDependencyGeneratePcm arm64 /Users/runner/work/Tagesplaner/Tagesplaner/DerivedData/ModuleCache.noindex/sys_types-223Y0H8BGQ4BVAPXYR0PQ6SFN.pcm

SwiftExplicitDependencyGeneratePcm arm64 /Users/runner/work/Tagesplaner/Tagesplaner/DerivedData/ModuleCache.noindex/_DarwinFoundation3-A8MZ3BT0HCA0IYZLPKCSYJI5.pcm

SwiftExplicitDependencyGeneratePcm arm64 /Users/runner/work/Tagesplaner/Tagesplaner/DerivedData/ModuleCache.noindex/_Builtin_inttypes-568VT65ZGKCJTS2X9MEESFXBQ.pcm

SwiftExplicitDependencyGeneratePcm arm64 /Users/runner/work/Tagesplaner/Tagesplaner/DerivedData/ModuleCache.noindex/Darwin-3KU5QFHQ39AWZJ5LEIOFOZ7HC.pcm

SwiftDriver\ Compilation TagesplanerWidgets normal arm64 com.apple.xcode.tools.swift.compiler (in target 'TagesplanerWidgets' from project 'Tagesplaner')
    cd /Users/runner/work/Tagesplaner/Tagesplaner
    builtin-Swift-Compilation -- /Applications/Xcode_26.6.app/Contents/Developer/Toolchains/XcodeDefault.xctoolchain/usr/bin/swiftc -module-name TagesplanerWidgets -O -whole-module-optimization @/Users/runner/work/Tagesplaner/Tagesplaner/DerivedData/Build/Intermediates.noindex/Tagesplaner.build/Release-iphoneos/TagesplanerWidgets.build/Objects-normal/arm64/TagesplanerWidgets.SwiftFileList -enable-bare-slash-regex -enable-experimental-feature DebugDescriptionMacro -sdk /Applications/Xcode_26.6.app/Contents/Developer/Platforms/iPhoneOS.platform/Developer/SDKs/iPhoneOS26.5.sdk -target arm64-apple-ios17.0 -g -module-cache-path /Users/runner/work/Tagesplaner/Tagesplaner/DerivedData/ModuleCache.noindex -Xfrontend -serialize-debugging-options -application-extension -swift-version 5 -I /Users/runner/work/Tagesplaner/Tagesplaner/DerivedData/Build/Products/Release-iphoneos -F /Users/runner/work/Tagesplaner/Tagesplaner/DerivedData/Build/Products/Release-iphoneos -c -num-threads 3 -Xcc -ivfsstatcache -Xcc /Users/runner/work/Tagesplaner/Tagesplaner/DerivedData/SDKStatCaches.noindex/iphoneos26.5-23F81a-688ef53f1462e2c8f657fdc38a81448fee66e23052a0157c865c76b268046726.sdkstatcache -output-file-map /Users/runner/work/Tagesplaner/Tagesplaner/DerivedData/Build/Intermediates.noindex/Tagesplaner.build/Release-iphoneos/TagesplanerWidgets.build/Objects-normal/arm64/TagesplanerWidgets-OutputFileMap.json -use-frontend-parseable-output -save-temps -no-color-diagnostics -explicit-module-build -module-cache-path /Users/runner/work/Tagesplaner/Tagesplaner/DerivedData/Build/Intermediates.noindex/SwiftExplicitPrecompiledModules -clang-scanner-module-cache-path /Users/runner/work/Tagesplaner/Tagesplaner/DerivedData/ModuleCache.noindex -sdk-module-cache-path /Users/runner/work/Tagesplaner/Tagesplaner/DerivedData/ModuleCache.noindex -serialize-diagnostics -emit-dependencies -emit-module -emit-module-path /Users/runner/work/Tagesplaner/Tagesplaner/DerivedData/Build/Intermediates.noindex/Tagesplaner.build/Release-iphoneos/TagesplanerWidgets.build/Objects-normal/arm64/TagesplanerWidgets.swiftmodule -validate-clang-modules-once -clang-build-session-file /Users/runner/work/Tagesplaner/Tagesplaner/DerivedData/ModuleCache.noindex/Session.modulevalidation -Xcc -I/Users/runner/work/Tagesplaner/Tagesplaner/DerivedData/Build/Intermediates.noindex/Tagesplaner.build/Release-iphoneos/TagesplanerWidgets.build/swift-overrides.hmap -emit-const-values -Xfrontend -const-gather-protocols-file -Xfrontend /Users/runner/work/Tagesplaner/Tagesplaner/DerivedData/Build/Intermediates.noindex/Tagesplaner.build/Release-iphoneos/TagesplanerWidgets.build/Objects-normal/arm64/TagesplanerWidgets_const_extract_protocols.json -Xcc -iquote -Xcc /Users/runner/work/Tagesplaner/Tagesplaner/DerivedData/Build/Intermediates.noindex/Tagesplaner.build/Release-iphoneos/TagesplanerWidgets.build/TagesplanerWidgets-generated-files.hmap -Xcc -I/Users/runner/work/Tagesplaner/Tagesplaner/DerivedData/Build/Intermediates.noindex/Tagesplaner.build/Release-iphoneos/TagesplanerWidgets.build/TagesplanerWidgets-own-target-headers.hmap -Xcc -I/Users/runner/work/Tagesplaner/Tagesplaner/DerivedData/Build/Intermediates.noindex/Tagesplaner.build/Release-iphoneos/TagesplanerWidgets.build/TagesplanerWidgets-all-non-framework-target-headers.hmap -Xcc -ivfsoverlay -Xcc /Users/runner/work/Tagesplaner/Tagesplaner/DerivedData/Build/Intermediates.noindex/Tagesplaner.build/Release-iphoneos/Tagesplaner-06596a4c0479a151a4276fb9806ef9b8-VFS-iphoneos/all-product-headers.yaml -Xcc -iquote -Xcc /Users/runner/work/Tagesplaner/Tagesplaner/DerivedData/Build/Intermediates.noindex/Tagesplaner.build/Release-iphoneos/TagesplanerWidgets.build/TagesplanerWidgets-project-headers.hmap -Xcc -I/Users/runner/work/Tagesplaner/Tagesplaner/DerivedData/Build/Products/Release-iphoneos/include -Xcc -I/Users/runner/work/Tagesplaner/Tagesplaner/DerivedData/Build/Intermediates.noindex/Tagesplaner.build/Release-iphoneos/TagesplanerWidgets.build/DerivedSources-normal/arm64 -Xcc -I/Users/runner/work/Tagesplaner/Tagesplaner/DerivedData/Build/Intermediates.noindex/Tagesplaner.build/Release-iphoneos/TagesplanerWidgets.build/DerivedSources/arm64 -Xcc -I/Users/runner/work/Tagesplaner/Tagesplaner/DerivedData/Build/Intermediates.noindex/Tagesplaner.build/Release-iphoneos/TagesplanerWidgets.build/DerivedSources -emit-objc-header -emit-objc-header-path /Users/runner/work/Tagesplaner/Tagesplaner/DerivedData/Build/Intermediates.noindex/Tagesplaner.build/Release-iphoneos/TagesplanerWidgets.build/Objects-normal/arm64/TagesplanerWidgets-Swift.h -working-directory /Users/runner/work/Tagesplaner/Tagesplaner -no-emit-module-separately-wmo

SwiftExplicitDependencyGeneratePcm arm64 /Users/runner/work/Tagesplaner/Tagesplaner/DerivedData/ModuleCache.noindex/ActivityKit-1EG5L50GSNE7LYC4E07V1DO08.pcm

SwiftExplicitDependencyGeneratePcm arm64 /Users/runner/work/Tagesplaner/Tagesplaner/DerivedData/ModuleCache.noindex/_Builtin_stdbool-AFIWHZDTDCPQ981P7JVEPTR2B.pcm

SwiftExplicitDependencyGeneratePcm arm64 /Users/runner/work/Tagesplaner/Tagesplaner/DerivedData/ModuleCache.noindex/_Builtin_stdarg-BV27M9Z0C1FHTTX01VNDZLDH6.pcm

SwiftExplicitDependencyGeneratePcm arm64 /Users/runner/work/Tagesplaner/Tagesplaner/DerivedData/ModuleCache.noindex/_SwiftConcurrencyShims-AGWEXCG8E6JIC2F0I2BHF9PVG.pcm

SwiftExplicitDependencyGeneratePcm arm64 /Users/runner/work/Tagesplaner/Tagesplaner/DerivedData/ModuleCache.noindex/ptrcheck-2NENVAC0XT9CY65L0ED4IWM3T.pcm

SwiftExplicitDependencyGeneratePcm arm64 /Users/runner/work/Tagesplaner/Tagesplaner/DerivedData/ModuleCache.noindex/_AvailabilityInternal-CTDR3W0HB1QP9HHQ0X5KOL1P6.pcm

SwiftExplicitDependencyGeneratePcm arm64 /Users/runner/work/Tagesplaner/Tagesplaner/DerivedData/ModuleCache.noindex/DeveloperToolsSupport-5PKY55QD5HG7WIB4SXUEEW684.pcm

SwiftExplicitDependencyGeneratePcm arm64 /Users/runner/work/Tagesplaner/Tagesplaner/DerivedData/ModuleCache.noindex/_Builtin_float-CWTQUZ95O5O6SQRBNFUPYJD68.pcm

SwiftExplicitDependencyGeneratePcm arm64 /Users/runner/work/Tagesplaner/Tagesplaner/DerivedData/ModuleCache.noindex/_DarwinFoundation1-59FWZBJGITQ3WPVBY95N9H1FP.pcm

SwiftExplicitDependencyGeneratePcm arm64 /Users/runner/work/Tagesplaner/Tagesplaner/DerivedData/ModuleCache.noindex/ptrauth-B01XNBGRR63BIH99J43K66CV4.pcm

SwiftExplicitDependencyGeneratePcm arm64 /Users/runner/work/Tagesplaner/Tagesplaner/DerivedData/ModuleCache.noindex/_Builtin_stddef-55PZ2JZY2QERFQGD318ITQIJA.pcm

SwiftExplicitDependencyGeneratePcm arm64 /Users/runner/work/Tagesplaner/Tagesplaner/DerivedData/ModuleCache.noindex/SwiftShims-6KSXZBTVC48NEIZCJ4UYX1EWF.pcm

SwiftExplicitDependencyGeneratePcm arm64 /Users/runner/work/Tagesplaner/Tagesplaner/DerivedData/ModuleCache.noindex/ExtensionFoundation-AKDZGY2Q1SNSVADE2MCC8081P.pcm

SwiftExplicitDependencyGeneratePcm arm64 /Users/runner/work/Tagesplaner/Tagesplaner/DerivedData/ModuleCache.noindex/ObjectiveC-7IXNB4QO1N3IWY0Y7DG9FB446.pcm

SwiftExplicitDependencyGeneratePcm arm64 /Users/runner/work/Tagesplaner/Tagesplaner/DerivedData/ModuleCache.noindex/_Builtin_limits-9ZIK8BO7SG6LYQMO06VE7MJHY.pcm

SwiftExplicitDependencyGeneratePcm arm64 /Users/runner/work/Tagesplaner/Tagesplaner/DerivedData/ModuleCache.noindex/_DarwinFoundation2-4S7RQJK7ZTN44CYAOP1VOP3IS.pcm

SwiftExplicitDependencyGeneratePcm arm64 /Users/runner/work/Tagesplaner/Tagesplaner/DerivedData/ModuleCache.noindex/os_object-DMTSWQS38UCSC8G8U11R660B7.pcm

SwiftExplicitDependencyGeneratePcm arm64 /Users/runner/work/Tagesplaner/Tagesplaner/DerivedData/ModuleCache.noindex/os_workgroup-DOMC6L8NM4EWO4NYA1SMOADMP.pcm

SwiftExplicitDependencyGeneratePcm arm64 /Users/runner/work/Tagesplaner/Tagesplaner/DerivedData/ModuleCache.noindex/_Builtin_stdint-51LLOH8PEDLQ606FI0147MXTF.pcm

SwiftExplicitDependencyGeneratePcm arm64 /Users/runner/work/Tagesplaner/Tagesplaner/DerivedData/ModuleCache.noindex/_Builtin_tgmath-9KUQXT92K46GU8A83U80GNK7W.pcm

SwiftExplicitDependencyGeneratePcm arm64 /Users/runner/work/Tagesplaner/Tagesplaner/DerivedData/ModuleCache.noindex/sys_types-BPKC6YOTEAU95RA3YHU1WMULY.pcm

SwiftExplicitDependencyGeneratePcm arm64 /Users/runner/work/Tagesplaner/Tagesplaner/DerivedData/ModuleCache.noindex/_Builtin_stdatomic-5XM4P862OLIM0JHYJUS5YXMGQ.pcm

SwiftExplicitDependencyGeneratePcm arm64 /Users/runner/work/Tagesplaner/Tagesplaner/DerivedData/ModuleCache.noindex/_DarwinFoundation3-5KO3HF96EAYQ9XB396ZZTXW9U.pcm

SwiftExplicitDependencyGeneratePcm arm64 /Users/runner/work/Tagesplaner/Tagesplaner/DerivedData/ModuleCache.noindex/_Builtin_intrinsics-35KL9X1ENEL0GWIRKFPWDBMHF.pcm

SwiftExplicitDependencyGeneratePcm arm64 /Users/runner/work/Tagesplaner/Tagesplaner/DerivedData/ModuleCache.noindex/Dispatch-AXEV77JWK3N8KJOT7Q0DYWCKY.pcm

SwiftExplicitDependencyGeneratePcm arm64 /Users/runner/work/Tagesplaner/Tagesplaner/DerivedData/ModuleCache.noindex/_Builtin_inttypes-B3EF6AVAUB3BN2RCYMA1PM4P9.pcm

SwiftExplicitDependencyGeneratePcm arm64 /Users/runner/work/Tagesplaner/Tagesplaner/DerivedData/ModuleCache.noindex/XPC-BWCS2O3J62Z8WQL0M4V0AY46K.pcm

SwiftExplicitDependencyGeneratePcm arm64 /Users/runner/work/Tagesplaner/Tagesplaner/DerivedData/ModuleCache.noindex/CoreFoundation-P2UOXU7VWGG1Y57TLSYLHMK4.pcm

SwiftExplicitDependencyGeneratePcm arm64 /Users/runner/work/Tagesplaner/Tagesplaner/DerivedData/ModuleCache.noindex/Darwin-ACAA5D67I1S2ZPTLYKYJXYR5C.pcm

SwiftExplicitDependencyGeneratePcm arm64 /Users/runner/work/Tagesplaner/Tagesplaner/DerivedData/ModuleCache.noindex/CFNetwork-9H377D7ITU4QSDN8YILA58UTY.pcm

SwiftExplicitDependencyGeneratePcm arm64 /Users/runner/work/Tagesplaner/Tagesplaner/DerivedData/ModuleCache.noindex/Security-10823XKGJO1VHZBPOV4MC85FT.pcm

SwiftExplicitDependencyGeneratePcm arm64 /Users/runner/work/Tagesplaner/Tagesplaner/DerivedData/ModuleCache.noindex/simd-96YW5H3BZTSXEOYN64UDZWEJO.pcm

SwiftExplicitDependencyGeneratePcm arm64 /Users/runner/work/Tagesplaner/Tagesplaner/DerivedData/ModuleCache.noindex/Foundation-D756TFGMNCFRBQ3H5JG0JURT4.pcm

SwiftExplicitDependencyGeneratePcm arm64 /Users/runner/work/Tagesplaner/Tagesplaner/DerivedData/ModuleCache.noindex/MachO-B4XMTBTSHZE6BFEXPF05SCGTR.pcm

SwiftExplicitDependencyGeneratePcm arm64 /Users/runner/work/Tagesplaner/Tagesplaner/DerivedData/ModuleCache.noindex/ObjectiveC-4OJA2YWKBHUJOM96AC5E4MDCI.pcm

SwiftCompile normal arm64 Compiling\ Analysis.swift,\ Availability.swift,\ NaturalLanguageParser.swift,\ PlanningModels.swift,\ Scheduler.swift,\ TimeMath.swift /Users/runner/work/Tagesplaner/Tagesplaner/Packages/PlannerCore/Sources/PlannerCore/Analysis.swift /Users/runner/work/Tagesplaner/Tagesplaner/Packages/PlannerCore/Sources/PlannerCore/Availability.swift /Users/runner/work/Tagesplaner/Tagesplaner/Packages/PlannerCore/Sources/PlannerCore/NaturalLanguageParser.swift /Users/runner/work/Tagesplaner/Tagesplaner/Packages/PlannerCore/Sources/PlannerCore/PlanningModels.swift /Users/runner/work/Tagesplaner/Tagesplaner/Packages/PlannerCore/Sources/PlannerCore/Scheduler.swift /Users/runner/work/Tagesplaner/Tagesplaner/Packages/PlannerCore/Sources/PlannerCore/TimeMath.swift /Applications/Xcode_26.6.app/Contents/Developer/Toolchains/XcodeDefault.xctoolchain/usr/lib/swift/iphoneos/prebuilt-modules/26.5/System.swiftmodule/arm64e-apple-ios.swiftmodule /Applications/Xcode_26.6.app/Contents/Developer/Toolchains/XcodeDefault.xctoolchain/usr/lib/swift/iphoneos/prebuilt-modules/26.5/_Builtin_float.swiftmodule/arm64e-apple-ios.swiftmodule /Applications/Xcode_26.6.app/Contents/Developer/Toolchains/XcodeDefault.xctoolchain/usr/lib/swift/iphoneos/prebuilt-modules/26.5/_DarwinFoundation3.swiftmodule/arm64e-apple-ios.swiftmodule /Applications/Xcode_26.6.app/Contents/Developer/Toolchains/XcodeDefault.xctoolchain/usr/lib/swift/iphoneos/prebuilt-modules/26.5/_DarwinFoundation2.swiftmodule/arm64e-apple-ios.swiftmodule /Applications/Xcode_26.6.app/Contents/Developer/Toolchains/XcodeDefault.xctoolchain/usr/lib/swift/iphoneos/prebuilt-modules/26.5/ObjectiveC.swiftmodule/arm64e-apple-ios.swiftmodule /Applications/Xcode_26.6.app/Contents/Developer/Toolchains/XcodeDefault.xctoolchain/usr/lib/swift/iphoneos/prebuilt-modules/26.5/Foundation.swiftmodule/arm64e-apple-ios.swiftmodule /Applications/Xcode_26.6.app/Contents/Developer/Toolchains/XcodeDefault.xctoolchain/usr/lib/swift/iphoneos/prebuilt-modules/26.5/XPC.swiftmodule/arm64e-apple-ios.swiftmodule /Applications/Xcode_26.6.app/Contents/Developer/Toolchains/XcodeDefault.xctoolchain/usr/lib/swift/iphoneos/prebuilt-modules/26.5/CoreFoundation.swiftmodule/arm64e-apple-ios.swiftmodule /Applications/Xcode_26.6.app/Contents/Developer/Toolchains/XcodeDefault.xctoolchain/usr/lib/swift/iphoneos/prebuilt-modules/26.5/Swift.swiftmodule/arm64e-apple-ios.swiftmodule /Applications/Xcode_26.6.app/Contents/Developer/Toolchains/XcodeDefault.xctoolchain/usr/lib/swift/iphoneos/prebuilt-modules/26.5/Dispatch.swiftmodule/arm64e-apple-ios.swiftmodule /Applications/Xcode_26.6.app/Contents/Developer/Toolchains/XcodeDefault.xctoolchain/usr/lib/swift/iphoneos/prebuilt-modules/26.5/Observation.swiftmodule/arm64e-apple-ios.swiftmodule /Applications/Xcode_26.6.app/Contents/Developer/Toolchains/XcodeDefault.xctoolchain/usr/lib/swift/iphoneos/prebuilt-modules/26.5/_Concurrency.swiftmodule/arm64e-apple-ios.swiftmodule /Applications/Xcode_26.6.app/Contents/Developer/Toolchains/XcodeDefault.xctoolchain/usr/lib/swift/iphoneos/prebuilt-modules/26.5/Darwin.swiftmodule/arm64e-apple-ios.swiftmodule /Applications/Xcode_26.6.app/Contents/Developer/Toolchains/XcodeDefault.xctoolchain/usr/lib/swift/iphoneos/prebuilt-modules/26.5/_StringProcessing.swiftmodule/arm64e-apple-ios.swiftmodule /Applications/Xcode_26.6.app/Contents/Developer/Toolchains/XcodeDefault.xctoolchain/usr/lib/swift/iphoneos/prebuilt-modules/26.5/_DarwinFoundation1.swiftmodule/arm64e-apple-ios.swiftmodule /Applications/Xcode_26.6.app/Contents/Developer/Toolchains/XcodeDefault.xctoolchain/usr/lib/swift/iphoneos/prebuilt-modules/26.5/Combine.swiftmodule/arm64e-apple-ios.swiftmodule /Users/runner/work/Tagesplaner/Tagesplaner/DerivedData/ModuleCache.noindex/_Builtin_stdbool-9VX905X1BYQCJ6FVBFIVDQ5OC.pcm /Users/runner/work/Tagesplaner/Tagesplaner/DerivedData/ModuleCache.noindex/SwiftShims-36C1MO346T4MF04X67S5CZI1P.pcm /Users/runner/work/Tagesplaner/Tagesplaner/DerivedData/ModuleCache.noindex/_Builtin_float-DS8DRU2005BG07AUG0F44582Y.pcm /Users/runner/work/Tagesplaner/Tagesplaner/DerivedData/ModuleCache.noindex/sys_types-223Y0H8BGQ4BVAPXYR0PQ6SFN.pcm /Users/runner/work/Tagesplaner/Tagesplaner/DerivedData/ModuleCache.noindex/ptrcheck-3BQUF48VWAKFXMDQF4X06DHZJ.pcm /Users/runner/work/Tagesplaner/Tagesplaner/DerivedData/ModuleCache.noindex/os_workgroup-DOMC6L8NM4EWO4NYA1SMOADMP.pcm /Users/runner/work/Tagesplaner/Tagesplaner/DerivedData/ModuleCache.noindex/_DarwinFoundation1-D3Z1SMLB8J3EKSPNJWL66JT2J.pcm /Users/runner/work/Tagesplaner/Tagesplaner/DerivedData/ModuleCache.noindex/Dispatch-AXEV77JWK3N8KJOT7Q0DYWCKY.pcm /Users/runner/work/Tagesplaner/Tagesplaner/DerivedData/ModuleCache.noindex/ObjectiveC-7IXNB4QO1N3IWY0Y7DG9FB446.pcm /Users/runner/work/Tagesplaner/Tagesplaner/DerivedData/ModuleCache.noindex/_Builtin_inttypes-568VT65ZGKCJTS2X9MEESFXBQ.pcm /Users/runner/work/Tagesplaner/Tagesplaner/DerivedData/ModuleCache.noindex/CoreFoundation-P2UOXU7VWGG1Y57TLSYLHMK4.pcm /Users/runner/work/Tagesplaner/Tagesplaner/DerivedData/ModuleCache.noindex/CFNetwork-9H377D7ITU4QSDN8YILA58UTY.pcm /Users/runner/work/Tagesplaner/Tagesplaner/DerivedData/ModuleCache.noindex/_Builtin_stdint-HZ49L2ETEJ6339AGTV7PALTY.pcm /Users/runner/work/Tagesplaner/Tagesplaner/DerivedData/ModuleCache.noindex/Darwin-3KU5QFHQ39AWZJ5LEIOFOZ7HC.pcm /Users/runner/work/Tagesplaner/Tagesplaner/DerivedData/ModuleCache.noindex/os_object-DMTSWQS38UCSC8G8U11R660B7.pcm /Users/runner/work/Tagesplaner/Tagesplaner/DerivedData/ModuleCache.noindex/_Builtin_limits-CRLSVPL1P7J1M8XQM65QW7SS6.pcm /Users/runner/work/Tagesplaner/Tagesplaner/DerivedData/ModuleCache.noindex/Security-10823XKGJO1VHZBPOV4MC85FT.pcm /Users/runner/work/Tagesplaner/Tagesplaner/DerivedData/ModuleCache.noindex/Foundation-D756TFGMNCFRBQ3H5JG0JURT4.pcm /Users/runner/work/Tagesplaner/Tagesplaner/DerivedData/ModuleCache.noindex/XPC-BWCS2O3J62Z8WQL0M4V0AY46K.pcm /Users/runner/work/Tagesplaner/Tagesplaner/DerivedData/ModuleCache.noindex/_SwiftConcurrencyShims-E3BX0SKJSH833QESMI6SM1TVJ.pcm /Users/runner/work/Tagesplaner/Tagesplaner/DerivedData/ModuleCache.noindex/ptrauth-6V7QE6ZN63IUAAEJ1H89KAXFV.pcm /Users/runner/work/Tagesplaner/Tagesplaner/DerivedData/ModuleCache.noindex/_DarwinFoundation3-A8MZ3BT0HCA0IYZLPKCSYJI5.pcm /Users/runner/work/Tagesplaner/Tagesplaner/DerivedData/ModuleCache.noindex/_AvailabilityInternal-1XFO0JMGL6ZLEJKKTBUSG143L.pcm /Users/runner/work/Tagesplaner/Tagesplaner/DerivedData/ModuleCache.noindex/_DarwinFoundation2-209T9W1LL95CRE1TQHZA071N6.pcm /Users/runner/work/Tagesplaner/Tagesplaner/DerivedData/ModuleCache.noindex/_Builtin_stddef-8T80ZYE14PYF64KY6ND2NTVXH.pcm /Users/runner/work/Tagesplaner/Tagesplaner/DerivedData/ModuleCache.noindex/_Builtin_stdarg-3V8O6IPHVUSODRJBTWSUEMCOD.pcm /Users/runner/work/Tagesplaner/Tagesplaner/DerivedData/Build/Intermediates.noindex/PlannerCore.build/Release-iphoneos/PlannerCore.build/Objects-normal/arm64/PlannerCore-dependencies-1.json (in target 'PlannerCore' from project 'PlannerCore')
CompileSwift normal arm64 (in target 'PlannerCore' from project 'PlannerCore')
    cd /Users/runner/work/Tagesplaner/Tagesplaner/Tagesplaner.xcodeproj
    

SwiftExplicitDependencyGeneratePcm arm64 /Users/runner/work/Tagesplaner/Tagesplaner/DerivedData/ModuleCache.noindex/os_object-73I4YA1X0IRK16E8VZ4TKTBPC.pcm

SwiftExplicitDependencyGeneratePcm arm64 /Users/runner/work/Tagesplaner/Tagesplaner/DerivedData/ModuleCache.noindex/os_workgroup-49ZG8OZ0KVXNC316TKROVCY75.pcm

SwiftExplicitDependencyGeneratePcm arm64 /Users/runner/work/Tagesplaner/Tagesplaner/DerivedData/ModuleCache.noindex/Dispatch-2AYMDF74770WR6J59011C4JK8.pcm

SwiftExplicitDependencyGeneratePcm arm64 /Users/runner/work/Tagesplaner/Tagesplaner/DerivedData/ModuleCache.noindex/Spatial-6R6WKY334B6MXT9HBUVZF65Z8.pcm

SwiftExplicitDependencyGeneratePcm arm64 /Users/runner/work/Tagesplaner/Tagesplaner/DerivedData/ModuleCache.noindex/dnssd-24J5C0RVFRNE0TE3UV0MAPTQV.pcm

SwiftExplicitDependencyGeneratePcm arm64 /Users/runner/work/Tagesplaner/Tagesplaner/DerivedData/ModuleCache.noindex/CoreFoundation-69HIB3HQQLU9QR7YPSDU8WVW5.pcm

SwiftExplicitDependencyGeneratePcm arm64 /Users/runner/work/Tagesplaner/Tagesplaner/DerivedData/ModuleCache.noindex/XPC-F2VUVKQ1RR614J6CSI4NL3WYU.pcm

SwiftExplicitDependencyGeneratePcm arm64 /Users/runner/work/Tagesplaner/Tagesplaner/DerivedData/ModuleCache.noindex/Security-8EX9JX3YDQ0CWFY7YGGP8O98J.pcm

SwiftExplicitDependencyGeneratePcm arm64 /Users/runner/work/Tagesplaner/Tagesplaner/DerivedData/ModuleCache.noindex/CFNetwork-6OBOHIYOAD6GSSYL4JCOQVYIH.pcm

SwiftExplicitDependencyGeneratePcm arm64 /Users/runner/work/Tagesplaner/Tagesplaner/DerivedData/ModuleCache.noindex/os-7TE2S8GWHZLODEJ1BZ9DMXVMY.pcm

SwiftExplicitDependencyGeneratePcm arm64 /Users/runner/work/Tagesplaner/Tagesplaner/DerivedData/ModuleCache.noindex/CoreGraphics-CT14H2964WODZL3FREFT7UB59.pcm

SwiftExplicitDependencyGeneratePcm arm64 /Users/runner/work/Tagesplaner/Tagesplaner/DerivedData/ModuleCache.noindex/Foundation-C1CX62PZQ5JROQ7FDSHUAJRR4.pcm

SwiftExplicitDependencyGeneratePcm arm64 /Users/runner/work/Tagesplaner/Tagesplaner/DerivedData/ModuleCache.noindex/CoreText-1WZ8GLAEM2AJXG0127QEHSTR5.pcm

SwiftExplicitDependencyGeneratePcm arm64 /Users/runner/work/Tagesplaner/Tagesplaner/DerivedData/ModuleCache.noindex/ImageIO-DQMXSE7ZVOBCSINQRLLNXTBR3.pcm

SwiftExplicitDependencyGeneratePcm arm64 /Users/runner/work/Tagesplaner/Tagesplaner/DerivedData/ModuleCache.noindex/FileProvider-E38JY2SUW88LQT0UBDP3DGNS.pcm

SwiftExplicitDependencyGeneratePcm arm64 /Users/runner/work/Tagesplaner/Tagesplaner/DerivedData/ModuleCache.noindex/IOSurface-DY0JLC0NGYUEUF3H2B9JR6MJ6.pcm

SwiftExplicitDependencyGeneratePcm arm64 /Users/runner/work/Tagesplaner/Tagesplaner/DerivedData/ModuleCache.noindex/Accessibility-A5EZBFCM6TOP740FU3QJN2JVP.pcm

SwiftExplicitDependencyGeneratePcm arm64 /Users/runner/work/Tagesplaner/Tagesplaner/DerivedData/ModuleCache.noindex/Metal-2DXIF2FJIKR7Z2K82JU69G2LI.pcm

SwiftExplicitDependencyGeneratePcm arm64 /Users/runner/work/Tagesplaner/Tagesplaner/DerivedData/ModuleCache.noindex/CoreTransferable-2YPX3HPZV5AE3QRVI2ZUFR78Y.pcm

SwiftExplicitDependencyGeneratePcm arm64 /Users/runner/work/Tagesplaner/Tagesplaner/DerivedData/ModuleCache.noindex/UIUtilities-6W6NJKIY99NZEZGO7V6678UOQ.pcm

SwiftExplicitDependencyGeneratePcm arm64 /Users/runner/work/Tagesplaner/Tagesplaner/DerivedData/ModuleCache.noindex/UserNotifications-F09V9XZPHRN8H8YM0Q1RS2NUS.pcm

SwiftExplicitDependencyGeneratePcm arm64 /Users/runner/work/Tagesplaner/Tagesplaner/DerivedData/ModuleCache.noindex/WidgetKit-6K3G6KYK3FM9V2ZOLKF969CKL.pcm

SwiftExplicitDependencyGeneratePcm arm64 /Users/runner/work/Tagesplaner/Tagesplaner/DerivedData/ModuleCache.noindex/RelevanceKit-A9ZTW3EBZ3LDVWYI1C4P0Y5QH.pcm

SwiftExplicitDependencyGeneratePcm arm64 /Users/runner/work/Tagesplaner/Tagesplaner/DerivedData/ModuleCache.noindex/Symbols-3GZFIWIK52OL14P4J9JODJWCQ.pcm

SwiftExplicitDependencyGeneratePcm arm64 /Users/runner/work/Tagesplaner/Tagesplaner/DerivedData/ModuleCache.noindex/_LocationEssentials-5TIBRTDYECVDKH0QUKR5N53HN.pcm

SwiftExplicitDependencyGeneratePcm arm64 /Users/runner/work/Tagesplaner/Tagesplaner/DerivedData/ModuleCache.noindex/OpenGLES-9PT8A8WAXRTN4RYTV1BKH3XO3.pcm

SwiftExplicitDependencyGeneratePcm arm64 /Users/runner/work/Tagesplaner/Tagesplaner/DerivedData/ModuleCache.noindex/DataDetection-7F4AWKYU4YPRQANEC21CS91IS.pcm

SwiftExplicitDependencyGeneratePcm arm64 /Users/runner/work/Tagesplaner/Tagesplaner/DerivedData/ModuleCache.noindex/OSLog-34T4L5LYYPOGJ0GB0AD6O7W5Y.pcm

SwiftExplicitDependencyGeneratePcm arm64 /Users/runner/work/Tagesplaner/Tagesplaner/DerivedData/ModuleCache.noindex/UniformTypeIdentifiers-CZMVZ3V1F9ZW7XNB7V6X831HY.pcm

SwiftExplicitDependencyGeneratePcm arm64 /Users/runner/work/Tagesplaner/Tagesplaner/DerivedData/ModuleCache.noindex/CoreVideo-3FCJ3I02OXWSIX23A8V0L86H8.pcm

SwiftExplicitDependencyGeneratePcm arm64 /Users/runner/work/Tagesplaner/Tagesplaner/DerivedData/ModuleCache.noindex/CoreLocation-D2E9IVGLYIR9ABYB47D4DY7KF.pcm

SwiftExplicitDependencyGeneratePcm arm64 /Users/runner/work/Tagesplaner/Tagesplaner/DerivedData/ModuleCache.noindex/Network-B27PMAKMP773PY4HMITR5EL5U.pcm

SwiftExplicitDependencyGeneratePcm arm64 /Users/runner/work/Tagesplaner/Tagesplaner/DerivedData/ModuleCache.noindex/QuartzCore-C08Y0B7AFQ7WY2F98AR4J0GPD.pcm

SwiftExplicitDependencyGeneratePcm arm64 /Users/runner/work/Tagesplaner/Tagesplaner/DerivedData/ModuleCache.noindex/Intents-AM6WM814R300B8PUPQR4DIVZR.pcm

SwiftExplicitDependencyGeneratePcm arm64 /Users/runner/work/Tagesplaner/Tagesplaner/DerivedData/ModuleCache.noindex/CoreImage-WD7D5G0NUDBKUX88PR2R5UTR.pcm

SwiftExplicitDependencyGeneratePcm arm64 /Users/runner/work/Tagesplaner/Tagesplaner/DerivedData/ModuleCache.noindex/SwiftUICore-5E27D9GVRWJT92VGKSW4AB2DM.pcm

SwiftExplicitDependencyGeneratePcm arm64 /Users/runner/work/Tagesplaner/Tagesplaner/DerivedData/ModuleCache.noindex/UIKit-ANHSJIWKSLF3RN3ORX51C99H0.pcm

SwiftExplicitDependencyGeneratePcm arm64 /Users/runner/work/Tagesplaner/Tagesplaner/DerivedData/ModuleCache.noindex/CoreSpotlight-SX5G0CO1WZOIDDRZS6BONJ6.pcm

SwiftExplicitDependencyGeneratePcm arm64 /Users/runner/work/Tagesplaner/Tagesplaner/DerivedData/ModuleCache.noindex/CoreData-B5FCCQ508UNMEWM628BVDCM8I.pcm

SwiftExplicitDependencyGeneratePcm arm64 /Users/runner/work/Tagesplaner/Tagesplaner/DerivedData/ModuleCache.noindex/AppIntents-30OI5UM3QSJ3HTNHR75R9V72W.pcm

SwiftExplicitDependencyGeneratePcm arm64 /Users/runner/work/Tagesplaner/Tagesplaner/DerivedData/ModuleCache.noindex/SwiftUI-7PAWM7QB08COS7SNFSJ0NNGE2.pcm

SwiftCompile normal arm64 Compiling\ AppGroup.swift,\ DayActivityAttributes.swift,\ LiveActivityWidget.swift,\ PlanWidgets.swift,\ Theme.swift,\ WidgetBundle.swift,\ WidgetSnapshot.swift /Users/runner/work/Tagesplaner/Tagesplaner/Shared/AppGroup.swift /Users/runner/work/Tagesplaner/Tagesplaner/Shared/DayActivityAttributes.swift /Users/runner/work/Tagesplaner/Tagesplaner/Widgets/LiveActivityWidget.swift /Users/runner/work/Tagesplaner/Tagesplaner/Widgets/PlanWidgets.swift /Users/runner/work/Tagesplaner/Tagesplaner/Shared/Theme.swift /Users/runner/work/Tagesplaner/Tagesplaner/Widgets/WidgetBundle.swift /Users/runner/work/Tagesplaner/Tagesplaner/Shared/WidgetSnapshot.swift /Applications/Xcode_26.6.app/Contents/Developer/Toolchains/XcodeDefault.xctoolchain/usr/lib/swift/iphoneos/prebuilt-modules/26.5/LightweightCodeRequirements.swiftmodule/arm64e-apple-ios.swiftmodule /Applications/Xcode_26.6.app/Contents/Developer/Toolchains/XcodeDefault.xctoolchain/usr/lib/swift/iphoneos/prebuilt-modules/26.5/CoreSpotlight.swiftmodule/arm64e-apple-ios.swiftmodule /Applications/Xcode_26.6.app/Contents/Developer/Toolchains/XcodeDefault.xctoolchain/usr/lib/swift/iphoneos/prebuilt-modules/26.5/WidgetKit.swiftmodule/arm64e-apple-ios.swiftmodule /Applications/Xcode_26.6.app/Contents/Developer/Toolchains/XcodeDefault.xctoolchain/usr/lib/swift/iphoneos/prebuilt-modules/26.5/Distributed.swiftmodule/arm64e-apple-ios.swiftmodule /Applications/Xcode_26.6.app/Contents/Developer/Toolchains/XcodeDefault.xctoolchain/usr/lib/swift/iphoneos/prebuilt-modules/26.5/SwiftUICore.swiftmodule/arm64e-apple-ios.swiftmodule /Applications/Xcode_26.6.app/Contents/Developer/Toolchains/XcodeDefault.xctoolchain/usr/lib/swift/iphoneos/prebuilt-modules/26.5/_AppIntents_SwiftUI.swiftmodule/arm64e-apple-ios.swiftmodule /Applications/Xcode_26.6.app/Contents/Developer/Toolchains/XcodeDefault.xctoolchain/usr/lib/swift/iphoneos/prebuilt-modules/26.5/ExtensionFoundation.swiftmodule/arm64e-apple-ios.swiftmodule /Applications/Xcode_26.6.app/Contents/Developer/Toolchains/XcodeDefault.xctoolchain/usr/lib/swift/iphoneos/prebuilt-modules/26.5/simd.swiftmodule/arm64e-apple-ios.swiftmodule /Applications/Xcode_26.6.app/Contents/Developer/Toolchains/XcodeDefault.xctoolchain/usr/lib/swift/iphoneos/prebuilt-modules/26.5/FileProvider.swiftmodule/arm64e-apple-ios.swiftmodule /Applications/Xcode_26.6.app/Contents/Developer/Toolchains/XcodeDefault.xctoolchain/usr/lib/swift/iphoneos/prebuilt-modules/26.5/System.swiftmodule/arm64e-apple-ios.swiftmodule /Applications/Xcode_26.6.app/Contents/Developer/Toolchains/XcodeDefault.xctoolchain/usr/lib/swift/iphoneos/prebuilt-modules/26.5/Accessibility.swiftmodule/arm64e-apple-ios.swiftmodule /Applications/Xcode_26.6.app/Contents/Developer/Toolchains/XcodeDefault.xctoolchain/usr/lib/swift/iphoneos/prebuilt-modules/26.5/Spatial.swiftmodule/arm64e-apple-ios.swiftmodule /Applications/Xcode_26.6.app/Contents/Developer/Toolchains/XcodeDefault.xctoolchain/usr/lib/swift/iphoneos/prebuilt-modules/26.5/_Builtin_float.swiftmodule/arm64e-apple-ios.swiftmodule /Applications/Xcode_26.6.app/Contents/Developer/Toolchains/XcodeDefault.xctoolchain/usr/lib/swift/iphoneos/prebuilt-modules/26.5/_DarwinFoundation3.swiftmodule/arm64e-apple-ios.swiftmodule /Applications/Xcode_26.6.app/Contents/Developer/Toolchains/XcodeDefault.xctoolchain/usr/lib/swift/iphoneos/prebuilt-modules/26.5/ObjectiveC.swiftmodule/arm64e-apple-ios.swiftmodule /Applications/Xcode_26.6.app/Contents/Developer/Toolchains/XcodeDefault.xctoolchain/usr/lib/swift/iphoneos/prebuilt-modules/26.5/SwiftUI.swiftmodule/arm64e-apple-ios.swiftmodule /Applications/Xcode_26.6.app/Contents/Developer/Toolchains/XcodeDefault.xctoolchain/usr/lib/swift/iphoneos/prebuilt-modules/26.5/Metal.swiftmodule/arm64e-apple-ios.swiftmodule /Applications/Xcode_26.6.app/Contents/Developer/Toolchains/XcodeDefault.xctoolchain/usr/lib/swift/iphoneos/prebuilt-modules/26.5/Dispatch.swiftmodule/arm64e-apple-ios.swiftmodule /Applications/Xcode_26.6.app/Contents/Developer/Toolchains/XcodeDefault.xctoolchain/usr/lib/swift/iphoneos/prebuilt-modules/26.5/OSLog.swiftmodule/arm64e-apple-ios.swiftmodule /Applications/Xcode_26.6.app/Contents/Developer/Toolchains/XcodeDefault.xctoolchain/usr/lib/swift/iphoneos/prebuilt-modules/26.5/UIKit.swiftmodule/arm64e-apple-ios.swiftmodule /Applications/Xcode_26.6.app/Contents/Developer/Toolchains/XcodeDefault.xctoolchain/usr/lib/swift/iphoneos/prebuilt-modules/26.5/CoreFoundation.swiftmodule/arm64e-apple-ios.swiftmodule /Applications/Xcode_26.6.app/Contents/Developer/Toolchains/XcodeDefault.xctoolchain/usr/lib/swift/iphoneos/prebuilt-modules/26.5/DeveloperToolsSupport.swiftmodule/arm64e-apple-ios.swiftmodule /Applications/Xcode_26.6.app/Contents/Developer/Toolchains/XcodeDefault.xctoolchain/usr/lib/swift/iphoneos/prebuilt-modules/26.5/CoreLocation.swiftmodule/arm64e-apple-ios.swiftmodule /Applications/Xcode_26.6.app/Contents/Developer/Toolchains/XcodeDefault.xctoolchain/usr/lib/swift/iphoneos/prebuilt-modules/26.5/CoreGraphics.swiftmodule/arm64e-apple-ios.swiftmodule /Applications/Xcode_26.6.app/Contents/Developer/Toolchains/XcodeDefault.xctoolchain/usr/lib/swift/iphoneos/prebuilt-modules/26.5/CoreText.swiftmodule/arm64e-apple-ios.swiftmodule /Applications/Xcode_26.6.app/Contents/Developer/Toolchains/XcodeDefault.xctoolchain/usr/lib/swift/iphoneos/prebuilt-modules/26.5/CoreVideo.swiftmodule/arm64e-apple-ios.swiftmodule /Applications/Xcode_26.6.app/Contents/Developer/Toolchains/XcodeDefault.xctoolchain/usr/lib/swift/iphoneos/prebuilt-modules/26.5/RelevanceKit.swiftmodule/arm64e-apple-ios.swiftmodule /Applications/Xcode_26.6.app/Contents/Developer/Toolchains/XcodeDefault.xctoolchain/usr/lib/swift/iphoneos/prebuilt-modules/26.5/Darwin.swiftmodule/arm64e-apple-ios.swiftmodule /Applications/Xcode_26.6.app/Contents/Developer/Toolchains/XcodeDefault.xctoolchain/usr/lib/swift/iphoneos/prebuilt-modules/26.5/DataDetection.swiftmodule/arm64e-apple-ios.swiftmodule /Applications/Xcode_26.6.app/Contents/Developer/Toolchains/XcodeDefault.xctoolchain/usr/lib/swift/iphoneos/prebuilt-modules/26.5/Symbols.swiftmodule/arm64e-apple-ios.swiftmodule /Applications/Xcode_26.6.app/Contents/Developer/Toolchains/XcodeDefault.xctoolchain/usr/lib/swift/iphoneos/prebuilt-modules/26.5/Foundation.swiftmodule/arm64e-apple-ios.swiftmodule /Applications/Xcode_26.6.app/Contents/Developer/Toolchains/XcodeDefault.xctoolchain/usr/lib/swift/iphoneos/prebuilt-modules/26.5/CoreImage.swiftmodule/arm64e-apple-ios.swiftmodule /Applications/Xcode_26.6.app/Contents/Developer/Toolchains/XcodeDefault.xctoolchain/usr/lib/swift/iphoneos/prebuilt-modules/26.5/CoreTransferable.swiftmodule/arm64e-apple-ios.swiftmodule /Applications/Xcode_26.6.app/Contents/Developer/Toolchains/XcodeDefault.xctoolchain/usr/lib/swift/iphoneos/prebuilt-modules/26.5/Intents.swiftmodule/arm64e-apple-ios.swiftmodule /Applications/Xcode_26.6.app/Contents/Developer/Toolchains/XcodeDefault.xctoolchain/usr/lib/swift/iphoneos/prebuilt-modules/26.5/Observation.swiftmodule/arm64e-apple-ios.swiftmodule /Applications/Xcode_26.6.app/Contents/Developer/Toolchains/XcodeDefault.xctoolchain/usr/lib/swift/iphoneos/prebuilt-modules/26.5/os.swiftmodule/arm64e-apple-ios.swiftmodule /Applications/Xcode_26.6.app/Contents/Developer/Toolchains/XcodeDefault.xctoolchain/usr/lib/swift/iphoneos/prebuilt-modules/26.5/_DarwinFoundation2.swiftmodule/arm64e-apple-ios.swiftmodule /Applications/Xcode_26.6.app/Contents/Developer/Toolchains/XcodeDefault.xctoolchain/usr/lib/swift/iphoneos/prebuilt-modules/26.5/UniformTypeIdentifiers.swiftmodule/arm64e-apple-ios.swiftmodule /Applications/Xcode_26.6.app/Contents/Developer/Toolchains/XcodeDefault.xctoolchain/usr/lib/swift/iphoneos/prebuilt-modules/26.5/AppIntents.swiftmodule/arm64e-apple-ios.swiftmodule /Applications/Xcode_26.6.app/Contents/Developer/Toolchains/XcodeDefault.xctoolchain/usr/lib/swift/iphoneos/prebuilt-modules/26.5/_DarwinFoundation1.swiftmodule/arm64e-apple-ios.swiftmodule /Applications/Xcode_26.6.app/Contents/Developer/Toolchains/XcodeDefault.xctoolchain/usr/lib/swift/iphoneos/prebuilt-modules/26.5/CoreData.swiftmodule/arm64e-apple-ios.swiftmodule /Applications/Xcode_26.6.app/Contents/Developer/Toolchains/XcodeDefault.xctoolchain/usr/lib/swift/iphoneos/prebuilt-modules/26.5/Combine.swiftmodule/arm64e-apple-ios.swiftmodule /Applications/Xcode_26.6.app/Contents/Developer/Toolchains/XcodeDefault.xctoolchain/usr/lib/swift/iphoneos/prebuilt-modules/26.5/Swift.swiftmodule/arm64e-apple-ios.swiftmodule /Applications/Xcode_26.6.app/Contents/Developer/Toolchains/XcodeDefault.xctoolchain/usr/lib/swift/iphoneos/prebuilt-modules/26.5/ActivityKit.swiftmodule/arm64e-apple-ios.swiftmodule /Applications/Xcode_26.6.app/Contents/Developer/Toolchains/XcodeDefault.xctoolchain/usr/lib/swift/iphoneos/prebuilt-modules/26.5/QuartzCore.swiftmodule/arm64e-apple-ios.swiftmodule /Applications/Xcode_26.6.app/Contents/Developer/Toolchains/XcodeDefault.xctoolchain/usr/lib/swift/iphoneos/prebuilt-modules/26.5/Network.swiftmodule/arm64e-apple-ios.swiftmodule /Applications/Xcode_26.6.app/Contents/Developer/Toolchains/XcodeDefault.xctoolchain/usr/lib/swift/iphoneos/prebuilt-modules/26.5/_Concurrency.swiftmodule/arm64e-apple-ios.swiftmodule /Applications/Xcode_26.6.app/Contents/Developer/Toolchains/XcodeDefault.xctoolchain/usr/lib/swift/iphoneos/prebuilt-modules/26.5/_StringProcessing.swiftmodule/arm64e-apple-ios.swiftmodule /Applications/Xcode_26.6.app/Contents/Developer/Toolchains/XcodeDefault.xctoolchain/usr/lib/swift/iphoneos/prebuilt-modules/26.5/XPC.swiftmodule/arm64e-apple-ios.swiftmodule /Users/runner/work/Tagesplaner/Tagesplaner/DerivedData/ModuleCache.noindex/_LocationEssentials-5TIBRTDYECVDKH0QUKR5N53HN.pcm /Users/runner/work/Tagesplaner/Tagesplaner/DerivedData/ModuleCache.noindex/CoreText-1WZ8GLAEM2AJXG0127QEHSTR5.pcm /Users/runner/work/Tagesplaner/Tagesplaner/DerivedData/ModuleCache.noindex/Security-8EX9JX3YDQ0CWFY7YGGP8O98J.pcm /Users/runner/work/Tagesplaner/Tagesplaner/DerivedData/ModuleCache.noindex/os-7TE2S8GWHZLODEJ1BZ9DMXVMY.pcm /Users/runner/work/Tagesplaner/Tagesplaner/DerivedData/ModuleCache.noindex/CoreVideo-3FCJ3I02OXWSIX23A8V0L86H8.pcm /Users/runner/work/Tagesplaner/Tagesplaner/DerivedData/ModuleCache.noindex/QuartzCore-C08Y0B7AFQ7WY2F98AR4J0GPD.pcm /Users/runner/work/Tagesplaner/Tagesplaner/DerivedData/ModuleCache.noindex/_SwiftConcurrencyShims-AGWEXCG8E6JIC2F0I2BHF9PVG.pcm /Users/runner/work/Tagesplaner/Tagesplaner/DerivedData/ModuleCache.noindex/_Builtin_inttypes-B3EF6AVAUB3BN2RCYMA1PM4P9.pcm /Users/runner/work/Tagesplaner/Tagesplaner/DerivedData/ModuleCache.noindex/CoreFoundation-69HIB3HQQLU9QR7YPSDU8WVW5.pcm /Users/runner/work/Tagesplaner/Tagesplaner/DerivedData/ModuleCache.noindex/ptrauth-B01XNBGRR63BIH99J43K66CV4.pcm /Users/runner/work/Tagesplaner/Tagesplaner/DerivedData/ModuleCache.noindex/_DarwinFoundation3-5KO3HF96EAYQ9XB396ZZTXW9U.pcm /Users/runner/work/Tagesplaner/Tagesplaner/DerivedData/ModuleCache.noindex/Accessibility-A5EZBFCM6TOP740FU3QJN2JVP.pcm /Users/runner/work/Tagesplaner/Tagesplaner/DerivedData/ModuleCache.noindex/UniformTypeIdentifiers-CZMVZ3V1F9ZW7XNB7V6X831HY.pcm /Users/runner/work/Tagesplaner/Tagesplaner/DerivedData/ModuleCache.noindex/Foundation-C1CX62PZQ5JROQ7FDSHUAJRR4.pcm /Users/runner/work/Tagesplaner/Tagesplaner/DerivedData/ModuleCache.noindex/UIKit-ANHSJIWKSLF3RN3ORX51C99H0.pcm /Users/runner/work/Tagesplaner/Tagesplaner/DerivedData/ModuleCache.noindex/_Builtin_limits-9ZIK8BO7SG6LYQMO06VE7MJHY.pcm /Users/runner/work/Tagesplaner/Tagesplaner/DerivedData/ModuleCache.noindex/AppIntents-30OI5UM3QSJ3HTNHR75R9V72W.pcm /Users/runner/work/Tagesplaner/Tagesplaner/DerivedData/ModuleCache.noindex/os_object-73I4YA1X0IRK16E8VZ4TKTBPC.pcm /Users/runner/work/Tagesplaner/Tagesplaner/DerivedData/ModuleCache.noindex/FileProvider-E38JY2SUW88LQT0UBDP3DGNS.pcm /Users/runner/work/Tagesplaner/Tagesplaner/DerivedData/ModuleCache.noindex/SwiftUI-7PAWM7QB08COS7SNFSJ0NNGE2.pcm /Users/runner/work/Tagesplaner/Tagesplaner/DerivedData/ModuleCache.noindex/IOSurface-DY0JLC0NGYUEUF3H2B9JR6MJ6.pcm /Users/runner/work/Tagesplaner/Tagesplaner/DerivedData/ModuleCache.noindex/Darwin-ACAA5D67I1S2ZPTLYKYJXYR5C.pcm /Users/runner/work/Tagesplaner/Tagesplaner/DerivedData/ModuleCache.noindex/OpenGLES-9PT8A8WAXRTN4RYTV1BKH3XO3.pcm /Users/runner/work/Tagesplaner/Tagesplaner/DerivedData/ModuleCache.noindex/CoreImage-WD7D5G0NUDBKUX88PR2R5UTR.pcm /Users/runner/work/Tagesplaner/Tagesplaner/DerivedData/ModuleCache.noindex/ActivityKit-1EG5L50GSNE7LYC4E07V1DO08.pcm /Users/runner/work/Tagesplaner/Tagesplaner/DerivedData/ModuleCache.noindex/_Builtin_stdatomic-5XM4P862OLIM0JHYJUS5YXMGQ.pcm /Users/runner/work/Tagesplaner/Tagesplaner/DerivedData/ModuleCache.noindex/_Builtin_float-CWTQUZ95O5O6SQRBNFUPYJD68.pcm /Users/runner/work/Tagesplaner/Tagesplaner/DerivedData/ModuleCache.noindex/OSLog-34T4L5LYYPOGJ0GB0AD6O7W5Y.pcm /Users/runner/work/Tagesplaner/Tagesplaner/DerivedData/ModuleCache.noindex/_Builtin_stdbool-AFIWHZDTDCPQ981P7JVEPTR2B.pcm /Users/runner/work/Tagesplaner/Tagesplaner/DerivedData/ModuleCache.noindex/Spatial-6R6WKY334B6MXT9HBUVZF65Z8.pcm /Users/runner/work/Tagesplaner/Tagesplaner/DerivedData/ModuleCache.noindex/_Builtin_stdint-51LLOH8PEDLQ606FI0147MXTF.pcm /Users/runner/work/Tagesplaner/Tagesplaner/DerivedData/ModuleCache.noindex/ObjectiveC-4OJA2YWKBHUJOM96AC5E4MDCI.pcm /Users/runner/work/Tagesplaner/Tagesplaner/DerivedData/ModuleCache.noindex/Network-B27PMAKMP773PY4HMITR5EL5U.pcm /Users/runner/work/Tagesplaner/Tagesplaner/DerivedData/ModuleCache.noindex/_Builtin_stddef-55PZ2JZY2QERFQGD318ITQIJA.pcm /Users/runner/work/Tagesplaner/Tagesplaner/DerivedData/ModuleCache.noindex/XPC-F2VUVKQ1RR614J6CSI4NL3WYU.pcm /Users/runner/work/Tagesplaner/Tagesplaner/DerivedData/ModuleCache.noindex/CoreData-B5FCCQ508UNMEWM628BVDCM8I.pcm /Users/runner/work/Tagesplaner/Tagesplaner/DerivedData/ModuleCache.noindex/SwiftUICore-5E27D9GVRWJT92VGKSW4AB2DM.pcm /Users/runner/work/Tagesplaner/Tagesplaner/DerivedData/ModuleCache.noindex/ptrcheck-2NENVAC0XT9CY65L0ED4IWM3T.pcm /Users/runner/work/Tagesplaner/Tagesplaner/DerivedData/ModuleCache.noindex/CoreGraphics-CT14H2964WODZL3FREFT7UB59.pcm /Users/runner/work/Tagesplaner/Tagesplaner/DerivedData/ModuleCache.noindex/sys_types-BPKC6YOTEAU95RA3YHU1WMULY.pcm /Users/runner/work/Tagesplaner/Tagesplaner/DerivedData/ModuleCache.noindex/ExtensionFoundation-AKDZGY2Q1SNSVADE2MCC8081P.pcm /Users/runner/work/Tagesplaner/Tagesplaner/DerivedData/ModuleCache.noindex/MachO-B4XMTBTSHZE6BFEXPF05SCGTR.pcm /Users/runner/work/Tagesplaner/Tagesplaner/DerivedData/ModuleCache.noindex/_AvailabilityInternal-CTDR3W0HB1QP9HHQ0X5KOL1P6.pcm /Users/runner/work/Tagesplaner/Tagesplaner/DerivedData/ModuleCache.noindex/_DarwinFoundation2-4S7RQJK7ZTN44CYAOP1VOP3IS.pcm /Users/runner/work/Tagesplaner/Tagesplaner/DerivedData/ModuleCache.noindex/WidgetKit-6K3G6KYK3FM9V2ZOLKF969CKL.pcm /Users/runner/work/Tagesplaner/Tagesplaner/DerivedData/ModuleCache.noindex/UserNotifications-F09V9XZPHRN8H8YM0Q1RS2NUS.pcm /Users/runner/work/Tagesplaner/Tagesplaner/DerivedData/ModuleCache.noindex/RelevanceKit-A9ZTW3EBZ3LDVWYI1C4P0Y5QH.pcm /Users/runner/work/Tagesplaner/Tagesplaner/DerivedData/ModuleCache.noindex/Dispatch-2AYMDF74770WR6J59011C4JK8.pcm /Users/runner/work/Tagesplaner/Tagesplaner/DerivedData/ModuleCache.noindex/Metal-2DXIF2FJIKR7Z2K82JU69G2LI.pcm /Users/runner/work/Tagesplaner/Tagesplaner/DerivedData/ModuleCache.noindex/CoreLocation-D2E9IVGLYIR9ABYB47D4DY7KF.pcm /Users/runner/work/Tagesplaner/Tagesplaner/DerivedData/ModuleCache.noindex/_Builtin_intrinsics-35KL9X1ENEL0GWIRKFPWDBMHF.pcm /Users/runner/work/Tagesplaner/Tagesplaner/DerivedData/ModuleCache.noindex/CFNetwork-6OBOHIYOAD6GSSYL4JCOQVYIH.pcm /Users/runner/work/Tagesplaner/Tagesplaner/DerivedData/ModuleCache.noindex/SwiftShims-6KSXZBTVC48NEIZCJ4UYX1EWF.pcm /Users/runner/work/Tagesplaner/Tagesplaner/DerivedData/ModuleCache.noindex/CoreSpotlight-SX5G0CO1WZOIDDRZS6BONJ6.pcm /Users/runner/work/Tagesplaner/Tagesplaner/DerivedData/ModuleCache.noindex/ImageIO-DQMXSE7ZVOBCSINQRLLNXTBR3.pcm /Users/runner/work/Tagesplaner/Tagesplaner/DerivedData/ModuleCache.noindex/_Builtin_tgmath-9KUQXT92K46GU8A83U80GNK7W.pcm /Users/runner/work/Tagesplaner/Tagesplaner/DerivedData/ModuleCache.noindex/os_workgroup-49ZG8OZ0KVXNC316TKROVCY75.pcm /Users/runner/work/Tagesplaner/Tagesplaner/DerivedData/ModuleCache.noindex/UIUtilities-6W6NJKIY99NZEZGO7V6678UOQ.pcm /Users/runner/work/Tagesplaner/Tagesplaner/DerivedData/ModuleCache.noindex/DeveloperToolsSupport-5PKY55QD5HG7WIB4SXUEEW684.pcm /Users/runner/work/Tagesplaner/Tagesplaner/DerivedData/ModuleCache.noindex/_DarwinFoundation1-59FWZBJGITQ3WPVBY95N9H1FP.pcm /Users/runner/work/Tagesplaner/Tagesplaner/DerivedData/ModuleCache.noindex/simd-96YW5H3BZTSXEOYN64UDZWEJO.pcm /Users/runner/work/Tagesplaner/Tagesplaner/DerivedData/ModuleCache.noindex/_Builtin_stdarg-BV27M9Z0C1FHTTX01VNDZLDH6.pcm /Users/runner/work/Tagesplaner/Tagesplaner/DerivedData/ModuleCache.noindex/CoreTransferable-2YPX3HPZV5AE3QRVI2ZUFR78Y.pcm /Users/runner/work/Tagesplaner/Tagesplaner/DerivedData/ModuleCache.noindex/DataDetection-7F4AWKYU4YPRQANEC21CS91IS.pcm /Users/runner/work/Tagesplaner/Tagesplaner/DerivedData/ModuleCache.noindex/Symbols-3GZFIWIK52OL14P4J9JODJWCQ.pcm /Users/runner/work/Tagesplaner/Tagesplaner/DerivedData/ModuleCache.noindex/Intents-AM6WM814R300B8PUPQR4DIVZR.pcm /Users/runner/work/Tagesplaner/Tagesplaner/DerivedData/ModuleCache.noindex/dnssd-24J5C0RVFRNE0TE3UV0MAPTQV.pcm /Users/runner/work/Tagesplaner/Tagesplaner/DerivedData/Build/Intermediates.noindex/Tagesplaner.build/Release-iphoneos/TagesplanerWidgets.build/Objects-normal/arm64/TagesplanerWidgets-dependencies-1.json (in target 'TagesplanerWidgets' from project 'Tagesplaner')
CompileSwift normal arm64 (in target 'TagesplanerWidgets' from project 'Tagesplaner')
    cd /Users/runner/work/Tagesplaner/Tagesplaner
    

SwiftDriverJobDiscovery normal arm64 Compiling Analysis.swift, Availability.swift, NaturalLanguageParser.swift, PlanningModels.swift, Scheduler.swift, TimeMath.swift (in target 'PlannerCore' from project 'PlannerCore')

SwiftDriver\ Compilation\ Requirements PlannerCore normal arm64 com.apple.xcode.tools.swift.compiler (in target 'PlannerCore' from project 'PlannerCore')
    cd /Users/runner/work/Tagesplaner/Tagesplaner/Tagesplaner.xcodeproj
    builtin-Swift-Compilation-Requirements -- /Applications/Xcode_26.6.app/Contents/Developer/Toolchains/XcodeDefault.xctoolchain/usr/bin/swiftc -module-name PlannerCore -O -whole-module-optimization @/Users/runner/work/Tagesplaner/Tagesplaner/DerivedData/Build/Intermediates.noindex/PlannerCore.build/Release-iphoneos/PlannerCore.build/Objects-normal/arm64/PlannerCore.SwiftFileList -DSWIFT_PACKAGE -DSWIFT_MODULE_RESOURCE_BUNDLE_UNAVAILABLE -DXcode -plugin-path /Applications/Xcode_26.6.app/Contents/Developer/Toolchains/XcodeDefault.xctoolchain/usr/lib/swift/host/plugins/testing -enable-experimental-feature DebugDescriptionMacro -sdk /Applications/Xcode_26.6.app/Contents/Developer/Platforms/iPhoneOS.platform/Developer/SDKs/iPhoneOS26.5.sdk -target arm64-apple-ios17.0 -g -module-cache-path /Users/runner/work/Tagesplaner/Tagesplaner/DerivedData/ModuleCache.noindex -Xfrontend -serialize-debugging-options -swift-version 5 -I /Users/runner/work/Tagesplaner/Tagesplaner/DerivedData/Build/Products/Release-iphoneos -Isystem /Applications/Xcode_26.6.app/Contents/Developer/Platforms/iPhoneOS.platform/Developer/usr/lib -F /Users/runner/work/Tagesplaner/Tagesplaner/DerivedData/Build/Products/Release-iphoneos -F /Applications/Xcode_26.6.app/Contents/Developer/Platforms/iPhoneOS.platform/Developer/Library/Frameworks -F /Applications/Xcode_26.6.app/Contents/Developer/Platforms/iPhoneOS.platform/Developer/SDKs/iPhoneOS26.5.sdk/Developer/Library/Frameworks -c -num-threads 3 -Xcc -ivfsstatcache -Xcc /Users/runner/work/Tagesplaner/Tagesplaner/DerivedData/SDKStatCaches.noindex/iphoneos26.5-23F81a-688ef53f1462e2c8f657fdc38a81448fee66e23052a0157c865c76b268046726.sdkstatcache -output-file-map /Users/runner/work/Tagesplaner/Tagesplaner/DerivedData/Build/Intermediates.noindex/PlannerCore.build/Release-iphoneos/PlannerCore.build/Objects-normal/arm64/PlannerCore-OutputFileMap.json -use-frontend-parseable-output -save-temps -no-color-diagnostics -explicit-module-build -module-cache-path /Users/runner/work/Tagesplaner/Tagesplaner/DerivedData/Build/Intermediates.noindex/SwiftExplicitPrecompiledModules -clang-scanner-module-cache-path /Users/runner/work/Tagesplaner/Tagesplaner/DerivedData/ModuleCache.noindex -sdk-module-cache-path /Users/runner/work/Tagesplaner/Tagesplaner/DerivedData/ModuleCache.noindex -serialize-diagnostics -emit-dependencies -emit-module -emit-module-path /Users/runner/work/Tagesplaner/Tagesplaner/DerivedData/Build/Intermediates.noindex/PlannerCore.build/Release-iphoneos/PlannerCore.build/Objects-normal/arm64/PlannerCore.swiftmodule -validate-clang-modules-once -clang-build-session-file /Users/runner/work/Tagesplaner/Tagesplaner/DerivedData/ModuleCache.noindex/Session.modulevalidation -package-name plannercore -Xcc -I/Users/runner/work/Tagesplaner/Tagesplaner/DerivedData/Build/Intermediates.noindex/PlannerCore.build/Release-iphoneos/PlannerCore.build/swift-overrides.hmap -emit-const-values -Xfrontend -const-gather-protocols-file -Xfrontend /Users/runner/work/Tagesplaner/Tagesplaner/DerivedData/Build/Intermediates.noindex/PlannerCore.build/Release-iphoneos/PlannerCore.build/Objects-normal/arm64/PlannerCore_const_extract_protocols.json -Xcc -I/Users/runner/work/Tagesplaner/Tagesplaner/DerivedData/Build/Products/Release-iphoneos/include -Xcc -I/Users/runner/work/Tagesplaner/Tagesplaner/DerivedData/Build/Intermediates.noindex/PlannerCore.build/Release-iphoneos/PlannerCore.build/DerivedSources-normal/arm64 -Xcc -I/Users/runner/work/Tagesplaner/Tagesplaner/DerivedData/Build/Intermediates.noindex/PlannerCore.build/Release-iphoneos/PlannerCore.build/DerivedSources/arm64 -Xcc -I/Users/runner/work/Tagesplaner/Tagesplaner/DerivedData/Build/Intermediates.noindex/PlannerCore.build/Release-iphoneos/PlannerCore.build/DerivedSources -Xcc -DSWIFT_PACKAGE -emit-objc-header -emit-objc-header-path /Users/runner/work/Tagesplaner/Tagesplaner/DerivedData/Build/Intermediates.noindex/PlannerCore.build/Release-iphoneos/PlannerCore.build/Objects-normal/arm64/PlannerCore-Swift.h -working-directory /Users/runner/work/Tagesplaner/Tagesplaner/Tagesplaner.xcodeproj -no-emit-module-separately-wmo

SwiftMergeGeneratedHeaders /Users/runner/work/Tagesplaner/Tagesplaner/DerivedData/Build/Intermediates.noindex/GeneratedModuleMaps-iphoneos/PlannerCore-Swift.h /Users/runner/work/Tagesplaner/Tagesplaner/DerivedData/Build/Intermediates.noindex/PlannerCore.build/Release-iphoneos/PlannerCore.build/Objects-normal/arm64/PlannerCore-Swift.h (in target 'PlannerCore' from project 'PlannerCore')
    cd /Users/runner/work/Tagesplaner/Tagesplaner/Packages/PlannerCore
    builtin-swiftHeaderTool -arch arm64 /Users/runner/work/Tagesplaner/Tagesplaner/DerivedData/Build/Intermediates.noindex/PlannerCore.build/Release-iphoneos/PlannerCore.build/Objects-normal/arm64/PlannerCore-Swift.h -o /Users/runner/work/Tagesplaner/Tagesplaner/DerivedData/Build/Intermediates.noindex/GeneratedModuleMaps-iphoneos/PlannerCore-Swift.h

Copy /Users/runner/work/Tagesplaner/Tagesplaner/DerivedData/Build/Products/Release-iphoneos/PlannerCore.swiftmodule/arm64-apple-ios.swiftmodule /Users/runner/work/Tagesplaner/Tagesplaner/DerivedData/Build/Intermediates.noindex/PlannerCore.build/Release-iphoneos/PlannerCore.build/Objects-normal/arm64/PlannerCore.swiftmodule (in target 'PlannerCore' from project 'PlannerCore')
    cd /Users/runner/work/Tagesplaner/Tagesplaner/Packages/PlannerCore
    builtin-copy -exclude .DS_Store -exclude CVS -exclude .svn -exclude .git -exclude .hg -strip-unsigned-binaries -strip-deterministic -strip-tool /Applications/Xcode_26.6.app/Contents/Developer/Toolchains/XcodeDefault.xctoolchain/usr/bin/strip -resolve-src-symlinks -rename /Users/runner/work/Tagesplaner/Tagesplaner/DerivedData/Build/Intermediates.noindex/PlannerCore.build/Release-iphoneos/PlannerCore.build/Objects-normal/arm64/PlannerCore.swiftmodule /Users/runner/work/Tagesplaner/Tagesplaner/DerivedData/Build/Products/Release-iphoneos/PlannerCore.swiftmodule/arm64-apple-ios.swiftmodule

Copy /Users/runner/work/Tagesplaner/Tagesplaner/DerivedData/Build/Products/Release-iphoneos/PlannerCore.swiftmodule/arm64-apple-ios.swiftdoc /Users/runner/work/Tagesplaner/Tagesplaner/DerivedData/Build/Intermediates.noindex/PlannerCore.build/Release-iphoneos/PlannerCore.build/Objects-normal/arm64/PlannerCore.swiftdoc (in target 'PlannerCore' from project 'PlannerCore')
    cd /Users/runner/work/Tagesplaner/Tagesplaner/Packages/PlannerCore
    builtin-copy -exclude .DS_Store -exclude CVS -exclude .svn -exclude .git -exclude .hg -strip-unsigned-binaries -strip-deterministic -strip-tool /Applications/Xcode_26.6.app/Contents/Developer/Toolchains/XcodeDefault.xctoolchain/usr/bin/strip -resolve-src-symlinks -rename /Users/runner/work/Tagesplaner/Tagesplaner/DerivedData/Build/Intermediates.noindex/PlannerCore.build/Release-iphoneos/PlannerCore.build/Objects-normal/arm64/PlannerCore.swiftdoc /Users/runner/work/Tagesplaner/Tagesplaner/DerivedData/Build/Products/Release-iphoneos/PlannerCore.swiftmodule/arm64-apple-ios.swiftdoc

Copy /Users/runner/work/Tagesplaner/Tagesplaner/DerivedData/Build/Products/Release-iphoneos/PlannerCore.swiftmodule/arm64-apple-ios.abi.json /Users/runner/work/Tagesplaner/Tagesplaner/DerivedData/Build/Intermediates.noindex/PlannerCore.build/Release-iphoneos/PlannerCore.build/Objects-normal/arm64/PlannerCore.abi.json (in target 'PlannerCore' from project 'PlannerCore')
    cd /Users/runner/work/Tagesplaner/Tagesplaner/Packages/PlannerCore
    builtin-copy -exclude .DS_Store -exclude CVS -exclude .svn -exclude .git -exclude .hg -strip-unsigned-binaries -strip-deterministic -strip-tool /Applications/Xcode_26.6.app/Contents/Developer/Toolchains/XcodeDefault.xctoolchain/usr/bin/strip -resolve-src-symlinks -rename /Users/runner/work/Tagesplaner/Tagesplaner/DerivedData/Build/Intermediates.noindex/PlannerCore.build/Release-iphoneos/PlannerCore.build/Objects-normal/arm64/PlannerCore.abi.json /Users/runner/work/Tagesplaner/Tagesplaner/DerivedData/Build/Products/Release-iphoneos/PlannerCore.swiftmodule/arm64-apple-ios.abi.json

Copy /Users/runner/work/Tagesplaner/Tagesplaner/DerivedData/Build/Products/Release-iphoneos/PlannerCore.swiftmodule/Project/arm64-apple-ios.swiftsourceinfo /Users/runner/work/Tagesplaner/Tagesplaner/DerivedData/Build/Intermediates.noindex/PlannerCore.build/Release-iphoneos/PlannerCore.build/Objects-normal/arm64/PlannerCore.swiftsourceinfo (in target 'PlannerCore' from project 'PlannerCore')
    cd /Users/runner/work/Tagesplaner/Tagesplaner/Packages/PlannerCore
    builtin-copy -exclude .DS_Store -exclude CVS -exclude .svn -exclude .git -exclude .hg -strip-unsigned-binaries -strip-deterministic -strip-tool /Applications/Xcode_26.6.app/Contents/Developer/Toolchains/XcodeDefault.xctoolchain/usr/bin/strip -resolve-src-symlinks -rename /Users/runner/work/Tagesplaner/Tagesplaner/DerivedData/Build/Intermediates.noindex/PlannerCore.build/Release-iphoneos/PlannerCore.build/Objects-normal/arm64/PlannerCore.swiftsourceinfo /Users/runner/work/Tagesplaner/Tagesplaner/DerivedData/Build/Products/Release-iphoneos/PlannerCore.swiftmodule/Project/arm64-apple-ios.swiftsourceinfo

Ld /Users/runner/work/Tagesplaner/Tagesplaner/DerivedData/Build/Products/Release-iphoneos/PlannerCore.o normal (in target 'PlannerCore' from project 'PlannerCore')
    cd /Users/runner/work/Tagesplaner/Tagesplaner/Packages/PlannerCore
    /Applications/Xcode_26.6.app/Contents/Developer/Toolchains/XcodeDefault.xctoolchain/usr/bin/clang -Xlinker -reproducible -target arm64-apple-ios17.0 -r -isysroot /Applications/Xcode_26.6.app/Contents/Developer/Platforms/iPhoneOS.platform/Developer/SDKs/iPhoneOS26.5.sdk -Os -F/Users/runner/work/Tagesplaner/Tagesplaner/DerivedData/Build/Intermediates.noindex/EagerLinkingTBDs/Release-iphoneos -F/Users/runner/work/Tagesplaner/Tagesplaner/DerivedData/Build/Products/Release-iphoneos -iframework /Applications/Xcode_26.6.app/Contents/Developer/Platforms/iPhoneOS.platform/Developer/Library/Frameworks -iframework /Applications/Xcode_26.6.app/Contents/Developer/Platforms/iPhoneOS.platform/Developer/SDKs/iPhoneOS26.5.sdk/Developer/Library/Frameworks -filelist /Users/runner/work/Tagesplaner/Tagesplaner/DerivedData/Build/Intermediates.noindex/PlannerCore.build/Release-iphoneos/PlannerCore.build/Objects-normal/arm64/PlannerCore.LinkFileList -nostdlib -Xlinker -object_path_lto -Xlinker /Users/runner/work/Tagesplaner/Tagesplaner/DerivedData/Build/Intermediates.noindex/PlannerCore.build/Release-iphoneos/PlannerCore.build/Objects-normal/arm64/PlannerCore_lto.o -Xlinker -dependency_info -Xlinker /Users/runner/work/Tagesplaner/Tagesplaner/DerivedData/Build/Intermediates.noindex/PlannerCore.build/Release-iphoneos/PlannerCore.build/Objects-normal/arm64/PlannerCore_dependency_info.dat -fobjc-link-runtime -L/Applications/Xcode_26.6.app/Contents/Developer/Toolchains/XcodeDefault.xctoolchain/usr/lib/swift/iphoneos -L/usr/lib/swift -Xlinker -add_ast_path -Xlinker /Users/runner/work/Tagesplaner/Tagesplaner/DerivedData/Build/Intermediates.noindex/PlannerCore.build/Release-iphoneos/PlannerCore.build/Objects-normal/arm64/PlannerCore.swiftmodule @/Users/runner/work/Tagesplaner/Tagesplaner/DerivedData/Build/Intermediates.noindex/PlannerCore.build/Release-iphoneos/PlannerCore.build/Objects-normal/arm64/PlannerCore-linker-args.resp -o /Users/runner/work/Tagesplaner/Tagesplaner/DerivedData/Build/Products/Release-iphoneos/PlannerCore.o

ExtractAppIntentsMetadata (in target 'PlannerCore' from project 'PlannerCore')
    cd /Users/runner/work/Tagesplaner/Tagesplaner/Packages/PlannerCore
    /Applications/Xcode_26.6.app/Contents/Developer/Toolchains/XcodeDefault.xctoolchain/usr/bin/appintentsmetadataprocessor --toolchain-dir /var/run/com.apple.security.cryptexd/mnt/com.apple.MobileAsset.MetalToolchain-v17.6.109.0.qq6bwr/Metal.xctoolchain --module-name PlannerCore --sdk-root /Applications/Xcode_26.6.app/Contents/Developer/Platforms/iPhoneOS.platform/Developer/SDKs/iPhoneOS26.5.sdk --xcode-version 17F113 --platform-family iOS --deployment-target 17.0 --bundle-identifier plannercore.PlannerCore --output /Users/runner/work/Tagesplaner/Tagesplaner/DerivedData/Build/Products/Release-iphoneos/PlannerCore.appintents --target-triple arm64-apple-ios17.0 --binary-file /Users/runner/work/Tagesplaner/Tagesplaner/DerivedData/Build/Products/Release-iphoneos/PlannerCore.o --dependency-file /Users/runner/work/Tagesplaner/Tagesplaner/DerivedData/Build/Intermediates.noindex/PlannerCore.build/Release-iphoneos/PlannerCore.build/Objects-normal/arm64/PlannerCore_dependency_info.dat --stringsdata-file /Users/runner/work/Tagesplaner/Tagesplaner/DerivedData/Build/Intermediates.noindex/PlannerCore.build/Release-iphoneos/PlannerCore.build/Objects-normal/arm64/ExtractedAppShortcutsMetadata.stringsdata --source-file-list /Users/runner/work/Tagesplaner/Tagesplaner/DerivedData/Build/Intermediates.noindex/PlannerCore.build/Release-iphoneos/PlannerCore.build/Objects-normal/arm64/PlannerCore.SwiftFileList --metadata-file-list /Users/runner/work/Tagesplaner/Tagesplaner/DerivedData/Build/Intermediates.noindex/PlannerCore.build/Release-iphoneos/PlannerCore.build/PlannerCore.DependencyMetadataFileList --static-metadata-file-list /Users/runner/work/Tagesplaner/Tagesplaner/DerivedData/Build/Intermediates.noindex/PlannerCore.build/Release-iphoneos/PlannerCore.build/PlannerCore.DependencyStaticMetadataFileList --swift-const-vals-list /Users/runner/work/Tagesplaner/Tagesplaner/DerivedData/Build/Intermediates.noindex/PlannerCore.build/Release-iphoneos/PlannerCore.build/Objects-normal/arm64/PlannerCore.SwiftConstValuesFileList --force --compile-time-extraction --deployment-aware-processing --validate-assistant-intents --no-app-shortcuts-localization
2026-10-04 21:31:08.975 appintentsmetadataprocessor[3569:14701] Starting appintentsmetadataprocessor export
2026-10-04 21:31:09.046 appintentsmetadataprocessor[3569:14701] Extracted no relevant App Intents symbols, skipping writing output

RegisterExecutionPolicyException /Users/runner/work/Tagesplaner/Tagesplaner/DerivedData/Build/Products/Release-iphoneos/PlannerCore.o (in target 'PlannerCore' from project 'PlannerCore')
    cd /Users/runner/work/Tagesplaner/Tagesplaner/Packages/PlannerCore
    builtin-RegisterExecutionPolicyException /Users/runner/work/Tagesplaner/Tagesplaner/DerivedData/Build/Products/Release-iphoneos/PlannerCore.o

SwiftDriverJobDiscovery normal arm64 Compiling AppGroup.swift, DayActivityAttributes.swift, LiveActivityWidget.swift, PlanWidgets.swift, Theme.swift, WidgetBundle.swift, WidgetSnapshot.swift (in target 'TagesplanerWidgets' from project 'Tagesplaner')

SwiftDriver\ Compilation\ Requirements TagesplanerWidgets normal arm64 com.apple.xcode.tools.swift.compiler (in target 'TagesplanerWidgets' from project 'Tagesplaner')
    cd /Users/runner/work/Tagesplaner/Tagesplaner
    builtin-Swift-Compilation-Requirements -- /Applications/Xcode_26.6.app/Contents/Developer/Toolchains/XcodeDefault.xctoolchain/usr/bin/swiftc -module-name TagesplanerWidgets -O -whole-module-optimization @/Users/runner/work/Tagesplaner/Tagesplaner/DerivedData/Build/Intermediates.noindex/Tagesplaner.build/Release-iphoneos/TagesplanerWidgets.build/Objects-normal/arm64/TagesplanerWidgets.SwiftFileList -enable-bare-slash-regex -enable-experimental-feature DebugDescriptionMacro -sdk /Applications/Xcode_26.6.app/Contents/Developer/Platforms/iPhoneOS.platform/Developer/SDKs/iPhoneOS26.5.sdk -target arm64-apple-ios17.0 -g -module-cache-path /Users/runner/work/Tagesplaner/Tagesplaner/DerivedData/ModuleCache.noindex -Xfrontend -serialize-debugging-options -application-extension -swift-version 5 -I /Users/runner/work/Tagesplaner/Tagesplaner/DerivedData/Build/Products/Release-iphoneos -F /Users/runner/work/Tagesplaner/Tagesplaner/DerivedData/Build/Products/Release-iphoneos -c -num-threads 3 -Xcc -ivfsstatcache -Xcc /Users/runner/work/Tagesplaner/Tagesplaner/DerivedData/SDKStatCaches.noindex/iphoneos26.5-23F81a-688ef53f1462e2c8f657fdc38a81448fee66e23052a0157c865c76b268046726.sdkstatcache -output-file-map /Users/runner/work/Tagesplaner/Tagesplaner/DerivedData/Build/Intermediates.noindex/Tagesplaner.build/Release-iphoneos/TagesplanerWidgets.build/Objects-normal/arm64/TagesplanerWidgets-OutputFileMap.json -use-frontend-parseable-output -save-temps -no-color-diagnostics -explicit-module-build -module-cache-path /Users/runner/work/Tagesplaner/Tagesplaner/DerivedData/Build/Intermediates.noindex/SwiftExplicitPrecompiledModules -clang-scanner-module-cache-path /Users/runner/work/Tagesplaner/Tagesplaner/DerivedData/ModuleCache.noindex -sdk-module-cache-path /Users/runner/work/Tagesplaner/Tagesplaner/DerivedData/ModuleCache.noindex -serialize-diagnostics -emit-dependencies -emit-module -emit-module-path /Users/runner/work/Tagesplaner/Tagesplaner/DerivedData/Build/Intermediates.noindex/Tagesplaner.build/Release-iphoneos/TagesplanerWidgets.build/Objects-normal/arm64/TagesplanerWidgets.swiftmodule -validate-clang-modules-once -clang-build-session-file /Users/runner/work/Tagesplaner/Tagesplaner/DerivedData/ModuleCache.noindex/Session.modulevalidation -Xcc -I/Users/runner/work/Tagesplaner/Tagesplaner/DerivedData/Build/Intermediates.noindex/Tagesplaner.build/Release-iphoneos/TagesplanerWidgets.build/swift-overrides.hmap -emit-const-values -Xfrontend -const-gather-protocols-file -Xfrontend /Users/runner/work/Tagesplaner/Tagesplaner/DerivedData/Build/Intermediates.noindex/Tagesplaner.build/Release-iphoneos/TagesplanerWidgets.build/Objects-normal/arm64/TagesplanerWidgets_const_extract_protocols.json -Xcc -iquote -Xcc /Users/runner/work/Tagesplaner/Tagesplaner/DerivedData/Build/Intermediates.noindex/Tagesplaner.build/Release-iphoneos/TagesplanerWidgets.build/TagesplanerWidgets-generated-files.hmap -Xcc -I/Users/runner/work/Tagesplaner/Tagesplaner/DerivedData/Build/Intermediates.noindex/Tagesplaner.build/Release-iphoneos/TagesplanerWidgets.build/TagesplanerWidgets-own-target-headers.hmap -Xcc -I/Users/runner/work/Tagesplaner/Tagesplaner/DerivedData/Build/Intermediates.noindex/Tagesplaner.build/Release-iphoneos/TagesplanerWidgets.build/TagesplanerWidgets-all-non-framework-target-headers.hmap -Xcc -ivfsoverlay -Xcc /Users/runner/work/Tagesplaner/Tagesplaner/DerivedData/Build/Intermediates.noindex/Tagesplaner.build/Release-iphoneos/Tagesplaner-06596a4c0479a151a4276fb9806ef9b8-VFS-iphoneos/all-product-headers.yaml -Xcc -iquote -Xcc /Users/runner/work/Tagesplaner/Tagesplaner/DerivedData/Build/Intermediates.noindex/Tagesplaner.build/Release-iphoneos/TagesplanerWidgets.build/TagesplanerWidgets-project-headers.hmap -Xcc -I/Users/runner/work/Tagesplaner/Tagesplaner/DerivedData/Build/Products/Release-iphoneos/include -Xcc -I/Users/runner/work/Tagesplaner/Tagesplaner/DerivedData/Build/Intermediates.noindex/Tagesplaner.build/Release-iphoneos/TagesplanerWidgets.build/DerivedSources-normal/arm64 -Xcc -I/Users/runner/work/Tagesplaner/Tagesplaner/DerivedData/Build/Intermediates.noindex/Tagesplaner.build/Release-iphoneos/TagesplanerWidgets.build/DerivedSources/arm64 -Xcc -I/Users/runner/work/Tagesplaner/Tagesplaner/DerivedData/Build/Intermediates.noindex/Tagesplaner.build/Release-iphoneos/TagesplanerWidgets.build/DerivedSources -emit-objc-header -emit-objc-header-path /Users/runner/work/Tagesplaner/Tagesplaner/DerivedData/Build/Intermediates.noindex/Tagesplaner.build/Release-iphoneos/TagesplanerWidgets.build/Objects-normal/arm64/TagesplanerWidgets-Swift.h -working-directory /Users/runner/work/Tagesplaner/Tagesplaner -no-emit-module-separately-wmo

SwiftMergeGeneratedHeaders /Users/runner/work/Tagesplaner/Tagesplaner/DerivedData/Build/Intermediates.noindex/Tagesplaner.build/Release-iphoneos/TagesplanerWidgets.build/DerivedSources/TagesplanerWidgets-Swift.h /Users/runner/work/Tagesplaner/Tagesplaner/DerivedData/Build/Intermediates.noindex/Tagesplaner.build/Release-iphoneos/TagesplanerWidgets.build/Objects-normal/arm64/TagesplanerWidgets-Swift.h (in target 'TagesplanerWidgets' from project 'Tagesplaner')
    cd /Users/runner/work/Tagesplaner/Tagesplaner
    builtin-swiftHeaderTool -arch arm64 /Users/runner/work/Tagesplaner/Tagesplaner/DerivedData/Build/Intermediates.noindex/Tagesplaner.build/Release-iphoneos/TagesplanerWidgets.build/Objects-normal/arm64/TagesplanerWidgets-Swift.h -o /Users/runner/work/Tagesplaner/Tagesplaner/DerivedData/Build/Intermediates.noindex/Tagesplaner.build/Release-iphoneos/TagesplanerWidgets.build/DerivedSources/TagesplanerWidgets-Swift.h

Copy /Users/runner/work/Tagesplaner/Tagesplaner/DerivedData/Build/Products/Release-iphoneos/TagesplanerWidgets.swiftmodule/arm64-apple-ios.swiftmodule /Users/runner/work/Tagesplaner/Tagesplaner/DerivedData/Build/Intermediates.noindex/Tagesplaner.build/Release-iphoneos/TagesplanerWidgets.build/Objects-normal/arm64/TagesplanerWidgets.swiftmodule (in target 'TagesplanerWidgets' from project 'Tagesplaner')
    cd /Users/runner/work/Tagesplaner/Tagesplaner
    builtin-copy -exclude .DS_Store -exclude CVS -exclude .svn -exclude .git -exclude .hg -resolve-src-symlinks -rename /Users/runner/work/Tagesplaner/Tagesplaner/DerivedData/Build/Intermediates.noindex/Tagesplaner.build/Release-iphoneos/TagesplanerWidgets.build/Objects-normal/arm64/TagesplanerWidgets.swiftmodule /Users/runner/work/Tagesplaner/Tagesplaner/DerivedData/Build/Products/Release-iphoneos/TagesplanerWidgets.swiftmodule/arm64-apple-ios.swiftmodule

Copy /Users/runner/work/Tagesplaner/Tagesplaner/DerivedData/Build/Products/Release-iphoneos/TagesplanerWidgets.swiftmodule/arm64-apple-ios.swiftdoc /Users/runner/work/Tagesplaner/Tagesplaner/DerivedData/Build/Intermediates.noindex/Tagesplaner.build/Release-iphoneos/TagesplanerWidgets.build/Objects-normal/arm64/TagesplanerWidgets.swiftdoc (in target 'TagesplanerWidgets' from project 'Tagesplaner')
    cd /Users/runner/work/Tagesplaner/Tagesplaner
    builtin-copy -exclude .DS_Store -exclude CVS -exclude .svn -exclude .git -exclude .hg -resolve-src-symlinks -rename /Users/runner/work/Tagesplaner/Tagesplaner/DerivedData/Build/Intermediates.noindex/Tagesplaner.build/Release-iphoneos/TagesplanerWidgets.build/Objects-normal/arm64/TagesplanerWidgets.swiftdoc /Users/runner/work/Tagesplaner/Tagesplaner/DerivedData/Build/Products/Release-iphoneos/TagesplanerWidgets.swiftmodule/arm64-apple-ios.swiftdoc

Copy /Users/runner/work/Tagesplaner/Tagesplaner/DerivedData/Build/Products/Release-iphoneos/TagesplanerWidgets.swiftmodule/arm64-apple-ios.abi.json /Users/runner/work/Tagesplaner/Tagesplaner/DerivedData/Build/Intermediates.noindex/Tagesplaner.build/Release-iphoneos/TagesplanerWidgets.build/Objects-normal/arm64/TagesplanerWidgets.abi.json (in target 'TagesplanerWidgets' from project 'Tagesplaner')
    cd /Users/runner/work/Tagesplaner/Tagesplaner
    builtin-copy -exclude .DS_Store -exclude CVS -exclude .svn -exclude .git -exclude .hg -resolve-src-symlinks -rename /Users/runner/work/Tagesplaner/Tagesplaner/DerivedData/Build/Intermediates.noindex/Tagesplaner.build/Release-iphoneos/TagesplanerWidgets.build/Objects-normal/arm64/TagesplanerWidgets.abi.json /Users/runner/work/Tagesplaner/Tagesplaner/DerivedData/Build/Products/Release-iphoneos/TagesplanerWidgets.swiftmodule/arm64-apple-ios.abi.json

Copy /Users/runner/work/Tagesplaner/Tagesplaner/DerivedData/Build/Products/Release-iphoneos/TagesplanerWidgets.swiftmodule/Project/arm64-apple-ios.swiftsourceinfo /Users/runner/work/Tagesplaner/Tagesplaner/DerivedData/Build/Intermediates.noindex/Tagesplaner.build/Release-iphoneos/TagesplanerWidgets.build/Objects-normal/arm64/TagesplanerWidgets.swiftsourceinfo (in target 'TagesplanerWidgets' from project 'Tagesplaner')
    cd /Users/runner/work/Tagesplaner/Tagesplaner
    builtin-copy -exclude .DS_Store -exclude CVS -exclude .svn -exclude .git -exclude .hg -resolve-src-symlinks -rename /Users/runner/work/Tagesplaner/Tagesplaner/DerivedData/Build/Intermediates.noindex/Tagesplaner.build/Release-iphoneos/TagesplanerWidgets.build/Objects-normal/arm64/TagesplanerWidgets.swiftsourceinfo /Users/runner/work/Tagesplaner/Tagesplaner/DerivedData/Build/Products/Release-iphoneos/TagesplanerWidgets.swiftmodule/Project/arm64-apple-ios.swiftsourceinfo

Ld /Users/runner/work/Tagesplaner/Tagesplaner/DerivedData/Build/Products/Release-iphoneos/TagesplanerWidgets.appex/TagesplanerWidgets normal (in target 'TagesplanerWidgets' from project 'Tagesplaner')
    cd /Users/runner/work/Tagesplaner/Tagesplaner
    /Applications/Xcode_26.6.app/Contents/Developer/Toolchains/XcodeDefault.xctoolchain/usr/bin/clang -Xlinker -reproducible -target arm64-apple-ios17.0 -isysroot /Applications/Xcode_26.6.app/Contents/Developer/Platforms/iPhoneOS.platform/Developer/SDKs/iPhoneOS26.5.sdk -Os -L/Users/runner/work/Tagesplaner/Tagesplaner/DerivedData/Build/Intermediates.noindex/EagerLinkingTBDs/Release-iphoneos -L/Users/runner/work/Tagesplaner/Tagesplaner/DerivedData/Build/Products/Release-iphoneos -F/Users/runner/work/Tagesplaner/Tagesplaner/DerivedData/Build/Intermediates.noindex/EagerLinkingTBDs/Release-iphoneos -F/Users/runner/work/Tagesplaner/Tagesplaner/DerivedData/Build/Products/Release-iphoneos -filelist /Users/runner/work/Tagesplaner/Tagesplaner/DerivedData/Build/Intermediates.noindex/Tagesplaner.build/Release-iphoneos/TagesplanerWidgets.build/Objects-normal/arm64/TagesplanerWidgets.LinkFileList -Xlinker -rpath -Xlinker /usr/lib/swift -Xlinker -rpath -Xlinker @executable_path/Frameworks -Xlinker -rpath -Xlinker @executable_path/../../Frameworks -Xlinker -dead_strip -Xlinker -object_path_lto -Xlinker /Users/runner/work/Tagesplaner/Tagesplaner/DerivedData/Build/Intermediates.noindex/Tagesplaner.build/Release-iphoneos/TagesplanerWidgets.build/Objects-normal/arm64/TagesplanerWidgets_lto.o -Xlinker -dependency_info -Xlinker /Users/runner/work/Tagesplaner/Tagesplaner/DerivedData/Build/Intermediates.noindex/Tagesplaner.build/Release-iphoneos/TagesplanerWidgets.build/Objects-normal/arm64/TagesplanerWidgets_dependency_info.dat -e _NSExtensionMain -fapplication-extension -fobjc-link-runtime -L/Applications/Xcode_26.6.app/Contents/Developer/Toolchains/XcodeDefault.xctoolchain/usr/lib/swift/iphoneos -L/usr/lib/swift -Xlinker -add_ast_path -Xlinker /Users/runner/work/Tagesplaner/Tagesplaner/DerivedData/Build/Intermediates.noindex/Tagesplaner.build/Release-iphoneos/TagesplanerWidgets.build/Objects-normal/arm64/TagesplanerWidgets.swiftmodule @/Users/runner/work/Tagesplaner/Tagesplaner/DerivedData/Build/Intermediates.noindex/Tagesplaner.build/Release-iphoneos/TagesplanerWidgets.build/Objects-normal/arm64/TagesplanerWidgets-linker-args.resp -o /Users/runner/work/Tagesplaner/Tagesplaner/DerivedData/Build/Products/Release-iphoneos/TagesplanerWidgets.appex/TagesplanerWidgets

MkDir /Users/runner/work/Tagesplaner/Tagesplaner/DerivedData/Build/Intermediates.noindex/Tagesplaner.build/Release-iphoneos/Tagesplaner.build/assetcatalog_output/unthinned (in target 'Tagesplaner' from project 'Tagesplaner')
    cd /Users/runner/work/Tagesplaner/Tagesplaner
    /bin/mkdir -p /Users/runner/work/Tagesplaner/Tagesplaner/DerivedData/Build/Intermediates.noindex/Tagesplaner.build/Release-iphoneos/Tagesplaner.build/assetcatalog_output/unthinned

MkDir /Users/runner/work/Tagesplaner/Tagesplaner/DerivedData/Build/Intermediates.noindex/Tagesplaner.build/Release-iphoneos/Tagesplaner.build/assetcatalog_output/thinned (in target 'Tagesplaner' from project 'Tagesplaner')
    cd /Users/runner/work/Tagesplaner/Tagesplaner
    /bin/mkdir -p /Users/runner/work/Tagesplaner/Tagesplaner/DerivedData/Build/Intermediates.noindex/Tagesplaner.build/Release-iphoneos/Tagesplaner.build/assetcatalog_output/thinned

GenerateAssetSymbols /Users/runner/work/Tagesplaner/Tagesplaner/App/Assets.xcassets (in target 'Tagesplaner' from project 'Tagesplaner')
    cd /Users/runner/work/Tagesplaner/Tagesplaner
    /Applications/Xcode_26.6.app/Contents/Developer/usr/bin/actool /Users/runner/work/Tagesplaner/Tagesplaner/App/Assets.xcassets --compile /Users/runner/work/Tagesplaner/Tagesplaner/DerivedData/Build/Products/Release-iphoneos/Tagesplaner.app --output-format human-readable-text --notices --warnings --export-dependency-info /Users/runner/work/Tagesplaner/Tagesplaner/DerivedData/Build/Intermediates.noindex/Tagesplaner.build/Release-iphoneos/Tagesplaner.build/assetcatalog_dependencies --output-partial-info-plist /Users/runner/work/Tagesplaner/Tagesplaner/DerivedData/Build/Intermediates.noindex/Tagesplaner.build/Release-iphoneos/Tagesplaner.build/assetcatalog_generated_info.plist --app-icon AppIcon --compress-pngs --enable-on-demand-resources YES --development-region de --target-device iphone --target-device ipad --minimum-deployment-target 17.0 --platform iphoneos --bundle-identifier de.maxkamprath.tagesplaner --generate-swift-asset-symbol-extensions NO --generate-swift-asset-symbols /Users/runner/work/Tagesplaner/Tagesplaner/DerivedData/Build/Intermediates.noindex/Tagesplaner.build/Release-iphoneos/Tagesplaner.build/DerivedSources/GeneratedAssetSymbols.swift --generate-objc-asset-symbols /Users/runner/work/Tagesplaner/Tagesplaner/DerivedData/Build/Intermediates.noindex/Tagesplaner.build/Release-iphoneos/Tagesplaner.build/DerivedSources/GeneratedAssetSymbols.h --generate-asset-symbol-index /Users/runner/work/Tagesplaner/Tagesplaner/DerivedData/Build/Intermediates.noindex/Tagesplaner.build/Release-iphoneos/Tagesplaner.build/DerivedSources/GeneratedAssetSymbols-Index.plist
/* com.apple.actool.compilation-results */
/Users/runner/work/Tagesplaner/Tagesplaner/DerivedData/Build/Intermediates.noindex/Tagesplaner.build/Release-iphoneos/Tagesplaner.build/DerivedSources/GeneratedAssetSymbols-Index.plist
/Users/runner/work/Tagesplaner/Tagesplaner/DerivedData/Build/Intermediates.noindex/Tagesplaner.build/Release-iphoneos/Tagesplaner.build/DerivedSources/GeneratedAssetSymbols.h
/Users/runner/work/Tagesplaner/Tagesplaner/DerivedData/Build/Intermediates.noindex/Tagesplaner.build/Release-iphoneos/Tagesplaner.build/DerivedSources/GeneratedAssetSymbols.swift


CompileAssetCatalogVariant thinned /Users/runner/work/Tagesplaner/Tagesplaner/DerivedData/Build/Products/Release-iphoneos/Tagesplaner.app /Users/runner/work/Tagesplaner/Tagesplaner/App/Assets.xcassets (in target 'Tagesplaner' from project 'Tagesplaner')
    cd /Users/runner/work/Tagesplaner/Tagesplaner
    /Applications/Xcode_26.6.app/Contents/Developer/usr/bin/actool /Users/runner/work/Tagesplaner/Tagesplaner/App/Assets.xcassets --compile /Users/runner/work/Tagesplaner/Tagesplaner/DerivedData/Build/Intermediates.noindex/Tagesplaner.build/Release-iphoneos/Tagesplaner.build/assetcatalog_output/thinned --output-format human-readable-text --notices --warnings --export-dependency-info /Users/runner/work/Tagesplaner/Tagesplaner/DerivedData/Build/Intermediates.noindex/Tagesplaner.build/Release-iphoneos/Tagesplaner.build/assetcatalog_dependencies_thinned --output-partial-info-plist /Users/runner/work/Tagesplaner/Tagesplaner/DerivedData/Build/Intermediates.noindex/Tagesplaner.build/Release-iphoneos/Tagesplaner.build/assetcatalog_generated_info.plist_thinned --app-icon AppIcon --compress-pngs --enable-on-demand-resources YES --development-region de --target-device iphone --target-device ipad --minimum-deployment-target 17.0 --platform iphoneos
/* com.apple.actool.compilation-results */
/Users/runner/work/Tagesplaner/Tagesplaner/DerivedData/Build/Intermediates.noindex/Tagesplaner.build/Release-iphoneos/Tagesplaner.build/assetcatalog_generated_info.plist_thinned
/Users/runner/work/Tagesplaner/Tagesplaner/DerivedData/Build/Intermediates.noindex/Tagesplaner.build/Release-iphoneos/Tagesplaner.build/assetcatalog_output/thinned/AppIcon60x60@2x.png
/Users/runner/work/Tagesplaner/Tagesplaner/DerivedData/Build/Intermediates.noindex/Tagesplaner.build/Release-iphoneos/Tagesplaner.build/assetcatalog_output/thinned/AppIcon76x76@2x~ipad.png
/Users/runner/work/Tagesplaner/Tagesplaner/DerivedData/Build/Intermediates.noindex/Tagesplaner.build/Release-iphoneos/Tagesplaner.build/assetcatalog_output/thinned/Assets.car


SwiftDriver Tagesplaner normal arm64 com.apple.xcode.tools.swift.compiler (in target 'Tagesplaner' from project 'Tagesplaner')
    cd /Users/runner/work/Tagesplaner/Tagesplaner
    builtin-SwiftDriver -- /Applications/Xcode_26.6.app/Contents/Developer/Toolchains/XcodeDefault.xctoolchain/usr/bin/swiftc -module-name Tagesplaner -O -whole-module-optimization @/Users/runner/work/Tagesplaner/Tagesplaner/DerivedData/Build/Intermediates.noindex/Tagesplaner.build/Release-iphoneos/Tagesplaner.build/Objects-normal/arm64/Tagesplaner.SwiftFileList -enable-bare-slash-regex -enable-experimental-feature DebugDescriptionMacro -sdk /Applications/Xcode_26.6.app/Contents/Developer/Platforms/iPhoneOS.platform/Developer/SDKs/iPhoneOS26.5.sdk -target arm64-apple-ios17.0 -g -module-cache-path /Users/runner/work/Tagesplaner/Tagesplaner/DerivedData/ModuleCache.noindex -Xfrontend -serialize-debugging-options -swift-version 5 -I /Users/runner/work/Tagesplaner/Tagesplaner/DerivedData/Build/Products/Release-iphoneos -F /Users/runner/work/Tagesplaner/Tagesplaner/DerivedData/Build/Products/Release-iphoneos/PackageFrameworks -F /Users/runner/work/Tagesplaner/Tagesplaner/DerivedData/Build/Products/Release-iphoneos -c -num-threads 3 -Xcc -ivfsstatcache -Xcc /Users/runner/work/Tagesplaner/Tagesplaner/DerivedData/SDKStatCaches.noindex/iphoneos26.5-23F81a-688ef53f1462e2c8f657fdc38a81448fee66e23052a0157c865c76b268046726.sdkstatcache -output-file-map /Users/runner/work/Tagesplaner/Tagesplaner/DerivedData/Build/Intermediates.noindex/Tagesplaner.build/Release-iphoneos/Tagesplaner.build/Objects-normal/arm64/Tagesplaner-OutputFileMap.json -use-frontend-parseable-output -save-temps -no-color-diagnostics -explicit-module-build -module-cache-path /Users/runner/work/Tagesplaner/Tagesplaner/DerivedData/Build/Intermediates.noindex/SwiftExplicitPrecompiledModules -clang-scanner-module-cache-path /Users/runner/work/Tagesplaner/Tagesplaner/DerivedData/ModuleCache.noindex -sdk-module-cache-path /Users/runner/work/Tagesplaner/Tagesplaner/DerivedData/ModuleCache.noindex -serialize-diagnostics -emit-dependencies -emit-module -emit-module-path /Users/runner/work/Tagesplaner/Tagesplaner/DerivedData/Build/Intermediates.noindex/Tagesplaner.build/Release-iphoneos/Tagesplaner.build/Objects-normal/arm64/Tagesplaner.swiftmodule -validate-clang-modules-once -clang-build-session-file /Users/runner/work/Tagesplaner/Tagesplaner/DerivedData/ModuleCache.noindex/Session.modulevalidation -Xcc -I/Users/runner/work/Tagesplaner/Tagesplaner/DerivedData/Build/Intermediates.noindex/Tagesplaner.build/Release-iphoneos/Tagesplaner.build/swift-overrides.hmap -emit-const-values -Xfrontend -const-gather-protocols-file -Xfrontend /Users/runner/work/Tagesplaner/Tagesplaner/DerivedData/Build/Intermediates.noindex/Tagesplaner.build/Release-iphoneos/Tagesplaner.build/Objects-normal/arm64/Tagesplaner_const_extract_protocols.json -Xcc -iquote -Xcc /Users/runner/work/Tagesplaner/Tagesplaner/DerivedData/Build/Intermediates.noindex/Tagesplaner.build/Release-iphoneos/Tagesplaner.build/Tagesplaner-generated-files.hmap -Xcc -I/Users/runner/work/Tagesplaner/Tagesplaner/DerivedData/Build/Intermediates.noindex/Tagesplaner.build/Release-iphoneos/Tagesplaner.build/Tagesplaner-own-target-headers.hmap -Xcc -I/Users/runner/work/Tagesplaner/Tagesplaner/DerivedData/Build/Intermediates.noindex/Tagesplaner.build/Release-iphoneos/Tagesplaner.build/Tagesplaner-all-non-framework-target-headers.hmap -Xcc -ivfsoverlay -Xcc /Users/runner/work/Tagesplaner/Tagesplaner/DerivedData/Build/Intermediates.noindex/Tagesplaner.build/Release-iphoneos/Tagesplaner-06596a4c0479a151a4276fb9806ef9b8-VFS-iphoneos/all-product-headers.yaml -Xcc -iquote -Xcc /Users/runner/work/Tagesplaner/Tagesplaner/DerivedData/Build/Intermediates.noindex/Tagesplaner.build/Release-iphoneos/Tagesplaner.build/Tagesplaner-project-headers.hmap -Xcc -I/Users/runner/work/Tagesplaner/Tagesplaner/DerivedData/Build/Products/Release-iphoneos/include -Xcc -I/Users/runner/work/Tagesplaner/Tagesplaner/DerivedData/Build/Intermediates.noindex/Tagesplaner.build/Release-iphoneos/Tagesplaner.build/DerivedSources-normal/arm64 -Xcc -I/Users/runner/work/Tagesplaner/Tagesplaner/DerivedData/Build/Intermediates.noindex/Tagesplaner.build/Release-iphoneos/Tagesplaner.build/DerivedSources/arm64 -Xcc -I/Users/runner/work/Tagesplaner/Tagesplaner/DerivedData/Build/Intermediates.noindex/Tagesplaner.build/Release-iphoneos/Tagesplaner.build/DerivedSources -emit-objc-header -emit-objc-header-path /Users/runner/work/Tagesplaner/Tagesplaner/DerivedData/Build/Intermediates.noindex/Tagesplaner.build/Release-iphoneos/Tagesplaner.build/Objects-normal/arm64/Tagesplaner-Swift.h -working-directory /Users/runner/work/Tagesplaner/Tagesplaner -no-emit-module-separately-wmo

GenerateDSYMFile /Users/runner/work/Tagesplaner/Tagesplaner/DerivedData/Build/Products/Release-iphoneos/TagesplanerWidgets.appex.dSYM /Users/runner/work/Tagesplaner/Tagesplaner/DerivedData/Build/Products/Release-iphoneos/TagesplanerWidgets.appex/TagesplanerWidgets (in target 'TagesplanerWidgets' from project 'Tagesplaner')
    cd /Users/runner/work/Tagesplaner/Tagesplaner
    /Applications/Xcode_26.6.app/Contents/Developer/Toolchains/XcodeDefault.xctoolchain/usr/bin/dsymutil /Users/runner/work/Tagesplaner/Tagesplaner/DerivedData/Build/Products/Release-iphoneos/TagesplanerWidgets.appex/TagesplanerWidgets -o /Users/runner/work/Tagesplaner/Tagesplaner/DerivedData/Build/Products/Release-iphoneos/TagesplanerWidgets.appex.dSYM

SwiftDriver\ Compilation Tagesplaner normal arm64 com.apple.xcode.tools.swift.compiler (in target 'Tagesplaner' from project 'Tagesplaner')
    cd /Users/runner/work/Tagesplaner/Tagesplaner
    builtin-Swift-Compilation -- /Applications/Xcode_26.6.app/Contents/Developer/Toolchains/XcodeDefault.xctoolchain/usr/bin/swiftc -module-name Tagesplaner -O -whole-module-optimization @/Users/runner/work/Tagesplaner/Tagesplaner/DerivedData/Build/Intermediates.noindex/Tagesplaner.build/Release-iphoneos/Tagesplaner.build/Objects-normal/arm64/Tagesplaner.SwiftFileList -enable-bare-slash-regex -enable-experimental-feature DebugDescriptionMacro -sdk /Applications/Xcode_26.6.app/Contents/Developer/Platforms/iPhoneOS.platform/Developer/SDKs/iPhoneOS26.5.sdk -target arm64-apple-ios17.0 -g -module-cache-path /Users/runner/work/Tagesplaner/Tagesplaner/DerivedData/ModuleCache.noindex -Xfrontend -serialize-debugging-options -swift-version 5 -I /Users/runner/work/Tagesplaner/Tagesplaner/DerivedData/Build/Products/Release-iphoneos -F /Users/runner/work/Tagesplaner/Tagesplaner/DerivedData/Build/Products/Release-iphoneos/PackageFrameworks -F /Users/runner/work/Tagesplaner/Tagesplaner/DerivedData/Build/Products/Release-iphoneos -c -num-threads 3 -Xcc -ivfsstatcache -Xcc /Users/runner/work/Tagesplaner/Tagesplaner/DerivedData/SDKStatCaches.noindex/iphoneos26.5-23F81a-688ef53f1462e2c8f657fdc38a81448fee66e23052a0157c865c76b268046726.sdkstatcache -output-file-map /Users/runner/work/Tagesplaner/Tagesplaner/DerivedData/Build/Intermediates.noindex/Tagesplaner.build/Release-iphoneos/Tagesplaner.build/Objects-normal/arm64/Tagesplaner-OutputFileMap.json -use-frontend-parseable-output -save-temps -no-color-diagnostics -explicit-module-build -module-cache-path /Users/runner/work/Tagesplaner/Tagesplaner/DerivedData/Build/Intermediates.noindex/SwiftExplicitPrecompiledModules -clang-scanner-module-cache-path /Users/runner/work/Tagesplaner/Tagesplaner/DerivedData/ModuleCache.noindex -sdk-module-cache-path /Users/runner/work/Tagesplaner/Tagesplaner/DerivedData/ModuleCache.noindex -serialize-diagnostics -emit-dependencies -emit-module -emit-module-path /Users/runner/work/Tagesplaner/Tagesplaner/DerivedData/Build/Intermediates.noindex/Tagesplaner.build/Release-iphoneos/Tagesplaner.build/Objects-normal/arm64/Tagesplaner.swiftmodule -validate-clang-modules-once -clang-build-session-file /Users/runner/work/Tagesplaner/Tagesplaner/DerivedData/ModuleCache.noindex/Session.modulevalidation -Xcc -I/Users/runner/work/Tagesplaner/Tagesplaner/DerivedData/Build/Intermediates.noindex/Tagesplaner.build/Release-iphoneos/Tagesplaner.build/swift-overrides.hmap -emit-const-values -Xfrontend -const-gather-protocols-file -Xfrontend /Users/runner/work/Tagesplaner/Tagesplaner/DerivedData/Build/Intermediates.noindex/Tagesplaner.build/Release-iphoneos/Tagesplaner.build/Objects-normal/arm64/Tagesplaner_const_extract_protocols.json -Xcc -iquote -Xcc /Users/runner/work/Tagesplaner/Tagesplaner/DerivedData/Build/Intermediates.noindex/Tagesplaner.build/Release-iphoneos/Tagesplaner.build/Tagesplaner-generated-files.hmap -Xcc -I/Users/runner/work/Tagesplaner/Tagesplaner/DerivedData/Build/Intermediates.noindex/Tagesplaner.build/Release-iphoneos/Tagesplaner.build/Tagesplaner-own-target-headers.hmap -Xcc -I/Users/runner/work/Tagesplaner/Tagesplaner/DerivedData/Build/Intermediates.noindex/Tagesplaner.build/Release-iphoneos/Tagesplaner.build/Tagesplaner-all-non-framework-target-headers.hmap -Xcc -ivfsoverlay -Xcc /Users/runner/work/Tagesplaner/Tagesplaner/DerivedData/Build/Intermediates.noindex/Tagesplaner.build/Release-iphoneos/Tagesplaner-06596a4c0479a151a4276fb9806ef9b8-VFS-iphoneos/all-product-headers.yaml -Xcc -iquote -Xcc /Users/runner/work/Tagesplaner/Tagesplaner/DerivedData/Build/Intermediates.noindex/Tagesplaner.build/Release-iphoneos/Tagesplaner.build/Tagesplaner-project-headers.hmap -Xcc -I/Users/runner/work/Tagesplaner/Tagesplaner/DerivedData/Build/Products/Release-iphoneos/include -Xcc -I/Users/runner/work/Tagesplaner/Tagesplaner/DerivedData/Build/Intermediates.noindex/Tagesplaner.build/Release-iphoneos/Tagesplaner.build/DerivedSources-normal/arm64 -Xcc -I/Users/runner/work/Tagesplaner/Tagesplaner/DerivedData/Build/Intermediates.noindex/Tagesplaner.build/Release-iphoneos/Tagesplaner.build/DerivedSources/arm64 -Xcc -I/Users/runner/work/Tagesplaner/Tagesplaner/DerivedData/Build/Intermediates.noindex/Tagesplaner.build/Release-iphoneos/Tagesplaner.build/DerivedSources -emit-objc-header -emit-objc-header-path /Users/runner/work/Tagesplaner/Tagesplaner/DerivedData/Build/Intermediates.noindex/Tagesplaner.build/Release-iphoneos/Tagesplaner.build/Objects-normal/arm64/Tagesplaner-Swift.h -working-directory /Users/runner/work/Tagesplaner/Tagesplaner -no-emit-module-separately-wmo

SwiftExplicitDependencyGeneratePcm arm64 /Users/runner/work/Tagesplaner/Tagesplaner/DerivedData/ModuleCache.noindex/_Builtin_stdarg-BTIVRK2BYJQQN4LGV4PO00L4M.pcm

SwiftExplicitDependencyGeneratePcm arm64 /Users/runner/work/Tagesplaner/Tagesplaner/DerivedData/ModuleCache.noindex/ActivityKit-2M3TVLYAEU8JISMRUAPM4C73J.pcm

SwiftExplicitDependencyGeneratePcm arm64 /Users/runner/work/Tagesplaner/Tagesplaner/DerivedData/ModuleCache.noindex/_Builtin_float-BS1Z3KKOYE5H9W3SDY4RW2QQQ.pcm

SwiftExplicitDependencyGeneratePcm arm64 /Users/runner/work/Tagesplaner/Tagesplaner/DerivedData/ModuleCache.noindex/_Builtin_stdbool-1AM73Q35K1M4Y3IA60QO0RYN5.pcm

SwiftExplicitDependencyGeneratePcm arm64 /Users/runner/work/Tagesplaner/Tagesplaner/DerivedData/ModuleCache.noindex/_AvailabilityInternal-CDSOWVZTJZIXI40D65GASUFZ5.pcm

SwiftExplicitDependencyGeneratePcm arm64 /Users/runner/work/Tagesplaner/Tagesplaner/DerivedData/ModuleCache.noindex/_Builtin_stddef-184JD93C926VDS08I8VTUXBXM.pcm

SwiftExplicitDependencyGeneratePcm arm64 /Users/runner/work/Tagesplaner/Tagesplaner/DerivedData/ModuleCache.noindex/SwiftShims-3T99EWRLH2VOIJ4BSWJLZDA05.pcm

SwiftExplicitDependencyGeneratePcm arm64 /Users/runner/work/Tagesplaner/Tagesplaner/DerivedData/ModuleCache.noindex/DeveloperToolsSupport-7K3PW6TH1XL9DVGL8OL7937UX.pcm

SwiftExplicitDependencyGeneratePcm arm64 /Users/runner/work/Tagesplaner/Tagesplaner/DerivedData/ModuleCache.noindex/ptrauth-CZ4P5UM3YZ2V8X3BER3XDNJG.pcm

SwiftExplicitDependencyGeneratePcm arm64 /Users/runner/work/Tagesplaner/Tagesplaner/DerivedData/ModuleCache.noindex/_SwiftConcurrencyShims-8HQXOGNP1DCGC13CI6TGWXSMV.pcm

SwiftExplicitDependencyGeneratePcm arm64 /Users/runner/work/Tagesplaner/Tagesplaner/DerivedData/ModuleCache.noindex/ptrcheck-73J72P5VYPUYO8H9QPGV2VZEK.pcm

ExtractAppIntentsMetadata (in target 'TagesplanerWidgets' from project 'Tagesplaner')
    cd /Users/runner/work/Tagesplaner/Tagesplaner
    /Applications/Xcode_26.6.app/Contents/Developer/Toolchains/XcodeDefault.xctoolchain/usr/bin/appintentsmetadataprocessor --toolchain-dir /var/run/com.apple.security.cryptexd/mnt/com.apple.MobileAsset.MetalToolchain-v17.6.109.0.qq6bwr/Metal.xctoolchain --module-name TagesplanerWidgets --sdk-root /Applications/Xcode_26.6.app/Contents/Developer/Platforms/iPhoneOS.platform/Developer/SDKs/iPhoneOS26.5.sdk --xcode-version 17F113 --platform-family iOS --deployment-target 17.0 --bundle-identifier de.maxkamprath.tagesplaner.widgets --output /Users/runner/work/Tagesplaner/Tagesplaner/DerivedData/Build/Products/Release-iphoneos/TagesplanerWidgets.appex --target-triple arm64-apple-ios17.0 --binary-file /Users/runner/work/Tagesplaner/Tagesplaner/DerivedData/Build/Products/Release-iphoneos/TagesplanerWidgets.appex/TagesplanerWidgets --dependency-file /Users/runner/work/Tagesplaner/Tagesplaner/DerivedData/Build/Intermediates.noindex/Tagesplaner.build/Release-iphoneos/TagesplanerWidgets.build/Objects-normal/arm64/TagesplanerWidgets_dependency_info.dat --stringsdata-file /Users/runner/work/Tagesplaner/Tagesplaner/DerivedData/Build/Intermediates.noindex/Tagesplaner.build/Release-iphoneos/TagesplanerWidgets.build/Objects-normal/arm64/ExtractedAppShortcutsMetadata.stringsdata --source-file-list /Users/runner/work/Tagesplaner/Tagesplaner/DerivedData/Build/Intermediates.noindex/Tagesplaner.build/Release-iphoneos/TagesplanerWidgets.build/Objects-normal/arm64/TagesplanerWidgets.SwiftFileList --metadata-file-list /Users/runner/work/Tagesplaner/Tagesplaner/DerivedData/Build/Intermediates.noindex/Tagesplaner.build/Release-iphoneos/TagesplanerWidgets.build/TagesplanerWidgets.DependencyMetadataFileList --static-metadata-file-list /Users/runner/work/Tagesplaner/Tagesplaner/DerivedData/Build/Intermediates.noindex/Tagesplaner.build/Release-iphoneos/TagesplanerWidgets.build/TagesplanerWidgets.DependencyStaticMetadataFileList --swift-const-vals-list /Users/runner/work/Tagesplaner/Tagesplaner/DerivedData/Build/Intermediates.noindex/Tagesplaner.build/Release-iphoneos/TagesplanerWidgets.build/Objects-normal/arm64/TagesplanerWidgets.SwiftConstValuesFileList --compile-time-extraction --deployment-aware-processing --validate-assistant-intents --no-app-shortcuts-localization
2026-10-04 21:31:14.863 appintentsmetadataprocessor[3602:14899] Starting appintentsmetadataprocessor export
2026-10-04 21:31:14.883 appintentsmetadataprocessor[3602:14899] Extracted no relevant App Intents symbols, skipping writing output

AppIntentsSSUTraining (in target 'TagesplanerWidgets' from project 'Tagesplaner')
    cd /Users/runner/work/Tagesplaner/Tagesplaner
    /Applications/Xcode_26.6.app/Contents/Developer/Toolchains/XcodeDefault.xctoolchain/usr/bin/appintentsnltrainingprocessor --infoplist-path /Users/runner/work/Tagesplaner/Tagesplaner/DerivedData/Build/Products/Release-iphoneos/TagesplanerWidgets.appex/Info.plist --temp-dir-path /Users/runner/work/Tagesplaner/Tagesplaner/DerivedData/Build/Intermediates.noindex/Tagesplaner.build/Release-iphoneos/TagesplanerWidgets.build/ssu --bundle-id de.maxkamprath.tagesplaner.widgets --product-path /Users/runner/work/Tagesplaner/Tagesplaner/DerivedData/Build/Products/Release-iphoneos/TagesplanerWidgets.appex --extracted-metadata-path /Users/runner/work/Tagesplaner/Tagesplaner/DerivedData/Build/Products/Release-iphoneos/TagesplanerWidgets.appex/Metadata.appintents --metadata-file-list /Users/runner/work/Tagesplaner/Tagesplaner/DerivedData/Build/Intermediates.noindex/Tagesplaner.build/Release-iphoneos/TagesplanerWidgets.build/TagesplanerWidgets.DependencyMetadataFileList --source-file /Users/runner/work/Tagesplaner/Tagesplaner/DerivedData/Build/Products/Release-iphoneos/TagesplanerWidgets.appex/Info.plist --archive-ssu-assets
2026-10-04 21:31:14.931 appintentsnltrainingprocessor[3603:14902] Parsing options for appintentsnltrainingprocessor
2026-10-04 21:31:14.932 appintentsnltrainingprocessor[3603:14902] Starting AppIntents SSU YAML Generation
2026-10-04 21:31:14.937 appintentsnltrainingprocessor[3603:14902] No AppShortcuts found - Skipping.

RegisterExecutionPolicyException /Users/runner/work/Tagesplaner/Tagesplaner/DerivedData/Build/Products/Release-iphoneos/TagesplanerWidgets.appex (in target 'TagesplanerWidgets' from project 'Tagesplaner')
    cd /Users/runner/work/Tagesplaner/Tagesplaner
    builtin-RegisterExecutionPolicyException /Users/runner/work/Tagesplaner/Tagesplaner/DerivedData/Build/Products/Release-iphoneos/TagesplanerWidgets.appex

Touch /Users/runner/work/Tagesplaner/Tagesplaner/DerivedData/Build/Products/Release-iphoneos/TagesplanerWidgets.appex (in target 'TagesplanerWidgets' from project 'Tagesplaner')
    cd /Users/runner/work/Tagesplaner/Tagesplaner
    /usr/bin/touch -c /Users/runner/work/Tagesplaner/Tagesplaner/DerivedData/Build/Products/Release-iphoneos/TagesplanerWidgets.appex

SwiftExplicitDependencyGeneratePcm arm64 /Users/runner/work/Tagesplaner/Tagesplaner/DerivedData/ModuleCache.noindex/_DarwinFoundation1-79WRKDNT15W3WVPYJ9HU3EU6G.pcm

SwiftExplicitDependencyGeneratePcm arm64 /Users/runner/work/Tagesplaner/Tagesplaner/DerivedData/ModuleCache.noindex/ExtensionFoundation-ANRBIF7E9UV4AU22FHX2QF4VZ.pcm

SwiftExplicitDependencyGeneratePcm arm64 /Users/runner/work/Tagesplaner/Tagesplaner/DerivedData/ModuleCache.noindex/_DarwinFoundation2-9851D76WPR3GO9N9S1BZSW4S1.pcm

SwiftExplicitDependencyGeneratePcm arm64 /Users/runner/work/Tagesplaner/Tagesplaner/DerivedData/ModuleCache.noindex/_Builtin_limits-EX5KOEYJZUHD38VK9TTLA43BA.pcm

SwiftExplicitDependencyGeneratePcm arm64 /Users/runner/work/Tagesplaner/Tagesplaner/DerivedData/ModuleCache.noindex/_Builtin_stdint-4I3MTI688SKV3Q3URRI6AITZ6.pcm

SwiftExplicitDependencyGeneratePcm arm64 /Users/runner/work/Tagesplaner/Tagesplaner/DerivedData/ModuleCache.noindex/_Builtin_tgmath-DE9XKTWO9PHFAFGBG7FB7DKGP.pcm

SwiftExplicitDependencyGeneratePcm arm64 /Users/runner/work/Tagesplaner/Tagesplaner/DerivedData/ModuleCache.noindex/sys_types-CDO1X583G3KCY9037YQ44WUVK.pcm

SwiftExplicitDependencyGeneratePcm arm64 /Users/runner/work/Tagesplaner/Tagesplaner/DerivedData/ModuleCache.noindex/_Builtin_intrinsics-2T3KV2C32MIDNHM52XQRGXUC1.pcm

SwiftExplicitDependencyGeneratePcm arm64 /Users/runner/work/Tagesplaner/Tagesplaner/DerivedData/ModuleCache.noindex/_DarwinFoundation3-42JD34I612HI8J0MNEHEAII4.pcm

SwiftExplicitDependencyGeneratePcm arm64 /Users/runner/work/Tagesplaner/Tagesplaner/DerivedData/ModuleCache.noindex/_Builtin_stdatomic-C75S4CKOT0PPNZCPQ71D0V1AS.pcm

SwiftExplicitDependencyGeneratePcm arm64 /Users/runner/work/Tagesplaner/Tagesplaner/DerivedData/ModuleCache.noindex/_Builtin_inttypes-82BFOSF24TKMRISI3DZQDRL32.pcm

SwiftExplicitDependencyGeneratePcm arm64 /Users/runner/work/Tagesplaner/Tagesplaner/DerivedData/ModuleCache.noindex/Darwin-DE0ONRNT97YVCE2VOWMH4J4BP.pcm

SwiftExplicitDependencyGeneratePcm arm64 /Users/runner/work/Tagesplaner/Tagesplaner/DerivedData/ModuleCache.noindex/simd-46Z32COEREBB1IM5OI690RA91.pcm

SwiftExplicitDependencyGeneratePcm arm64 /Users/runner/work/Tagesplaner/Tagesplaner/DerivedData/ModuleCache.noindex/ObjectiveC-D6VBKD5KS55PBX69835BPDGKP.pcm

SwiftExplicitDependencyGeneratePcm arm64 /Users/runner/work/Tagesplaner/Tagesplaner/DerivedData/ModuleCache.noindex/MachO-F2I5W9YP9URBZA71E6SNFDGH5.pcm

SwiftExplicitDependencyGeneratePcm arm64 /Users/runner/work/Tagesplaner/Tagesplaner/DerivedData/ModuleCache.noindex/os_object-8PLZ0YCC5XI5HZVGH603A7IBL.pcm

SwiftExplicitDependencyGeneratePcm arm64 /Users/runner/work/Tagesplaner/Tagesplaner/DerivedData/ModuleCache.noindex/os_workgroup-6OA2ZNZBEQJKX8IW6WDUBCT80.pcm

SwiftExplicitDependencyGeneratePcm arm64 /Users/runner/work/Tagesplaner/Tagesplaner/DerivedData/ModuleCache.noindex/Dispatch-6RP0WBAL4YGLEA56C4UJ0PSJ8.pcm

SwiftExplicitDependencyGeneratePcm arm64 /Users/runner/work/Tagesplaner/Tagesplaner/DerivedData/ModuleCache.noindex/dnssd-5BOCOKJ9N2O6GYTHXY6IIU2M4.pcm

SwiftExplicitDependencyGeneratePcm arm64 /Users/runner/work/Tagesplaner/Tagesplaner/DerivedData/ModuleCache.noindex/CoreFoundation-C2W8V5GTZHZZBVN4KLW8ZAKJR.pcm

SwiftExplicitDependencyGeneratePcm arm64 /Users/runner/work/Tagesplaner/Tagesplaner/DerivedData/ModuleCache.noindex/XPC-8ZCYVSPR596O95WD91X0DJYQN.pcm

SwiftExplicitDependencyGeneratePcm arm64 /Users/runner/work/Tagesplaner/Tagesplaner/DerivedData/ModuleCache.noindex/Spatial-CX3WHGU36EF1Y51SBWD7TEI86.pcm

SwiftExplicitDependencyGeneratePcm arm64 /Users/runner/work/Tagesplaner/Tagesplaner/DerivedData/ModuleCache.noindex/os-3OLSBUOAJZ3PAZKVL1ZLY890R.pcm

SwiftExplicitDependencyGeneratePcm arm64 /Users/runner/work/Tagesplaner/Tagesplaner/DerivedData/ModuleCache.noindex/CoreGraphics-6FGANSV3RMZTT63ICCEKP24QM.pcm

SwiftExplicitDependencyGeneratePcm arm64 /Users/runner/work/Tagesplaner/Tagesplaner/DerivedData/ModuleCache.noindex/CFNetwork-EMKSX233CDK8FFG7IMPZCDXIY.pcm

SwiftExplicitDependencyGeneratePcm arm64 /Users/runner/work/Tagesplaner/Tagesplaner/DerivedData/ModuleCache.noindex/ImageIO-DS3C6P0IO1601TTKTGFZQXCVG.pcm

SwiftExplicitDependencyGeneratePcm arm64 /Users/runner/work/Tagesplaner/Tagesplaner/DerivedData/ModuleCache.noindex/CoreText-CZD44MZJA1II2NZO9PP20HWED.pcm

SwiftExplicitDependencyGeneratePcm arm64 /Users/runner/work/Tagesplaner/Tagesplaner/DerivedData/ModuleCache.noindex/Security-A7YNQSSP6RQYSN18E6CTBENS2.pcm

SwiftExplicitDependencyGeneratePcm arm64 /Users/runner/work/Tagesplaner/Tagesplaner/DerivedData/ModuleCache.noindex/AddressBook-CWKWVN5N8SUP8XMY819YZH2U0.pcm

SwiftExplicitDependencyGeneratePcm arm64 /Users/runner/work/Tagesplaner/Tagesplaner/DerivedData/ModuleCache.noindex/Foundation-3AI429EJS6GRUCQ9VLFUK4VKM.pcm

SwiftExplicitDependencyGeneratePcm arm64 /Users/runner/work/Tagesplaner/Tagesplaner/DerivedData/ModuleCache.noindex/DataDetection-DRXKUYTTV3BMKFG5Q1VUNNA9E.pcm

SwiftExplicitDependencyGeneratePcm arm64 /Users/runner/work/Tagesplaner/Tagesplaner/DerivedData/ModuleCache.noindex/UserNotifications-AQ2O477CLAEQBPTKH2F4LW9F.pcm

SwiftExplicitDependencyGeneratePcm arm64 /Users/runner/work/Tagesplaner/Tagesplaner/DerivedData/ModuleCache.noindex/UIUtilities-AK1WN7I8N2KK3OGEY0H6YHC8B.pcm

SwiftExplicitDependencyGeneratePcm arm64 /Users/runner/work/Tagesplaner/Tagesplaner/DerivedData/ModuleCache.noindex/Network-8RSAX1X9OUVDYBGWG2IQXR746.pcm

SwiftExplicitDependencyGeneratePcm arm64 /Users/runner/work/Tagesplaner/Tagesplaner/DerivedData/ModuleCache.noindex/OSLog-BLKPO7DV6SH60UQKQ0I8EQ45O.pcm

SwiftExplicitDependencyGeneratePcm arm64 /Users/runner/work/Tagesplaner/Tagesplaner/DerivedData/ModuleCache.noindex/Accessibility-4P3TSGW42HESQU9LOYGOWQG5S.pcm

SwiftExplicitDependencyGeneratePcm arm64 /Users/runner/work/Tagesplaner/Tagesplaner/DerivedData/ModuleCache.noindex/CoreTransferable-14LWFMFKIPO3VRBBJ7T0G9A8C.pcm

SwiftExplicitDependencyGeneratePcm arm64 /Users/runner/work/Tagesplaner/Tagesplaner/DerivedData/ModuleCache.noindex/RelevanceKit-2F0FNYBU0V51LTAU7BUADKQRR.pcm

SwiftExplicitDependencyGeneratePcm arm64 /Users/runner/work/Tagesplaner/Tagesplaner/DerivedData/ModuleCache.noindex/UniformTypeIdentifiers-1M24J02SJ9O04G66X37F7AMSQ.pcm

SwiftExplicitDependencyGeneratePcm arm64 /Users/runner/work/Tagesplaner/Tagesplaner/DerivedData/ModuleCache.noindex/WidgetKit-CXA8MZFRU6GC7AXK2T80YYAOL.pcm

SwiftExplicitDependencyGeneratePcm arm64 /Users/runner/work/Tagesplaner/Tagesplaner/DerivedData/ModuleCache.noindex/CoreData-7W105OWOA2LBT4DLQQSYWKBKK.pcm

SwiftExplicitDependencyGeneratePcm arm64 /Users/runner/work/Tagesplaner/Tagesplaner/DerivedData/ModuleCache.noindex/_LocationEssentials-2YCM0GNQU146FQBSGBKPF6162.pcm

SwiftExplicitDependencyGeneratePcm arm64 /Users/runner/work/Tagesplaner/Tagesplaner/DerivedData/ModuleCache.noindex/Symbols-RAXN4LW9X2TUILIDVMKF3HWW.pcm

SwiftExplicitDependencyGeneratePcm arm64 /Users/runner/work/Tagesplaner/Tagesplaner/DerivedData/ModuleCache.noindex/CoreLocation-A2QPYQ3PESBBNECB9K8LOHWN3.pcm

SwiftExplicitDependencyGeneratePcm arm64 /Users/runner/work/Tagesplaner/Tagesplaner/DerivedData/ModuleCache.noindex/AppIntents-C483RLYQU4Q4WPZJVGQOAGPUA.pcm

SwiftExplicitDependencyGeneratePcm arm64 /Users/runner/work/Tagesplaner/Tagesplaner/DerivedData/ModuleCache.noindex/CoreSpotlight-3O1LEW87ZFQINSPW50YXSGOVS.pcm

SwiftExplicitDependencyGeneratePcm arm64 /Users/runner/work/Tagesplaner/Tagesplaner/DerivedData/ModuleCache.noindex/FileProvider-359IHDY8FGK885SWQZQC6ZZOG.pcm

SwiftExplicitDependencyGeneratePcm arm64 /Users/runner/work/Tagesplaner/Tagesplaner/DerivedData/ModuleCache.noindex/Intents-8IPQV5434XXSTNU14CIF1SFI1.pcm

SwiftExplicitDependencyGeneratePcm arm64 /Users/runner/work/Tagesplaner/Tagesplaner/DerivedData/ModuleCache.noindex/EventKit-4TDU6DUITMJEXOLTTKVFCCKT5.pcm

SwiftExplicitDependencyGeneratePcm arm64 /Users/runner/work/Tagesplaner/Tagesplaner/DerivedData/ModuleCache.noindex/IOSurface-PL0ITXN99AB6FCWWOGKTTGKE.pcm

SwiftExplicitDependencyGeneratePcm arm64 /Users/runner/work/Tagesplaner/Tagesplaner/DerivedData/ModuleCache.noindex/OpenGLES-6SCN01NL6RP8L08DOZJOC04DP.pcm

SwiftExplicitDependencyGeneratePcm arm64 /Users/runner/work/Tagesplaner/Tagesplaner/DerivedData/ModuleCache.noindex/Metal-6UEIO9214H0FN1HBFS9OD0VWU.pcm

SwiftExplicitDependencyGeneratePcm arm64 /Users/runner/work/Tagesplaner/Tagesplaner/DerivedData/ModuleCache.noindex/CoreVideo-3A27QEYQXNZ9K3FS7RGSGNE3.pcm

SwiftExplicitDependencyGeneratePcm arm64 /Users/runner/work/Tagesplaner/Tagesplaner/DerivedData/ModuleCache.noindex/QuartzCore-C8MAV9EBQ7PYST9QZ7WG0X2L9.pcm

SwiftExplicitDependencyGeneratePcm arm64 /Users/runner/work/Tagesplaner/Tagesplaner/DerivedData/ModuleCache.noindex/CoreImage-5I9WT428QSADQF9XERH6JC6GR.pcm

SwiftExplicitDependencyGeneratePcm arm64 /Users/runner/work/Tagesplaner/Tagesplaner/DerivedData/ModuleCache.noindex/SwiftUICore-CIVY4QUJBO528867MC0S32Y29.pcm

SwiftExplicitDependencyGeneratePcm arm64 /Users/runner/work/Tagesplaner/Tagesplaner/DerivedData/ModuleCache.noindex/UIKit-CNKEB28YHK38MJ7WASGG5TZW3.pcm

SwiftExplicitDependencyGeneratePcm arm64 /Users/runner/work/Tagesplaner/Tagesplaner/DerivedData/ModuleCache.noindex/SwiftUI-G4TUEAO32A5BYW7RG8GR16BS.pcm

SwiftCompile normal arm64 Compiling\ AppGroup.swift,\ CalendarService.swift,\ DayActivityAttributes.swift,\ DayHeaderView.swift,\ DayTimelineView.swift,\ ItemCategory.swift,\ ItemEditorView.swift,\ LiveActivityService.swift,\ NotificationService.swift,\ Persistence.swift,\ PlanDayView.swift,\ PlanItem.swift,\ PlanStore.swift,\ PlannerIntents.swift,\ QuickAddView.swift,\ RootView.swift,\ ScreenshotDemo.swift,\ SettingsStore.swift,\ SettingsView.swift,\ SuggestionSheet.swift,\ TagesplanerApp.swift,\ TaskListView.swift,\ Theme.swift,\ TimelineBlockView.swift,\ WidgetSnapshot.swift,\ WidgetSync.swift,\ GeneratedAssetSymbols.swift /Users/runner/work/Tagesplaner/Tagesplaner/Shared/AppGroup.swift /Users/runner/work/Tagesplaner/Tagesplaner/App/Services/CalendarService.swift /Users/runner/work/Tagesplaner/Tagesplaner/Shared/DayActivityAttributes.swift /Users/runner/work/Tagesplaner/Tagesplaner/App/UI/DayHeaderView.swift /Users/runner/work/Tagesplaner/Tagesplaner/App/UI/Timeline/DayTimelineView.swift /Users/runner/work/Tagesplaner/Tagesplaner/App/Model/ItemCategory.swift /Users/runner/work/Tagesplaner/Tagesplaner/App/UI/Edit/ItemEditorView.swift /Users/runner/work/Tagesplaner/Tagesplaner/App/Services/LiveActivityService.swift /Users/runner/work/Tagesplaner/Tagesplaner/App/Services/NotificationService.swift /Users/runner/work/Tagesplaner/Tagesplaner/App/Persistence/Persistence.swift /Users/runner/work/Tagesplaner/Tagesplaner/App/UI/Planning/PlanDayView.swift /Users/runner/work/Tagesplaner/Tagesplaner/App/Model/PlanItem.swift /Users/runner/work/Tagesplaner/Tagesplaner/App/Store/PlanStore.swift /Users/runner/work/Tagesplaner/Tagesplaner/App/Intents/PlannerIntents.swift /Users/runner/work/Tagesplaner/Tagesplaner/App/UI/QuickAdd/QuickAddView.swift /Users/runner/work/Tagesplaner/Tagesplaner/App/UI/RootView.swift /Users/runner/work/Tagesplaner/Tagesplaner/App/ScreenshotDemo.swift /Users/runner/work/Tagesplaner/Tagesplaner/App/Store/SettingsStore.swift /Users/runner/work/Tagesplaner/Tagesplaner/App/UI/Settings/SettingsView.swift /Users/runner/work/Tagesplaner/Tagesplaner/App/UI/Planning/SuggestionSheet.swift /Users/runner/work/Tagesplaner/Tagesplaner/App/TagesplanerApp.swift /Users/runner/work/Tagesplaner/Tagesplaner/App/UI/Tasks/TaskListView.swift /Users/runner/work/Tagesplaner/Tagesplaner/Shared/Theme.swift /Users/runner/work/Tagesplaner/Tagesplaner/App/UI/Timeline/TimelineBlockView.swift /Users/runner/work/Tagesplaner/Tagesplaner/Shared/WidgetSnapshot.swift /Users/runner/work/Tagesplaner/Tagesplaner/App/Services/WidgetSync.swift /Users/runner/work/Tagesplaner/Tagesplaner/DerivedData/Build/Intermediates.noindex/Tagesplaner.build/Release-iphoneos/Tagesplaner.build/DerivedSources/GeneratedAssetSymbols.swift /Applications/Xcode_26.6.app/Contents/Developer/Toolchains/XcodeDefault.xctoolchain/usr/lib/swift/iphoneos/prebuilt-modules/26.5/_SwiftData_SwiftUI.swiftmodule/arm64e-apple-ios.swiftmodule /Applications/Xcode_26.6.app/Contents/Developer/Toolchains/XcodeDefault.xctoolchain/usr/lib/swift/iphoneos/prebuilt-modules/26.5/LightweightCodeRequirements.swiftmodule/arm64e-apple-ios.swiftmodule /Applications/Xcode_26.6.app/Contents/Developer/Toolchains/XcodeDefault.xctoolchain/usr/lib/swift/iphoneos/prebuilt-modules/26.5/CoreSpotlight.swiftmodule/arm64e-apple-ios.swiftmodule /Applications/Xcode_26.6.app/Contents/Developer/Toolchains/XcodeDefault.xctoolchain/usr/lib/swift/iphoneos/prebuilt-modules/26.5/WidgetKit.swiftmodule/arm64e-apple-ios.swiftmodule /Applications/Xcode_26.6.app/Contents/Developer/Toolchains/XcodeDefault.xctoolchain/usr/lib/swift/iphoneos/prebuilt-modules/26.5/Distributed.swiftmodule/arm64e-apple-ios.swiftmodule /Applications/Xcode_26.6.app/Contents/Developer/Toolchains/XcodeDefault.xctoolchain/usr/lib/swift/iphoneos/prebuilt-modules/26.5/SwiftUICore.swiftmodule/arm64e-apple-ios.swiftmodule /Applications/Xcode_26.6.app/Contents/Developer/Toolchains/XcodeDefault.xctoolchain/usr/lib/swift/iphoneos/prebuilt-modules/26.5/_AppIntents_SwiftUI.swiftmodule/arm64e-apple-ios.swiftmodule /Applications/Xcode_26.6.app/Contents/Developer/Toolchains/XcodeDefault.xctoolchain/usr/lib/swift/iphoneos/prebuilt-modules/26.5/simd.swiftmodule/arm64e-apple-ios.swiftmodule /Applications/Xcode_26.6.app/Contents/Developer/Toolchains/XcodeDefault.xctoolchain/usr/lib/swift/iphoneos/prebuilt-modules/26.5/ExtensionFoundation.swiftmodule/arm64e-apple-ios.swiftmodule /Applications/Xcode_26.6.app/Contents/Developer/Toolchains/XcodeDefault.xctoolchain/usr/lib/swift/iphoneos/prebuilt-modules/26.5/FileProvider.swiftmodule/arm64e-apple-ios.swiftmodule /Applications/Xcode_26.6.app/Contents/Developer/Toolchains/XcodeDefault.xctoolchain/usr/lib/swift/iphoneos/prebuilt-modules/26.5/System.swiftmodule/arm64e-apple-ios.swiftmodule /Applications/Xcode_26.6.app/Contents/Developer/Toolchains/XcodeDefault.xctoolchain/usr/lib/swift/iphoneos/prebuilt-modules/26.5/Accessibility.swiftmodule/arm64e-apple-ios.swiftmodule /Applications/Xcode_26.6.app/Contents/Developer/Toolchains/XcodeDefault.xctoolchain/usr/lib/swift/iphoneos/prebuilt-modules/26.5/_Builtin_float.swiftmodule/arm64e-apple-ios.swiftmodule /Applications/Xcode_26.6.app/Contents/Developer/Toolchains/XcodeDefault.xctoolchain/usr/lib/swift/iphoneos/prebuilt-modules/26.5/Spatial.swiftmodule/arm64e-apple-ios.swiftmodule /Applications/Xcode_26.6.app/Contents/Developer/Toolchains/XcodeDefault.xctoolchain/usr/lib/swift/iphoneos/prebuilt-modules/26.5/_DarwinFoundation3.swiftmodule/arm64e-apple-ios.swiftmodule /Applications/Xcode_26.6.app/Contents/Developer/Toolchains/XcodeDefault.xctoolchain/usr/lib/swift/iphoneos/prebuilt-modules/26.5/ObjectiveC.swiftmodule/arm64e-apple-ios.swiftmodule /Applications/Xcode_26.6.app/Contents/Developer/Toolchains/XcodeDefault.xctoolchain/usr/lib/swift/iphoneos/prebuilt-modules/26.5/SwiftUI.swiftmodule/arm64e-apple-ios.swiftmodule /Applications/Xcode_26.6.app/Contents/Developer/Toolchains/XcodeDefault.xctoolchain/usr/lib/swift/iphoneos/prebuilt-modules/26.5/Metal.swiftmodule/arm64e-apple-ios.swiftmodule /Applications/Xcode_26.6.app/Contents/Developer/Toolchains/XcodeDefault.xctoolchain/usr/lib/swift/iphoneos/prebuilt-modules/26.5/Dispatch.swiftmodule/arm64e-apple-ios.swiftmodule /Applications/Xcode_26.6.app/Contents/Developer/Toolchains/XcodeDefault.xctoolchain/usr/lib/swift/iphoneos/prebuilt-modules/26.5/UIKit.swiftmodule/arm64e-apple-ios.swiftmodule /Applications/Xcode_26.6.app/Contents/Developer/Toolchains/XcodeDefault.xctoolchain/usr/lib/swift/iphoneos/prebuilt-modules/26.5/OSLog.swiftmodule/arm64e-apple-ios.swiftmodule /Applications/Xcode_26.6.app/Contents/Developer/Toolchains/XcodeDefault.xctoolchain/usr/lib/swift/iphoneos/prebuilt-modules/26.5/CoreFoundation.swiftmodule/arm64e-apple-ios.swiftmodule /Applications/Xcode_26.6.app/Contents/Developer/Toolchains/XcodeDefault.xctoolchain/usr/lib/swift/iphoneos/prebuilt-modules/26.5/CoreLocation.swiftmodule/arm64e-apple-ios.swiftmodule /Applications/Xcode_26.6.app/Contents/Developer/Toolchains/XcodeDefault.xctoolchain/usr/lib/swift/iphoneos/prebuilt-modules/26.5/DeveloperToolsSupport.swiftmodule/arm64e-apple-ios.swiftmodule /Applications/Xcode_26.6.app/Contents/Developer/Toolchains/XcodeDefault.xctoolchain/usr/lib/swift/iphoneos/prebuilt-modules/26.5/SwiftData.swiftmodule/arm64e-apple-ios.swiftmodule /Applications/Xcode_26.6.app/Contents/Developer/Toolchains/XcodeDefault.xctoolchain/usr/lib/swift/iphoneos/prebuilt-modules/26.5/CoreGraphics.swiftmodule/arm64e-apple-ios.swiftmodule /Applications/Xcode_26.6.app/Contents/Developer/Toolchains/XcodeDefault.xctoolchain/usr/lib/swift/iphoneos/prebuilt-modules/26.5/CoreText.swiftmodule/arm64e-apple-ios.swiftmodule /Applications/Xcode_26.6.app/Contents/Developer/Toolchains/XcodeDefault.xctoolchain/usr/lib/swift/iphoneos/prebuilt-modules/26.5/CoreVideo.swiftmodule/arm64e-apple-ios.swiftmodule /Applications/Xcode_26.6.app/Contents/Developer/Toolchains/XcodeDefault.xctoolchain/usr/lib/swift/iphoneos/prebuilt-modules/26.5/RelevanceKit.swiftmodule/arm64e-apple-ios.swiftmodule /Applications/Xcode_26.6.app/Contents/Developer/Toolchains/XcodeDefault.xctoolchain/usr/lib/swift/iphoneos/prebuilt-modules/26.5/Darwin.swiftmodule/arm64e-apple-ios.swiftmodule /Applications/Xcode_26.6.app/Contents/Developer/Toolchains/XcodeDefault.xctoolchain/usr/lib/swift/iphoneos/prebuilt-modules/26.5/Symbols.swiftmodule/arm64e-apple-ios.swiftmodule /Applications/Xcode_26.6.app/Contents/Developer/Toolchains/XcodeDefault.xctoolchain/usr/lib/swift/iphoneos/prebuilt-modules/26.5/DataDetection.swiftmodule/arm64e-apple-ios.swiftmodule /Applications/Xcode_26.6.app/Contents/Developer/Toolchains/XcodeDefault.xctoolchain/usr/lib/swift/iphoneos/prebuilt-modules/26.5/Foundation.swiftmodule/arm64e-apple-ios.swiftmodule /Users/runner/work/Tagesplaner/Tagesplaner/DerivedData/Build/Products/Release-iphoneos/PlannerCore.swiftmodule/arm64-apple-ios.swiftmodule /Applications/Xcode_26.6.app/Contents/Developer/Toolchains/XcodeDefault.xctoolchain/usr/lib/swift/iphoneos/prebuilt-modules/26.5/CoreImage.swiftmodule/arm64e-apple-ios.swiftmodule /Applications/Xcode_26.6.app/Contents/Developer/Toolchains/XcodeDefault.xctoolchain/usr/lib/swift/iphoneos/prebuilt-modules/26.5/CoreTransferable.swiftmodule/arm64e-apple-ios.swiftmodule /Applications/Xcode_26.6.app/Contents/Developer/Toolchains/XcodeDefault.xctoolchain/usr/lib/swift/iphoneos/prebuilt-modules/26.5/Intents.swiftmodule/arm64e-apple-ios.swiftmodule /Applications/Xcode_26.6.app/Contents/Developer/Toolchains/XcodeDefault.xctoolchain/usr/lib/swift/iphoneos/prebuilt-modules/26.5/Observation.swiftmodule/arm64e-apple-ios.swiftmodule /Applications/Xcode_26.6.app/Contents/Developer/Toolchains/XcodeDefault.xctoolchain/usr/lib/swift/iphoneos/prebuilt-modules/26.5/os.swiftmodule/arm64e-apple-ios.swiftmodule /Applications/Xcode_26.6.app/Contents/Developer/Toolchains/XcodeDefault.xctoolchain/usr/lib/swift/iphoneos/prebuilt-modules/26.5/_DarwinFoundation2.swiftmodule/arm64e-apple-ios.swiftmodule /Applications/Xcode_26.6.app/Contents/Developer/Toolchains/XcodeDefault.xctoolchain/usr/lib/swift/iphoneos/prebuilt-modules/26.5/UniformTypeIdentifiers.swiftmodule/arm64e-apple-ios.swiftmodule /Applications/Xcode_26.6.app/Contents/Developer/Toolchains/XcodeDefault.xctoolchain/usr/lib/swift/iphoneos/prebuilt-modules/26.5/AppIntents.swiftmodule/arm64e-apple-ios.swiftmodule /Applications/Xcode_26.6.app/Contents/Developer/Toolchains/XcodeDefault.xctoolchain/usr/lib/swift/iphoneos/prebuilt-modules/26.5/_DarwinFoundation1.swiftmodule/arm64e-apple-ios.swiftmodule /Applications/Xcode_26.6.app/Contents/Developer/Toolchains/XcodeDefault.xctoolchain/usr/lib/swift/iphoneos/prebuilt-modules/26.5/CoreData.swiftmodule/arm64e-apple-ios.swiftmodule /Applications/Xcode_26.6.app/Contents/Developer/Toolchains/XcodeDefault.xctoolchain/usr/lib/swift/iphoneos/prebuilt-modules/26.5/Combine.swiftmodule/arm64e-apple-ios.swiftmodule /Applications/Xcode_26.6.app/Contents/Developer/Toolchains/XcodeDefault.xctoolchain/usr/lib/swift/iphoneos/prebuilt-modules/26.5/Swift.swiftmodule/arm64e-apple-ios.swiftmodule /Applications/Xcode_26.6.app/Contents/Developer/Toolchains/XcodeDefault.xctoolchain/usr/lib/swift/iphoneos/prebuilt-modules/26.5/ActivityKit.swiftmodule/arm64e-apple-ios.swiftmodule /Applications/Xcode_26.6.app/Contents/Developer/Toolchains/XcodeDefault.xctoolchain/usr/lib/swift/iphoneos/prebuilt-modules/26.5/QuartzCore.swiftmodule/arm64e-apple-ios.swiftmodule /Applications/Xcode_26.6.app/Contents/Developer/Toolchains/XcodeDefault.xctoolchain/usr/lib/swift/iphoneos/prebuilt-modules/26.5/EventKit.swiftmodule/arm64e-apple-ios.swiftmodule /Applications/Xcode_26.6.app/Contents/Developer/Toolchains/XcodeDefault.xctoolchain/usr/lib/swift/iphoneos/prebuilt-modules/26.5/Network.swiftmodule/arm64e-apple-ios.swiftmodule /Applications/Xcode_26.6.app/Contents/Developer/Toolchains/XcodeDefault.xctoolchain/usr/lib/swift/iphoneos/prebuilt-modules/26.5/_Concurrency.swiftmodule/arm64e-apple-ios.swiftmodule /Applications/Xcode_26.6.app/Contents/Developer/Toolchains/XcodeDefault.xctoolchain/usr/lib/swift/iphoneos/prebuilt-modules/26.5/_StringProcessing.swiftmodule/arm64e-apple-ios.swiftmodule /Applications/Xcode_26.6.app/Contents/Developer/Toolchains/XcodeDefault.xctoolchain/usr/lib/swift/iphoneos/prebuilt-modules/26.5/XPC.swiftmodule/arm64e-apple-ios.swiftmodule /Users/runner/work/Tagesplaner/Tagesplaner/DerivedData/ModuleCache.noindex/Dispatch-6RP0WBAL4YGLEA56C4UJ0PSJ8.pcm /Users/runner/work/Tagesplaner/Tagesplaner/DerivedData/ModuleCache.noindex/CoreData-7W105OWOA2LBT4DLQQSYWKBKK.pcm /Users/runner/work/Tagesplaner/Tagesplaner/DerivedData/ModuleCache.noindex/CoreText-CZD44MZJA1II2NZO9PP20HWED.pcm /Users/runner/work/Tagesplaner/Tagesplaner/DerivedData/ModuleCache.noindex/Spatial-CX3WHGU36EF1Y51SBWD7TEI86.pcm /Users/runner/work/Tagesplaner/Tagesplaner/DerivedData/ModuleCache.noindex/_DarwinFoundation1-79WRKDNT15W3WVPYJ9HU3EU6G.pcm /Users/runner/work/Tagesplaner/Tagesplaner/DerivedData/ModuleCache.noindex/IOSurface-PL0ITXN99AB6FCWWOGKTTGKE.pcm /Users/runner/work/Tagesplaner/Tagesplaner/DerivedData/ModuleCache.noindex/_Builtin_stdatomic-C75S4CKOT0PPNZCPQ71D0V1AS.pcm /Users/runner/work/Tagesplaner/Tagesplaner/DerivedData/ModuleCache.noindex/os-3OLSBUOAJZ3PAZKVL1ZLY890R.pcm /Users/runner/work/Tagesplaner/Tagesplaner/DerivedData/ModuleCache.noindex/_Builtin_inttypes-82BFOSF24TKMRISI3DZQDRL32.pcm /Users/runner/work/Tagesplaner/Tagesplaner/DerivedData/ModuleCache.noindex/_Builtin_limits-EX5KOEYJZUHD38VK9TTLA43BA.pcm /Users/runner/work/Tagesplaner/Tagesplaner/DerivedData/ModuleCache.noindex/Accessibility-4P3TSGW42HESQU9LOYGOWQG5S.pcm /Users/runner/work/Tagesplaner/Tagesplaner/DerivedData/ModuleCache.noindex/UIUtilities-AK1WN7I8N2KK3OGEY0H6YHC8B.pcm /Users/runner/work/Tagesplaner/Tagesplaner/DerivedData/ModuleCache.noindex/CoreFoundation-C2W8V5GTZHZZBVN4KLW8ZAKJR.pcm /Users/runner/work/Tagesplaner/Tagesplaner/DerivedData/ModuleCache.noindex/ptrcheck-73J72P5VYPUYO8H9QPGV2VZEK.pcm /Users/runner/work/Tagesplaner/Tagesplaner/DerivedData/ModuleCache.noindex/_Builtin_stdint-4I3MTI688SKV3Q3URRI6AITZ6.pcm /Users/runner/work/Tagesplaner/Tagesplaner/DerivedData/ModuleCache.noindex/SwiftUI-G4TUEAO32A5BYW7RG8GR16BS.pcm /Users/runner/work/Tagesplaner/Tagesplaner/DerivedData/ModuleCache.noindex/_Builtin_float-BS1Z3KKOYE5H9W3SDY4RW2QQQ.pcm /Users/runner/work/Tagesplaner/Tagesplaner/DerivedData/ModuleCache.noindex/CoreSpotlight-3O1LEW87ZFQINSPW50YXSGOVS.pcm /Users/runner/work/Tagesplaner/Tagesplaner/DerivedData/ModuleCache.noindex/Intents-8IPQV5434XXSTNU14CIF1SFI1.pcm /Users/runner/work/Tagesplaner/Tagesplaner/DerivedData/ModuleCache.noindex/_Builtin_intrinsics-2T3KV2C32MIDNHM52XQRGXUC1.pcm /Users/runner/work/Tagesplaner/Tagesplaner/DerivedData/ModuleCache.noindex/WidgetKit-CXA8MZFRU6GC7AXK2T80YYAOL.pcm /Users/runner/work/Tagesplaner/Tagesplaner/DerivedData/ModuleCache.noindex/DataDetection-DRXKUYTTV3BMKFG5Q1VUNNA9E.pcm /Users/runner/work/Tagesplaner/Tagesplaner/DerivedData/ModuleCache.noindex/_AvailabilityInternal-CDSOWVZTJZIXI40D65GASUFZ5.pcm /Users/runner/work/Tagesplaner/Tagesplaner/DerivedData/ModuleCache.noindex/dnssd-5BOCOKJ9N2O6GYTHXY6IIU2M4.pcm /Users/runner/work/Tagesplaner/Tagesplaner/DerivedData/ModuleCache.noindex/_Builtin_stdarg-BTIVRK2BYJQQN4LGV4PO00L4M.pcm /Users/runner/work/Tagesplaner/Tagesplaner/DerivedData/ModuleCache.noindex/AddressBook-CWKWVN5N8SUP8XMY819YZH2U0.pcm /Users/runner/work/Tagesplaner/Tagesplaner/DerivedData/ModuleCache.noindex/CoreLocation-A2QPYQ3PESBBNECB9K8LOHWN3.pcm /Users/runner/work/Tagesplaner/Tagesplaner/DerivedData/ModuleCache.noindex/CFNetwork-EMKSX233CDK8FFG7IMPZCDXIY.pcm /Users/runner/work/Tagesplaner/Tagesplaner/DerivedData/ModuleCache.noindex/os_workgroup-6OA2ZNZBEQJKX8IW6WDUBCT80.pcm /Users/runner/work/Tagesplaner/Tagesplaner/DerivedData/ModuleCache.noindex/XPC-8ZCYVSPR596O95WD91X0DJYQN.pcm /Users/runner/work/Tagesplaner/Tagesplaner/DerivedData/ModuleCache.noindex/MachO-F2I5W9YP9URBZA71E6SNFDGH5.pcm /Users/runner/work/Tagesplaner/Tagesplaner/DerivedData/ModuleCache.noindex/_Builtin_stddef-184JD93C926VDS08I8VTUXBXM.pcm /Users/runner/work/Tagesplaner/Tagesplaner/DerivedData/ModuleCache.noindex/_Builtin_tgmath-DE9XKTWO9PHFAFGBG7FB7DKGP.pcm /Users/runner/work/Tagesplaner/Tagesplaner/DerivedData/ModuleCache.noindex/_SwiftConcurrencyShims-8HQXOGNP1DCGC13CI6TGWXSMV.pcm /Users/runner/work/Tagesplaner/Tagesplaner/DerivedData/ModuleCache.noindex/CoreTransferable-14LWFMFKIPO3VRBBJ7T0G9A8C.pcm /Users/runner/work/Tagesplaner/Tagesplaner/DerivedData/ModuleCache.noindex/Foundation-3AI429EJS6GRUCQ9VLFUK4VKM.pcm /Users/runner/work/Tagesplaner/Tagesplaner/DerivedData/ModuleCache.noindex/simd-46Z32COEREBB1IM5OI690RA91.pcm /Users/runner/work/Tagesplaner/Tagesplaner/DerivedData/ModuleCache.noindex/_LocationEssentials-2YCM0GNQU146FQBSGBKPF6162.pcm /Users/runner/work/Tagesplaner/Tagesplaner/DerivedData/ModuleCache.noindex/Security-A7YNQSSP6RQYSN18E6CTBENS2.pcm /Users/runner/work/Tagesplaner/Tagesplaner/DerivedData/ModuleCache.noindex/_DarwinFoundation2-9851D76WPR3GO9N9S1BZSW4S1.pcm /Users/runner/work/Tagesplaner/Tagesplaner/DerivedData/ModuleCache.noindex/Network-8RSAX1X9OUVDYBGWG2IQXR746.pcm /Users/runner/work/Tagesplaner/Tagesplaner/DerivedData/ModuleCache.noindex/ObjectiveC-D6VBKD5KS55PBX69835BPDGKP.pcm /Users/runner/work/Tagesplaner/Tagesplaner/DerivedData/ModuleCache.noindex/RelevanceKit-2F0FNYBU0V51LTAU7BUADKQRR.pcm /Users/runner/work/Tagesplaner/Tagesplaner/DerivedData/ModuleCache.noindex/Metal-6UEIO9214H0FN1HBFS9OD0VWU.pcm /Users/runner/work/Tagesplaner/Tagesplaner/DerivedData/ModuleCache.noindex/CoreVideo-3A27QEYQXNZ9K3FS7RGSGNE3.pcm /Users/runner/work/Tagesplaner/Tagesplaner/DerivedData/ModuleCache.noindex/_Builtin_stdbool-1AM73Q35K1M4Y3IA60QO0RYN5.pcm /Users/runner/work/Tagesplaner/Tagesplaner/DerivedData/ModuleCache.noindex/UserNotifications-AQ2O477CLAEQBPTKH2F4LW9F.pcm /Users/runner/work/Tagesplaner/Tagesplaner/DerivedData/ModuleCache.noindex/SwiftShims-3T99EWRLH2VOIJ4BSWJLZDA05.pcm /Users/runner/work/Tagesplaner/Tagesplaner/DerivedData/ModuleCache.noindex/SwiftUICore-CIVY4QUJBO528867MC0S32Y29.pcm /Users/runner/work/Tagesplaner/Tagesplaner/DerivedData/ModuleCache.noindex/QuartzCore-C8MAV9EBQ7PYST9QZ7WG0X2L9.pcm /Users/runner/work/Tagesplaner/Tagesplaner/DerivedData/ModuleCache.noindex/FileProvider-359IHDY8FGK885SWQZQC6ZZOG.pcm /Users/runner/work/Tagesplaner/Tagesplaner/DerivedData/ModuleCache.noindex/sys_types-CDO1X583G3KCY9037YQ44WUVK.pcm /Users/runner/work/Tagesplaner/Tagesplaner/DerivedData/ModuleCache.noindex/DeveloperToolsSupport-7K3PW6TH1XL9DVGL8OL7937UX.pcm /Users/runner/work/Tagesplaner/Tagesplaner/DerivedData/ModuleCache.noindex/ImageIO-DS3C6P0IO1601TTKTGFZQXCVG.pcm /Users/runner/work/Tagesplaner/Tagesplaner/DerivedData/ModuleCache.noindex/OpenGLES-6SCN01NL6RP8L08DOZJOC04DP.pcm /Users/runner/work/Tagesplaner/Tagesplaner/DerivedData/ModuleCache.noindex/EventKit-4TDU6DUITMJEXOLTTKVFCCKT5.pcm /Users/runner/work/Tagesplaner/Tagesplaner/DerivedData/ModuleCache.noindex/_DarwinFoundation3-42JD34I612HI8J0MNEHEAII4.pcm /Users/runner/work/Tagesplaner/Tagesplaner/DerivedData/ModuleCache.noindex/Darwin-DE0ONRNT97YVCE2VOWMH4J4BP.pcm /Users/runner/work/Tagesplaner/Tagesplaner/DerivedData/ModuleCache.noindex/UniformTypeIdentifiers-1M24J02SJ9O04G66X37F7AMSQ.pcm /Users/runner/work/Tagesplaner/Tagesplaner/DerivedData/ModuleCache.noindex/CoreGraphics-6FGANSV3RMZTT63ICCEKP24QM.pcm /Users/runner/work/Tagesplaner/Tagesplaner/DerivedData/ModuleCache.noindex/os_object-8PLZ0YCC5XI5HZVGH603A7IBL.pcm /Users/runner/work/Tagesplaner/Tagesplaner/DerivedData/ModuleCache.noindex/ExtensionFoundation-ANRBIF7E9UV4AU22FHX2QF4VZ.pcm /Users/runner/work/Tagesplaner/Tagesplaner/DerivedData/ModuleCache.noindex/ptrauth-CZ4P5UM3YZ2V8X3BER3XDNJG.pcm /Users/runner/work/Tagesplaner/Tagesplaner/DerivedData/ModuleCache.noindex/ActivityKit-2M3TVLYAEU8JISMRUAPM4C73J.pcm /Users/runner/work/Tagesplaner/Tagesplaner/DerivedData/ModuleCache.noindex/OSLog-BLKPO7DV6SH60UQKQ0I8EQ45O.pcm /Users/runner/work/Tagesplaner/Tagesplaner/DerivedData/ModuleCache.noindex/Symbols-RAXN4LW9X2TUILIDVMKF3HWW.pcm /Users/runner/work/Tagesplaner/Tagesplaner/DerivedData/ModuleCache.noindex/AppIntents-C483RLYQU4Q4WPZJVGQOAGPUA.pcm /Users/runner/work/Tagesplaner/Tagesplaner/DerivedData/ModuleCache.noindex/UIKit-CNKEB28YHK38MJ7WASGG5TZW3.pcm /Users/runner/work/Tagesplaner/Tagesplaner/DerivedData/ModuleCache.noindex/CoreImage-5I9WT428QSADQF9XERH6JC6GR.pcm /Users/runner/work/Tagesplaner/Tagesplaner/DerivedData/Build/Intermediates.noindex/Tagesplaner.build/Release-iphoneos/Tagesplaner.build/Objects-normal/arm64/Tagesplaner-dependencies-1.json (in target 'Tagesplaner' from project 'Tagesplaner')
CompileSwift normal arm64 (in target 'Tagesplaner' from project 'Tagesplaner')
    cd /Users/runner/work/Tagesplaner/Tagesplaner
    

LinkAssetCatalog /Users/runner/work/Tagesplaner/Tagesplaner/App/Assets.xcassets (in target 'Tagesplaner' from project 'Tagesplaner')
    cd /Users/runner/work/Tagesplaner/Tagesplaner
    builtin-linkAssetCatalog --thinned /Users/runner/work/Tagesplaner/Tagesplaner/DerivedData/Build/Intermediates.noindex/Tagesplaner.build/Release-iphoneos/Tagesplaner.build/assetcatalog_output/thinned --thinned-dependencies /Users/runner/work/Tagesplaner/Tagesplaner/DerivedData/Build/Intermediates.noindex/Tagesplaner.build/Release-iphoneos/Tagesplaner.build/assetcatalog_dependencies_thinned --thinned-info-plist-content /Users/runner/work/Tagesplaner/Tagesplaner/DerivedData/Build/Intermediates.noindex/Tagesplaner.build/Release-iphoneos/Tagesplaner.build/assetcatalog_generated_info.plist_thinned --unthinned /Users/runner/work/Tagesplaner/Tagesplaner/DerivedData/Build/Intermediates.noindex/Tagesplaner.build/Release-iphoneos/Tagesplaner.build/assetcatalog_output/unthinned --unthinned-dependencies /Users/runner/work/Tagesplaner/Tagesplaner/DerivedData/Build/Intermediates.noindex/Tagesplaner.build/Release-iphoneos/Tagesplaner.build/assetcatalog_dependencies_unthinned --unthinned-info-plist-content /Users/runner/work/Tagesplaner/Tagesplaner/DerivedData/Build/Intermediates.noindex/Tagesplaner.build/Release-iphoneos/Tagesplaner.build/assetcatalog_generated_info.plist_unthinned --output /Users/runner/work/Tagesplaner/Tagesplaner/DerivedData/Build/Products/Release-iphoneos/Tagesplaner.app --plist-output /Users/runner/work/Tagesplaner/Tagesplaner/DerivedData/Build/Intermediates.noindex/Tagesplaner.build/Release-iphoneos/Tagesplaner.build/assetcatalog_generated_info.plist
note: Emplaced /Users/runner/work/Tagesplaner/Tagesplaner/DerivedData/Build/Products/Release-iphoneos/Tagesplaner.app/AppIcon60x60@2x.png (in target 'Tagesplaner' from project 'Tagesplaner')
note: Emplaced /Users/runner/work/Tagesplaner/Tagesplaner/DerivedData/Build/Products/Release-iphoneos/Tagesplaner.app/Assets.car (in target 'Tagesplaner' from project 'Tagesplaner')
note: Emplaced /Users/runner/work/Tagesplaner/Tagesplaner/DerivedData/Build/Products/Release-iphoneos/Tagesplaner.app/AppIcon76x76@2x~ipad.png (in target 'Tagesplaner' from project 'Tagesplaner')

SwiftDriverJobDiscovery normal arm64 Compiling AppGroup.swift, CalendarService.swift, DayActivityAttributes.swift, DayHeaderView.swift, DayTimelineView.swift, ItemCategory.swift, ItemEditorView.swift, LiveActivityService.swift, NotificationService.swift, Persistence.swift, PlanDayView.swift, PlanItem.swift, PlanStore.swift, PlannerIntents.swift, QuickAddView.swift, RootView.swift, ScreenshotDemo.swift, SettingsStore.swift, SettingsView.swift, SuggestionSheet.swift, TagesplanerApp.swift, TaskListView.swift, Theme.swift, TimelineBlockView.swift, WidgetSnapshot.swift, WidgetSync.swift, GeneratedAssetSymbols.swift (in target 'Tagesplaner' from project 'Tagesplaner')

SwiftDriver\ Compilation\ Requirements Tagesplaner normal arm64 com.apple.xcode.tools.swift.compiler (in target 'Tagesplaner' from project 'Tagesplaner')
    cd /Users/runner/work/Tagesplaner/Tagesplaner
    builtin-Swift-Compilation-Requirements -- /Applications/Xcode_26.6.app/Contents/Developer/Toolchains/XcodeDefault.xctoolchain/usr/bin/swiftc -module-name Tagesplaner -O -whole-module-optimization @/Users/runner/work/Tagesplaner/Tagesplaner/DerivedData/Build/Intermediates.noindex/Tagesplaner.build/Release-iphoneos/Tagesplaner.build/Objects-normal/arm64/Tagesplaner.SwiftFileList -enable-bare-slash-regex -enable-experimental-feature DebugDescriptionMacro -sdk /Applications/Xcode_26.6.app/Contents/Developer/Platforms/iPhoneOS.platform/Developer/SDKs/iPhoneOS26.5.sdk -target arm64-apple-ios17.0 -g -module-cache-path /Users/runner/work/Tagesplaner/Tagesplaner/DerivedData/ModuleCache.noindex -Xfrontend -serialize-debugging-options -swift-version 5 -I /Users/runner/work/Tagesplaner/Tagesplaner/DerivedData/Build/Products/Release-iphoneos -F /Users/runner/work/Tagesplaner/Tagesplaner/DerivedData/Build/Products/Release-iphoneos/PackageFrameworks -F /Users/runner/work/Tagesplaner/Tagesplaner/DerivedData/Build/Products/Release-iphoneos -c -num-threads 3 -Xcc -ivfsstatcache -Xcc /Users/runner/work/Tagesplaner/Tagesplaner/DerivedData/SDKStatCaches.noindex/iphoneos26.5-23F81a-688ef53f1462e2c8f657fdc38a81448fee66e23052a0157c865c76b268046726.sdkstatcache -output-file-map /Users/runner/work/Tagesplaner/Tagesplaner/DerivedData/Build/Intermediates.noindex/Tagesplaner.build/Release-iphoneos/Tagesplaner.build/Objects-normal/arm64/Tagesplaner-OutputFileMap.json -use-frontend-parseable-output -save-temps -no-color-diagnostics -explicit-module-build -module-cache-path /Users/runner/work/Tagesplaner/Tagesplaner/DerivedData/Build/Intermediates.noindex/SwiftExplicitPrecompiledModules -clang-scanner-module-cache-path /Users/runner/work/Tagesplaner/Tagesplaner/DerivedData/ModuleCache.noindex -sdk-module-cache-path /Users/runner/work/Tagesplaner/Tagesplaner/DerivedData/ModuleCache.noindex -serialize-diagnostics -emit-dependencies -emit-module -emit-module-path /Users/runner/work/Tagesplaner/Tagesplaner/DerivedData/Build/Intermediates.noindex/Tagesplaner.build/Release-iphoneos/Tagesplaner.build/Objects-normal/arm64/Tagesplaner.swiftmodule -validate-clang-modules-once -clang-build-session-file /Users/runner/work/Tagesplaner/Tagesplaner/DerivedData/ModuleCache.noindex/Session.modulevalidation -Xcc -I/Users/runner/work/Tagesplaner/Tagesplaner/DerivedData/Build/Intermediates.noindex/Tagesplaner.build/Release-iphoneos/Tagesplaner.build/swift-overrides.hmap -emit-const-values -Xfrontend -const-gather-protocols-file -Xfrontend /Users/runner/work/Tagesplaner/Tagesplaner/DerivedData/Build/Intermediates.noindex/Tagesplaner.build/Release-iphoneos/Tagesplaner.build/Objects-normal/arm64/Tagesplaner_const_extract_protocols.json -Xcc -iquote -Xcc /Users/runner/work/Tagesplaner/Tagesplaner/DerivedData/Build/Intermediates.noindex/Tagesplaner.build/Release-iphoneos/Tagesplaner.build/Tagesplaner-generated-files.hmap -Xcc -I/Users/runner/work/Tagesplaner/Tagesplaner/DerivedData/Build/Intermediates.noindex/Tagesplaner.build/Release-iphoneos/Tagesplaner.build/Tagesplaner-own-target-headers.hmap -Xcc -I/Users/runner/work/Tagesplaner/Tagesplaner/DerivedData/Build/Intermediates.noindex/Tagesplaner.build/Release-iphoneos/Tagesplaner.build/Tagesplaner-all-non-framework-target-headers.hmap -Xcc -ivfsoverlay -Xcc /Users/runner/work/Tagesplaner/Tagesplaner/DerivedData/Build/Intermediates.noindex/Tagesplaner.build/Release-iphoneos/Tagesplaner-06596a4c0479a151a4276fb9806ef9b8-VFS-iphoneos/all-product-headers.yaml -Xcc -iquote -Xcc /Users/runner/work/Tagesplaner/Tagesplaner/DerivedData/Build/Intermediates.noindex/Tagesplaner.build/Release-iphoneos/Tagesplaner.build/Tagesplaner-project-headers.hmap -Xcc -I/Users/runner/work/Tagesplaner/Tagesplaner/DerivedData/Build/Products/Release-iphoneos/include -Xcc -I/Users/runner/work/Tagesplaner/Tagesplaner/DerivedData/Build/Intermediates.noindex/Tagesplaner.build/Release-iphoneos/Tagesplaner.build/DerivedSources-normal/arm64 -Xcc -I/Users/runner/work/Tagesplaner/Tagesplaner/DerivedData/Build/Intermediates.noindex/Tagesplaner.build/Release-iphoneos/Tagesplaner.build/DerivedSources/arm64 -Xcc -I/Users/runner/work/Tagesplaner/Tagesplaner/DerivedData/Build/Intermediates.noindex/Tagesplaner.build/Release-iphoneos/Tagesplaner.build/DerivedSources -emit-objc-header -emit-objc-header-path /Users/runner/work/Tagesplaner/Tagesplaner/DerivedData/Build/Intermediates.noindex/Tagesplaner.build/Release-iphoneos/Tagesplaner.build/Objects-normal/arm64/Tagesplaner-Swift.h -working-directory /Users/runner/work/Tagesplaner/Tagesplaner -no-emit-module-separately-wmo

SwiftMergeGeneratedHeaders /Users/runner/work/Tagesplaner/Tagesplaner/DerivedData/Build/Intermediates.noindex/Tagesplaner.build/Release-iphoneos/Tagesplaner.build/DerivedSources/Tagesplaner-Swift.h /Users/runner/work/Tagesplaner/Tagesplaner/DerivedData/Build/Intermediates.noindex/Tagesplaner.build/Release-iphoneos/Tagesplaner.build/Objects-normal/arm64/Tagesplaner-Swift.h (in target 'Tagesplaner' from project 'Tagesplaner')
    cd /Users/runner/work/Tagesplaner/Tagesplaner
    builtin-swiftHeaderTool -arch arm64 /Users/runner/work/Tagesplaner/Tagesplaner/DerivedData/Build/Intermediates.noindex/Tagesplaner.build/Release-iphoneos/Tagesplaner.build/Objects-normal/arm64/Tagesplaner-Swift.h -o /Users/runner/work/Tagesplaner/Tagesplaner/DerivedData/Build/Intermediates.noindex/Tagesplaner.build/Release-iphoneos/Tagesplaner.build/DerivedSources/Tagesplaner-Swift.h

Copy /Users/runner/work/Tagesplaner/Tagesplaner/DerivedData/Build/Products/Release-iphoneos/Tagesplaner.swiftmodule/arm64-apple-ios.swiftmodule /Users/runner/work/Tagesplaner/Tagesplaner/DerivedData/Build/Intermediates.noindex/Tagesplaner.build/Release-iphoneos/Tagesplaner.build/Objects-normal/arm64/Tagesplaner.swiftmodule (in target 'Tagesplaner' from project 'Tagesplaner')
    cd /Users/runner/work/Tagesplaner/Tagesplaner
    builtin-copy -exclude .DS_Store -exclude CVS -exclude .svn -exclude .git -exclude .hg -resolve-src-symlinks -rename /Users/runner/work/Tagesplaner/Tagesplaner/DerivedData/Build/Intermediates.noindex/Tagesplaner.build/Release-iphoneos/Tagesplaner.build/Objects-normal/arm64/Tagesplaner.swiftmodule /Users/runner/work/Tagesplaner/Tagesplaner/DerivedData/Build/Products/Release-iphoneos/Tagesplaner.swiftmodule/arm64-apple-ios.swiftmodule

Copy /Users/runner/work/Tagesplaner/Tagesplaner/DerivedData/Build/Products/Release-iphoneos/Tagesplaner.swiftmodule/arm64-apple-ios.swiftdoc /Users/runner/work/Tagesplaner/Tagesplaner/DerivedData/Build/Intermediates.noindex/Tagesplaner.build/Release-iphoneos/Tagesplaner.build/Objects-normal/arm64/Tagesplaner.swiftdoc (in target 'Tagesplaner' from project 'Tagesplaner')
    cd /Users/runner/work/Tagesplaner/Tagesplaner
    builtin-copy -exclude .DS_Store -exclude CVS -exclude .svn -exclude .git -exclude .hg -resolve-src-symlinks -rename /Users/runner/work/Tagesplaner/Tagesplaner/DerivedData/Build/Intermediates.noindex/Tagesplaner.build/Release-iphoneos/Tagesplaner.build/Objects-normal/arm64/Tagesplaner.swiftdoc /Users/runner/work/Tagesplaner/Tagesplaner/DerivedData/Build/Products/Release-iphoneos/Tagesplaner.swiftmodule/arm64-apple-ios.swiftdoc

Copy /Users/runner/work/Tagesplaner/Tagesplaner/DerivedData/Build/Products/Release-iphoneos/Tagesplaner.swiftmodule/arm64-apple-ios.abi.json /Users/runner/work/Tagesplaner/Tagesplaner/DerivedData/Build/Intermediates.noindex/Tagesplaner.build/Release-iphoneos/Tagesplaner.build/Objects-normal/arm64/Tagesplaner.abi.json (in target 'Tagesplaner' from project 'Tagesplaner')
    cd /Users/runner/work/Tagesplaner/Tagesplaner
    builtin-copy -exclude .DS_Store -exclude CVS -exclude .svn -exclude .git -exclude .hg -resolve-src-symlinks -rename /Users/runner/work/Tagesplaner/Tagesplaner/DerivedData/Build/Intermediates.noindex/Tagesplaner.build/Release-iphoneos/Tagesplaner.build/Objects-normal/arm64/Tagesplaner.abi.json /Users/runner/work/Tagesplaner/Tagesplaner/DerivedData/Build/Products/Release-iphoneos/Tagesplaner.swiftmodule/arm64-apple-ios.abi.json

Copy /Users/runner/work/Tagesplaner/Tagesplaner/DerivedData/Build/Products/Release-iphoneos/Tagesplaner.swiftmodule/Project/arm64-apple-ios.swiftsourceinfo /Users/runner/work/Tagesplaner/Tagesplaner/DerivedData/Build/Intermediates.noindex/Tagesplaner.build/Release-iphoneos/Tagesplaner.build/Objects-normal/arm64/Tagesplaner.swiftsourceinfo (in target 'Tagesplaner' from project 'Tagesplaner')
    cd /Users/runner/work/Tagesplaner/Tagesplaner
    builtin-copy -exclude .DS_Store -exclude CVS -exclude .svn -exclude .git -exclude .hg -resolve-src-symlinks -rename /Users/runner/work/Tagesplaner/Tagesplaner/DerivedData/Build/Intermediates.noindex/Tagesplaner.build/Release-iphoneos/Tagesplaner.build/Objects-normal/arm64/Tagesplaner.swiftsourceinfo /Users/runner/work/Tagesplaner/Tagesplaner/DerivedData/Build/Products/Release-iphoneos/Tagesplaner.swiftmodule/Project/arm64-apple-ios.swiftsourceinfo

Ld /Users/runner/work/Tagesplaner/Tagesplaner/DerivedData/Build/Products/Release-iphoneos/Tagesplaner.app/Tagesplaner normal (in target 'Tagesplaner' from project 'Tagesplaner')
    cd /Users/runner/work/Tagesplaner/Tagesplaner
    /Applications/Xcode_26.6.app/Contents/Developer/Toolchains/XcodeDefault.xctoolchain/usr/bin/clang -Xlinker -reproducible -target arm64-apple-ios17.0 -isysroot /Applications/Xcode_26.6.app/Contents/Developer/Platforms/iPhoneOS.platform/Developer/SDKs/iPhoneOS26.5.sdk -Os -L/Users/runner/work/Tagesplaner/Tagesplaner/DerivedData/Build/Intermediates.noindex/EagerLinkingTBDs/Release-iphoneos -L/Users/runner/work/Tagesplaner/Tagesplaner/DerivedData/Build/Products/Release-iphoneos -F/Users/runner/work/Tagesplaner/Tagesplaner/DerivedData/Build/Intermediates.noindex/EagerLinkingTBDs/Release-iphoneos -F/Users/runner/work/Tagesplaner/Tagesplaner/DerivedData/Build/Products/Release-iphoneos/PackageFrameworks -F/Users/runner/work/Tagesplaner/Tagesplaner/DerivedData/Build/Products/Release-iphoneos -filelist /Users/runner/work/Tagesplaner/Tagesplaner/DerivedData/Build/Intermediates.noindex/Tagesplaner.build/Release-iphoneos/Tagesplaner.build/Objects-normal/arm64/Tagesplaner.LinkFileList -Xlinker -rpath -Xlinker /usr/lib/swift -Xlinker -rpath -Xlinker @executable_path/Frameworks -Xlinker -dead_strip -Xlinker -object_path_lto -Xlinker /Users/runner/work/Tagesplaner/Tagesplaner/DerivedData/Build/Intermediates.noindex/Tagesplaner.build/Release-iphoneos/Tagesplaner.build/Objects-normal/arm64/Tagesplaner_lto.o -Xlinker -dependency_info -Xlinker /Users/runner/work/Tagesplaner/Tagesplaner/DerivedData/Build/Intermediates.noindex/Tagesplaner.build/Release-iphoneos/Tagesplaner.build/Objects-normal/arm64/Tagesplaner_dependency_info.dat -fobjc-link-runtime -L/Applications/Xcode_26.6.app/Contents/Developer/Toolchains/XcodeDefault.xctoolchain/usr/lib/swift/iphoneos -L/usr/lib/swift -Xlinker -add_ast_path -Xlinker /Users/runner/work/Tagesplaner/Tagesplaner/DerivedData/Build/Intermediates.noindex/Tagesplaner.build/Release-iphoneos/Tagesplaner.build/Objects-normal/arm64/Tagesplaner.swiftmodule @/Users/runner/work/Tagesplaner/Tagesplaner/DerivedData/Build/Intermediates.noindex/Tagesplaner.build/Release-iphoneos/Tagesplaner.build/Objects-normal/arm64/Tagesplaner-linker-args.resp -Wl,-no_warn_duplicate_libraries -o /Users/runner/work/Tagesplaner/Tagesplaner/DerivedData/Build/Products/Release-iphoneos/Tagesplaner.app/Tagesplaner -Xlinker -add_ast_path -Xlinker /Users/runner/work/Tagesplaner/Tagesplaner/DerivedData/Build/Intermediates.noindex/PlannerCore.build/Release-iphoneos/PlannerCore.build/Objects-normal/arm64/PlannerCore.swiftmodule @/Users/runner/work/Tagesplaner/Tagesplaner/DerivedData/Build/Intermediates.noindex/PlannerCore.build/Release-iphoneos/PlannerCore.build/Objects-normal/arm64/PlannerCore-linker-args.resp

Copy /Users/runner/work/Tagesplaner/Tagesplaner/DerivedData/Build/Products/Release-iphoneos/Tagesplaner.app/PlugIns/TagesplanerWidgets.appex /Users/runner/work/Tagesplaner/Tagesplaner/DerivedData/Build/Products/Release-iphoneos/TagesplanerWidgets.appex (in target 'Tagesplaner' from project 'Tagesplaner')
    cd /Users/runner/work/Tagesplaner/Tagesplaner
    builtin-copy -exclude .DS_Store -exclude CVS -exclude .svn -exclude .git -exclude .hg -exclude Headers -exclude PrivateHeaders -exclude Modules -exclude \*.tbd -resolve-src-symlinks -remove-static-executable /Users/runner/work/Tagesplaner/Tagesplaner/DerivedData/Build/Products/Release-iphoneos/TagesplanerWidgets.appex /Users/runner/work/Tagesplaner/Tagesplaner/DerivedData/Build/Products/Release-iphoneos/Tagesplaner.app/PlugIns

ProcessInfoPlistFile /Users/runner/work/Tagesplaner/Tagesplaner/DerivedData/Build/Products/Release-iphoneos/Tagesplaner.app/Info.plist /Users/runner/work/Tagesplaner/Tagesplaner/App/Info.plist (in target 'Tagesplaner' from project 'Tagesplaner')
    cd /Users/runner/work/Tagesplaner/Tagesplaner
    builtin-infoPlistUtility /Users/runner/work/Tagesplaner/Tagesplaner/App/Info.plist -producttype com.apple.product-type.application -genpkginfo /Users/runner/work/Tagesplaner/Tagesplaner/DerivedData/Build/Products/Release-iphoneos/Tagesplaner.app/PkgInfo -expandbuildsettings -format binary -platform iphoneos -additionalcontentfile /Users/runner/work/Tagesplaner/Tagesplaner/DerivedData/Build/Intermediates.noindex/Tagesplaner.build/Release-iphoneos/Tagesplaner.build/assetcatalog_generated_info.plist -scanforprivacyfile /Users/runner/work/Tagesplaner/Tagesplaner/DerivedData/Build/Products/Release-iphoneos/Tagesplaner.app/PlugIns/TagesplanerWidgets.appex -requiredArchitecture arm64 -o /Users/runner/work/Tagesplaner/Tagesplaner/DerivedData/Build/Products/Release-iphoneos/Tagesplaner.app/Info.plist

ExtractAppIntentsMetadata (in target 'Tagesplaner' from project 'Tagesplaner')
    cd /Users/runner/work/Tagesplaner/Tagesplaner
    /Applications/Xcode_26.6.app/Contents/Developer/Toolchains/XcodeDefault.xctoolchain/usr/bin/appintentsmetadataprocessor --toolchain-dir /var/run/com.apple.security.cryptexd/mnt/com.apple.MobileAsset.MetalToolchain-v17.6.109.0.qq6bwr/Metal.xctoolchain --module-name Tagesplaner --sdk-root /Applications/Xcode_26.6.app/Contents/Developer/Platforms/iPhoneOS.platform/Developer/SDKs/iPhoneOS26.5.sdk --xcode-version 17F113 --platform-family iOS --deployment-target 17.0 --bundle-identifier de.maxkamprath.tagesplaner --output /Users/runner/work/Tagesplaner/Tagesplaner/DerivedData/Build/Products/Release-iphoneos/Tagesplaner.app --target-triple arm64-apple-ios17.0 --binary-file /Users/runner/work/Tagesplaner/Tagesplaner/DerivedData/Build/Products/Release-iphoneos/Tagesplaner.app/Tagesplaner --dependency-file /Users/runner/work/Tagesplaner/Tagesplaner/DerivedData/Build/Intermediates.noindex/Tagesplaner.build/Release-iphoneos/Tagesplaner.build/Objects-normal/arm64/Tagesplaner_dependency_info.dat --stringsdata-file /Users/runner/work/Tagesplaner/Tagesplaner/DerivedData/Build/Intermediates.noindex/Tagesplaner.build/Release-iphoneos/Tagesplaner.build/Objects-normal/arm64/ExtractedAppShortcutsMetadata.stringsdata --source-file-list /Users/runner/work/Tagesplaner/Tagesplaner/DerivedData/Build/Intermediates.noindex/Tagesplaner.build/Release-iphoneos/Tagesplaner.build/Objects-normal/arm64/Tagesplaner.SwiftFileList --metadata-file-list /Users/runner/work/Tagesplaner/Tagesplaner/DerivedData/Build/Intermediates.noindex/Tagesplaner.build/Release-iphoneos/Tagesplaner.build/Tagesplaner.DependencyMetadataFileList --static-metadata-file-list /Users/runner/work/Tagesplaner/Tagesplaner/DerivedData/Build/Intermediates.noindex/Tagesplaner.build/Release-iphoneos/Tagesplaner.build/Tagesplaner.DependencyStaticMetadataFileList --swift-const-vals-list /Users/runner/work/Tagesplaner/Tagesplaner/DerivedData/Build/Intermediates.noindex/Tagesplaner.build/Release-iphoneos/Tagesplaner.build/Objects-normal/arm64/Tagesplaner.SwiftConstValuesFileList --compile-time-extraction --deployment-aware-processing --validate-assistant-intents --no-app-shortcuts-localization
2026-10-04 21:31:52.084 appintentsmetadataprocessor[4413:17309] Starting appintentsmetadataprocessor export
2026-10-04 21:31:52.168 appintentsmetadataprocessor[4413:17309] Writing Metadata.appintents
2026-10-04 21:31:52.168 appintentsmetadataprocessor[4413:17309] Metadata root: /Users/runner/work/Tagesplaner/Tagesplaner/DerivedData/Build/Products/Release-iphoneos/Tagesplaner.app/Metadata.appintents

CopySwiftLibs /Users/runner/work/Tagesplaner/Tagesplaner/DerivedData/Build/Products/Release-iphoneos/Tagesplaner.app (in target 'Tagesplaner' from project 'Tagesplaner')
    cd /Users/runner/work/Tagesplaner/Tagesplaner
    builtin-swiftStdLibTool --copy --verbose --scan-executable /Users/runner/work/Tagesplaner/Tagesplaner/DerivedData/Build/Products/Release-iphoneos/Tagesplaner.app/Tagesplaner --scan-folder /Users/runner/work/Tagesplaner/Tagesplaner/DerivedData/Build/Products/Release-iphoneos/Tagesplaner.app/Frameworks --scan-folder /Users/runner/work/Tagesplaner/Tagesplaner/DerivedData/Build/Products/Release-iphoneos/Tagesplaner.app/PlugIns --scan-folder /Users/runner/work/Tagesplaner/Tagesplaner/DerivedData/Build/Products/Release-iphoneos/Tagesplaner.app/SystemExtensions --scan-folder /Users/runner/work/Tagesplaner/Tagesplaner/DerivedData/Build/Products/Release-iphoneos/Tagesplaner.app/Extensions --platform iphoneos --toolchain /var/run/com.apple.security.cryptexd/mnt/com.apple.MobileAsset.MetalToolchain-v17.6.109.0.qq6bwr/Metal.xctoolchain --toolchain /Applications/Xcode_26.6.app/Contents/Developer/Toolchains/XcodeDefault.xctoolchain --destination /Users/runner/work/Tagesplaner/Tagesplaner/DerivedData/Build/Products/Release-iphoneos/Tagesplaner.app/Frameworks --strip-bitcode --strip-bitcode-tool /Applications/Xcode_26.6.app/Contents/Developer/Toolchains/XcodeDefault.xctoolchain/usr/bin/bitcode_strip --emit-dependency-info /Users/runner/work/Tagesplaner/Tagesplaner/DerivedData/Build/Intermediates.noindex/Tagesplaner.build/Release-iphoneos/Tagesplaner.build/SwiftStdLibToolInputDependencies.dep --filter-for-swift-os --back-deploy-swift-span
Ignoring --strip-bitcode because --sign was not passed

ValidateEmbeddedBinary /Users/runner/work/Tagesplaner/Tagesplaner/DerivedData/Build/Products/Release-iphoneos/Tagesplaner.app/PlugIns/TagesplanerWidgets.appex (in target 'Tagesplaner' from project 'Tagesplaner')
    cd /Users/runner/work/Tagesplaner/Tagesplaner
    /Applications/Xcode_26.6.app/Contents/Developer/usr/bin/embeddedBinaryValidationUtility /Users/runner/work/Tagesplaner/Tagesplaner/DerivedData/Build/Products/Release-iphoneos/Tagesplaner.app/PlugIns/TagesplanerWidgets.appex -info-plist-path /Users/runner/work/Tagesplaner/Tagesplaner/DerivedData/Build/Products/Release-iphoneos/Tagesplaner.app/Info.plist

GenerateDSYMFile /Users/runner/work/Tagesplaner/Tagesplaner/DerivedData/Build/Products/Release-iphoneos/Tagesplaner.app.dSYM /Users/runner/work/Tagesplaner/Tagesplaner/DerivedData/Build/Products/Release-iphoneos/Tagesplaner.app/Tagesplaner (in target 'Tagesplaner' from project 'Tagesplaner')
    cd /Users/runner/work/Tagesplaner/Tagesplaner
    /Applications/Xcode_26.6.app/Contents/Developer/Toolchains/XcodeDefault.xctoolchain/usr/bin/dsymutil /Users/runner/work/Tagesplaner/Tagesplaner/DerivedData/Build/Products/Release-iphoneos/Tagesplaner.app/Tagesplaner -o /Users/runner/work/Tagesplaner/Tagesplaner/DerivedData/Build/Products/Release-iphoneos/Tagesplaner.app.dSYM

AppIntentsSSUTraining (in target 'Tagesplaner' from project 'Tagesplaner')
    cd /Users/runner/work/Tagesplaner/Tagesplaner
    /Applications/Xcode_26.6.app/Contents/Developer/Toolchains/XcodeDefault.xctoolchain/usr/bin/appintentsnltrainingprocessor --infoplist-path /Users/runner/work/Tagesplaner/Tagesplaner/DerivedData/Build/Products/Release-iphoneos/Tagesplaner.app/Info.plist --temp-dir-path /Users/runner/work/Tagesplaner/Tagesplaner/DerivedData/Build/Intermediates.noindex/Tagesplaner.build/Release-iphoneos/Tagesplaner.build/ssu --bundle-id de.maxkamprath.tagesplaner --product-path /Users/runner/work/Tagesplaner/Tagesplaner/DerivedData/Build/Products/Release-iphoneos/Tagesplaner.app --extracted-metadata-path /Users/runner/work/Tagesplaner/Tagesplaner/DerivedData/Build/Products/Release-iphoneos/Tagesplaner.app/Metadata.appintents --metadata-file-list /Users/runner/work/Tagesplaner/Tagesplaner/DerivedData/Build/Intermediates.noindex/Tagesplaner.build/Release-iphoneos/Tagesplaner.build/Tagesplaner.DependencyMetadataFileList --source-file /Users/runner/work/Tagesplaner/Tagesplaner/DerivedData/Build/Products/Release-iphoneos/Tagesplaner.app/Info.plist --archive-ssu-assets
2026-10-04 21:31:52.235 appintentsnltrainingprocessor[4416:17316] Parsing options for appintentsnltrainingprocessor
2026-10-04 21:31:52.237 appintentsnltrainingprocessor[4416:17316] Starting AppIntents SSU YAML Generation
2026-10-04 21:31:52.260 appintentsnltrainingprocessor[4416:17316] Training 'Was steht heute an in ${+applicationName}|Mein Tag in ${+applicationName}' for de
2026-10-04 21:31:52.262 appintentsnltrainingprocessor[4416:17316] Training 'Nächster Termin in ${+applicationName}|Was kommt als Nächstes in ${+applicationName}' for de
2026-10-04 21:31:52.262 appintentsnltrainingprocessor[4416:17316] Training 'Plane etwas ein mit ${+applicationName}|Neue Aufgabe in ${+applicationName}' for de
2026-10-04 21:31:52.262 appintentsnltrainingprocessor[4416:17316] Training Negative Phrases '' for de
2026-10-04 21:31:52.262 appintentsnltrainingprocessor[4416:17316] Application name 'Tagesplaner' for de
2026-10-04 21:31:52.284 appintentsnltrainingprocessor[4416:17316] Generated AppIntents SSU YAML files in file:///Users/runner/work/Tagesplaner/Tagesplaner/DerivedData/Build/Intermediates.noindex/Tagesplaner.build/Release-iphoneos/Tagesplaner.build/ssu/
2026-10-04 21:31:52.284 appintentsnltrainingprocessor[4416:17316] Copied AppIntents SSU YAML files to file:///Users/runner/work/Tagesplaner/Tagesplaner/DerivedData/Build/Products/Release-iphoneos/Tagesplaner.app/Metadata.appintents/
Archiving all locales.
[------------------------------------------------------------] 0% archiving de[🁢🁢🁢🁢🁢🁢🁢🁢🁢🁢🁢🁢🁢🁢🁢🁢🁢🁢🁢🁢🁢🁢🁢🁢🁢🁢🁢🁢🁢🁢🁢🁢🁢🁢🁢🁢🁢🁢🁢🁢🁢🁢🁢🁢🁢🁢🁢🁢🁢🁢🁢🁢🁢🁢🁢🁢🁢🁢🁢🁢] 100% archived de[🁢🁢🁢🁢🁢🁢🁢🁢🁢🁢🁢🁢🁢🁢🁢🁢🁢🁢🁢🁢🁢🁢🁢🁢🁢🁢🁢🁢🁢🁢🁢🁢🁢🁢🁢🁢🁢🁢🁢🁢🁢🁢🁢🁢🁢🁢🁢🁢🁢🁢🁢🁢🁢🁢🁢🁢🁢🁢🁢🁢] 100% archived 1 locales/Users/runner/work/Tagesplaner/Tagesplaner/DerivedData/Build/Products/Release-iphoneos/Tagesplaner.app/Metadata.appintents/nlu
/Users/runner/work/Tagesplaner/Tagesplaner/DerivedData/Build/Products/Release-iphoneos/Tagesplaner.app/Metadata.appintents/nlu/58fee26497d717f854f46c559c29de95.version


RegisterExecutionPolicyException /Users/runner/work/Tagesplaner/Tagesplaner/DerivedData/Build/Products/Release-iphoneos/Tagesplaner.app (in target 'Tagesplaner' from project 'Tagesplaner')
    cd /Users/runner/work/Tagesplaner/Tagesplaner
    builtin-RegisterExecutionPolicyException /Users/runner/work/Tagesplaner/Tagesplaner/DerivedData/Build/Products/Release-iphoneos/Tagesplaner.app

Validate /Users/runner/work/Tagesplaner/Tagesplaner/DerivedData/Build/Products/Release-iphoneos/Tagesplaner.app (in target 'Tagesplaner' from project 'Tagesplaner')
    cd /Users/runner/work/Tagesplaner/Tagesplaner
    builtin-validationUtility /Users/runner/work/Tagesplaner/Tagesplaner/DerivedData/Build/Products/Release-iphoneos/Tagesplaner.app -shallow-bundle -infoplist-subpath Info.plist

Touch /Users/runner/work/Tagesplaner/Tagesplaner/DerivedData/Build/Products/Release-iphoneos/Tagesplaner.app (in target 'Tagesplaner' from project 'Tagesplaner')
    cd /Users/runner/work/Tagesplaner/Tagesplaner
    /usr/bin/touch -c /Users/runner/work/Tagesplaner/Tagesplaner/DerivedData/Build/Products/Release-iphoneos/Tagesplaner.app

** BUILD SUCCEEDED **

[Dict]
	[Key] com.apple.security.application-groups
	[Value]
		[Array]
			[String] group.de.maxkamprath.tagesplaner
-rw-r--r--  1 runner  staff   1.2M Oct  4 21:31 Tagesplaner.ipa
de.maxkamprath.tagesplaner
